ADM0_CODE,ADM0_NAME,CONTINENT,REGION,REG_ANNEX5,Ninput,Noutput,Nlosses
1,Afghanistan,Asia,Southern Asia,South Asia,914.0649325,633.4470071,280.6179254
2,Aksai Chin,Asia,Eastern Asia,East Asia,0,0,0
3,Albania,Europe,Southern Europe,Western Europe,0,0,0
4,Algeria,Africa,Northern Africa,West Asia & Northern Africa,0,0,0
5,American Samoa,Oceania,Polynesia,Oceania,0,0,0
6,Sudan,Africa,Northern Africa,West Asia & Northern Africa,0,0,0
7,Andorra,Europe,Southern Europe,Western Europe,0,0,0
8,Angola,Africa,Middle Africa,Sub-Saharan Africa,2256.565428,1502.872573,753.6928553
9,Anguilla,Americas,Caribbean,Central & South America,0,0,0
10,Antarctica,Antarctica,,,0,0,0
11,Antigua and Barbuda,Americas,Caribbean,Central & South America,253.37677,168.7489258,84.62784424
12,Argentina,Americas,South America,Central & South America,70153.55831,48826.87656,21326.68175
13,Armenia,Asia,Western Asia,West Asia & Northern Africa,0,0,0
14,Aruba,Americas,Caribbean,Central & South America,0,0,0
15,Arunachal Pradesh,Asia,Eastern Asia,East Asia,90.96415306,64.03876257,26.92539049
16,Ashmore and Cartier Islands,Oceania,Australia and New Zealand,Oceania,0,0,0
17,Australia,Oceania,Australia and New Zealand,Oceania,2024668.022,1449662.302,575005.7199
18,Austria,Europe,Western Europe,Western Europe,2583.607927,1746.51896,837.0889671
19,Azerbaijan,Asia,Western Asia,West Asia & Northern Africa,113839.39,75247.83712,38591.5529
20,Bahamas,Americas,Caribbean,Central & South America,9.314550357,6.203490519,3.111059837
21,Bahrain,Asia,Western Asia,West Asia & Northern Africa,98.84273124,65.33504547,33.50768577
22,Baker Island,Americas,Northern America,North America,0,0,0
23,Bangladesh,Asia,Southern Asia,South Asia,1781.974777,1234.908534,547.0662437
24,Barbados,Americas,Caribbean,Central & South America,306.7190857,204.2749127,102.444173
25,Bassas da India,Africa,Eastern Africa,Sub-Saharan Africa,0,0,0
26,Belarus,Europe,Eastern Europe,Eastern Europe,1196.133302,796.6247781,399.5085239
27,Belgium,Europe,Western Europe,Western Europe,5560.224939,3758.712058,1801.512882
28,Belize,Americas,Central America,Central & South America,174.1226512,115.9656851,58.15696614
29,Benin,Africa,Western Africa,Sub-Saharan Africa,6235.226843,4015.486037,2219.740805
30,Bermuda,Americas,Northern America,North America,0,0,0
31,Bhutan,Asia,Southern Asia,South Asia,49.21579822,34.10654787,15.10925035
32,Bird Island,Americas,Caribbean,Central & South America,0,0,0
33,Bolivia,Americas,South America,Central & South America,9431.803055,6693.750522,2738.052533
34,Bosnia and Herzegovina,Europe,Southern Europe,Western Europe,12870.54027,9434.10611,3436.43416
35,Botswana,Africa,Southern Africa,Sub-Saharan Africa,998.0785347,744.5665861,253.5119485
36,Bouvet Island,Antarctica,,,0,0,0
37,Brazil,Americas,South America,Central & South America,225496.1379,165514.1635,59981.97438
38,British Indian Ocean Territory,Africa,Eastern Africa,South Asia,0,0,0
39,British Virgin Islands,Americas,Caribbean,Central & South America,0,0,0
40,Brunei Darussalam,Asia,South-Eastern Asia,East Asia,15.10926467,10.13831665,4.970948021
41,Bulgaria,Europe,Eastern Europe,Eastern Europe,0,0,0
42,Burkina Faso,Africa,Western Africa,Sub-Saharan Africa,28442.73644,18317.12204,10125.6144
43,Burundi,Africa,Eastern Africa,Sub-Saharan Africa,1162.769545,774.4045164,388.365029
44,Cambodia,Asia,South-Eastern Asia,East Asia,130.4781352,87.55082923,42.92730594
45,Cameroon,Africa,Middle Africa,Sub-Saharan Africa,6371.575129,4243.469072,2128.106057
46,Canada,Americas,Northern America,North America,1774.946242,1306.360439,468.5858026
47,Cape Verde,Africa,Western Africa,Sub-Saharan Africa,0,0,0
48,Cayman Islands,Americas,Caribbean,Central & South America,441.9280684,294.3240984,147.60397
49,Central African Republic,Africa,Middle Africa,Sub-Saharan Africa,303.1591357,201.903985,101.2551507
50,Chad,Africa,Middle Africa,Sub-Saharan Africa,5528.828639,3682.199884,1846.628755
51,Chile,Americas,South America,Central & South America,30332.44676,22264.01572,8068.43104
52,China/India,Asia,Eastern Asia,East Asia,0,0,0
53,China,Asia,Eastern Asia,East Asia,551580.8851,388312.9384,163267.9466
54,Christmas Island,Asia,South-Eastern Asia,East Asia,0,0,0
55,Clipperton Island,Americas,Central America,Central & South America,0,0,0
56,Cocos (Keeling) Islands,Asia,South-Eastern Asia,East Asia,0,0,0
57,Colombia,Americas,South America,Central & South America,16168.65029,11474.89092,4693.759366
58,Comoros,Africa,Eastern Africa,Sub-Saharan Africa,17.40512805,11.591816,5.813312058
59,Congo,Africa,Middle Africa,Sub-Saharan Africa,141.2808561,94.09304995,47.18780615
60,Cook Islands,Oceania,Polynesia,Oceania,0,0,0
61,Costa Rica,Americas,Central America,Central & South America,43.02256854,28.65303066,14.36953787
62,Croatia,Europe,Southern Europe,Western Europe,15301.24805,11215.8149,4085.433144
63,Cuba,Americas,Caribbean,Central & South America,32360.69648,21552.22388,10808.4726
64,Cyprus,Asia,Western Asia,West Asia & Northern Africa,487.180102,322.0260486,165.1540534
65,Czech Republic,Europe,Eastern Europe,Eastern Europe,988.0275969,658.0263795,330.0012174
66,C?te d'Ivoire,Africa,Western Africa,Sub-Saharan Africa,9188.125813,5917.152939,3270.972874
67,Dem People's Rep of Korea,Asia,Eastern Asia,East Asia,702.186511,494.3392988,207.8472122
68,Democratic Republic of the Congo,Africa,Middle Africa,Sub-Saharan Africa,3057.327373,2036.179991,1021.147382
69,Denmark,Europe,Northern Europe,Western Europe,7446.173046,5331.45987,2114.713176
70,Djibouti,Africa,Eastern Africa,Sub-Saharan Africa,0,0,0
71,Dominica,Americas,Caribbean,Central & South America,13.83489418,9.214039307,4.620854874
72,Dominican Republic,Americas,Caribbean,Central & South America,3921.834527,2611.9418,1309.892727
73,Ecuador,Americas,South America,Central & South America,2036.915607,1374.918068,661.9975387
74,South Sudan,Africa,Northern Africa,West Asia & Northern Africa,0,0,0
75,El Salvador,Americas,Central America,Central & South America,128.5176794,85.59277416,42.9249052
76,Equatorial Guinea,Africa,Middle Africa,Sub-Saharan Africa,72.82239357,48.49971387,24.32267969
77,Eritrea,Africa,Eastern Africa,Sub-Saharan Africa,4987.029888,3321.361891,1665.667997
78,Estonia,Europe,Northern Europe,Western Europe,1723.781956,1165.276601,558.5053556
79,Ethiopia,Africa,Eastern Africa,Sub-Saharan Africa,116387.2673,77513.92011,38873.34715
80,Europa Island,Africa,Eastern Africa,Sub-Saharan Africa,0,0,0
81,Falkland Islands (Malvinas),Americas,South America,Central & South America,281.149147,199.5315479,81.61759918
82,Faroe Islands,Europe,Northern Europe,Western Europe,0,0,0
83,Fiji,Oceania,Melanesia,Oceania,183.701809,131.3467952,52.35501382
84,Finland,Europe,Northern Europe,Western Europe,375.654866,253.94269,121.712176
85,France,Europe,Western Europe,Western Europe,166645.616,112652.4363,53993.17967
86,French Guiana,Americas,South America,Central & South America,0.170453493,0.12097084,0.049482652
87,French Polynesia,Oceania,Polynesia,Oceania,0,0,0
88,French Southern and Antarctic Territories,Antarctica,,,0,0,0
89,Gabon,Africa,Middle Africa,Sub-Saharan Africa,199.2522605,132.7020053,66.55025528
90,Gambia,Africa,Western Africa,Sub-Saharan Africa,2188.244406,1409.229389,779.0150169
91,Gaza Strip,Asia,Western Asia,West Asia & Northern Africa,0,0,0
92,Georgia,Asia,Western Asia,West Asia & Northern Africa,5327.226505,3521.296727,1805.929778
93,Germany,Europe,Western Europe,Western Europe,70016.0557,48731.17482,21284.88088
94,Ghana,Africa,Western Africa,Sub-Saharan Africa,17176.55188,11061.69928,6114.852607
95,Gibraltar,Europe,Southern Europe,Western Europe,0,0,0
96,Glorioso Island,Africa,Eastern Africa,Sub-Saharan Africa,0,0,0
97,Greece,Europe,Southern Europe,Western Europe,0,0,0
98,Greenland,Americas,Northern America,North America,0,0,0
99,Grenada,Americas,Caribbean,Central & South America,73.75070572,49.11796997,24.63273575
100,Guadeloupe,Americas,Caribbean,Central & South America,6.69918257,4.461655655,2.237526915
101,Guam,Oceania,Micronesia,Oceania,16401.72302,11727.23188,4674.491148
102,Abyei,Africa,Northern Africa,West Asia & Northern Africa,0,0,0
103,Guatemala,Americas,Central America,Central & South America,9203.448372,6129.496662,3073.951711
104,Guernsey,Europe,Northern Europe,Western Europe,19.47553873,13.16546448,6.310074253
105,Guinea-Bissau,Africa,Western Africa,Sub-Saharan Africa,1000.134453,644.0865793,356.0478732
106,Guinea,Africa,Western Africa,Sub-Saharan Africa,3668.776202,2362.691851,1306.08435
107,Guyana,Americas,South America,Central & South America,182.0683677,129.2139179,52.85444984
108,Haiti,Americas,Caribbean,Central & South America,2952.999265,1966.69751,986.3017554
109,Heard Island and McDonald Islands,Antarctica,,,0,0,0
110,Holy See,Europe,Southern Europe,Western Europe,0,0,0
111,Honduras,Americas,Central America,Central & South America,143.269418,95.41743273,47.8519853
112,Howland Island,Americas,Northern America,North America,0,0,0
113,Hungary,Europe,Eastern Europe,Eastern Europe,35757.68418,23814.61767,11943.06651
114,Iceland,Europe,Northern Europe,Western Europe,2.697939277,1.823806839,0.874132438
115,India,Asia,Southern Asia,South Asia,692289.608,479756.7032,212532.9048
116,Indonesia,Asia,South-Eastern Asia,East Asia,20432.6802,13710.32843,6722.35177
117,Iran  (Islamic Republic of),Asia,Southern Asia,South Asia,135717.212,94052.02902,41665.18302
118,Iraq,Asia,Western Asia,West Asia & Northern Africa,20796.21262,13746.29655,7049.916067
119,Ireland,Europe,Northern Europe,Western Europe,53029.99338,34787.67559,18242.31778
120,Isle of Man,Europe,Northern Europe,Western Europe,145.2989731,98.22210327,47.07686981
121,Israel,Asia,Western Asia,West Asia & Northern Africa,1832.36659,1211.194311,621.1722798
122,Italy,Europe,Southern Europe,Western Europe,0,0,0
123,Jamaica,Americas,Caribbean,Central & South America,40.59980217,27.0394681,13.56033407
126,Japan,Asia,Eastern Asia,East Asia,46.90264883,33.0194643,13.88318453
127,Jarvis Island,Americas,Northern America,North America,0,0,0
128,Jersey,Europe,Northern Europe,Western Europe,31.07703686,21.00807617,10.06896069
129,Johnston Atoll,Americas,Northern America,North America,0,0,0
130,Jordan,Asia,Western Asia,West Asia & Northern Africa,0,0,0
131,Juan de Nova Island,Africa,Eastern Africa,Sub-Saharan Africa,0,0,0
132,Kazakhstan,Asia,Central Asia,West Asia & Northern Africa,65029.84147,45781.00785,19248.83363
133,Kenya,Africa,Eastern Africa,Sub-Saharan Africa,44985.98796,29960.66801,15025.31995
134,Kingman Reef,Americas,Northern America,North America,0,0,0
135,Kiribati,Oceania,Micronesia,Oceania,0,0,0
136,Kuril islands,Asia,Eastern Asia,East Asia,3.738880821,2.632172062,1.106708758
137,Kuwait,Asia,Western Asia,West Asia & Northern Africa,379.5645542,250.8921738,128.6723804
138,Kyrgyzstan,Asia,Central Asia,West Asia & Northern Africa,15243.19457,10731.20883,4511.985743
139,Lao People's Democratic Republic,Asia,South-Eastern Asia,East Asia,95.36093889,63.98719024,31.37374865
140,Latvia,Europe,Northern Europe,Western Europe,1850.791,1251.134715,599.6562849
141,Lebanon,Asia,Western Asia,West Asia & Northern Africa,0,0,0
142,Lesotho,Africa,Southern Africa,Sub-Saharan Africa,3384.091259,2524.532105,859.5591539
144,Liberia,Africa,Western Africa,Sub-Saharan Africa,1521.684422,979.9647434,541.7196789
145,Libya,Africa,Northern Africa,West Asia & Northern Africa,13422.42986,9368.856166,4053.57369
146,Liechtenstein,Europe,Western Europe,Western Europe,0,0,0
147,Lithuania,Europe,Northern Europe,Western Europe,1604.398207,1084.57319,519.8250175
148,Luxembourg,Europe,Western Europe,Western Europe,282.2705045,179.5240395,102.746465
149,Macau,Asia,Eastern Asia,East Asia,0,0,0
150,Madagascar,Africa,Eastern Africa,Sub-Saharan Africa,302.1934279,201.2608211,100.9326068
151,Madeira Islands,Europe,Southern Europe,Western Europe,0,0,0
152,Malawi,Africa,Eastern Africa,Sub-Saharan Africa,494.8284568,329.5557517,165.2727051
153,Malaysia,Asia,South-Eastern Asia,East Asia,962.9399256,646.1326908,316.8072348
154,Maldives,Asia,Southern Asia,South Asia,0,0,0
155,Mali,Africa,Western Africa,Sub-Saharan Africa,713.920281,459.7646553,254.1556257
156,Malta,Europe,Southern Europe,Western Europe,0,0,0
157,Marshall Islands,Oceania,Micronesia,Oceania,0,0,0
158,Martinique,Americas,Caribbean,Central & South America,246.4446321,164.1321242,82.31250788
159,Mauritania,Africa,Western Africa,Sub-Saharan Africa,1557.119326,1002.784835,554.334491
160,Mauritius,Africa,Eastern Africa,Sub-Saharan Africa,0,0,0
161,Mayotte,Africa,Eastern Africa,Sub-Saharan Africa,0.508378029,0.33857975,0.169798279
162,Mexico,Americas,Central America,Central & South America,172602.3516,114953.1661,57649.1855
163,Micronesia (Federated States of),Oceania,Micronesia,Oceania,2193.985596,1568.699688,625.2859082
164,Midway Island,Americas,Northern America,North America,0,0,0
165,"Moldova, Republic of",Europe,Eastern Europe,Eastern Europe,0,0,0
166,Monaco,Europe,Western Europe,Western Europe,0,0,0
167,Mongolia,Asia,Eastern Asia,East Asia,37122.9034,26134.52368,10988.37972
168,Montserrat,Americas,Caribbean,Central & South America,0,0,0
169,Morocco,Africa,Northern Africa,West Asia & Northern Africa,203312.6184,141560.2782,61752.34021
170,Mozambique,Africa,Eastern Africa,Sub-Saharan Africa,673.9899121,448.8772841,225.1126281
171,Myanmar,Asia,South-Eastern Asia,East Asia,2455.159914,1647.412307,807.7476063
172,Namibia,Africa,Southern Africa,Sub-Saharan Africa,317.5287445,236.8764442,80.65230029
173,Nauru,Oceania,Micronesia,Oceania,0,0,0
174,Navassa Island,Americas,Northern America,North America,0,0,0
175,Nepal,Asia,Southern Asia,South Asia,340.1665618,235.7354287,104.4311331
176,Netherlands Antilles,Americas,Caribbean,Central & South America,88.32234573,58.82268127,29.49966446
177,Netherlands,Europe,Western Europe,Western Europe,50497.94412,34136.61031,16361.3338
178,New Caledonia,Oceania,Melanesia,Oceania,35.75072415,25.5617684,10.18895575
179,New Zealand,Oceania,Australia and New Zealand,Oceania,1132696.196,809877.7961,322818.4004
180,Nicaragua,Americas,Central America,Central & South America,196.3891671,130.7951856,65.59398151
181,Niger,Africa,Western Africa,Sub-Saharan Africa,17734.56611,11421.06043,6313.505679
182,Nigeria,Africa,Western Africa,Sub-Saharan Africa,217348.8912,139972.6845,77376.20671
183,Niue,Oceania,Polynesia,Oceania,0,0,0
184,Norfolk Island,Oceania,Australia and New Zealand,Oceania,0,0,0
185,Northern Mariana Islands,Oceania,Micronesia,Oceania,9746.306519,6968.609414,2777.697104
186,Norway,Europe,Northern Europe,Western Europe,6710.557345,4536.336808,2174.220537
187,Oman,Asia,Western Asia,West Asia & Northern Africa,0,0,0
188,Pakistan,Asia,Southern Asia,South Asia,156250.9686,108281.9222,47969.04638
189,Palau,Oceania,Micronesia,Oceania,38.811203,27.75000977,11.06119324
190,Palmyra Atoll,Americas,Northern America,North America,0,0,0
191,Panama,Americas,Central America,Central & South America,1065.393909,709.5523353,355.8415737
192,Papua New Guinea,Oceania,Melanesia,Oceania,81.73948747,58.44373516,23.29575231
193,Paracel Islands,Asia,South-Eastern Asia,East Asia,0,0,0
194,Paraguay,Americas,South America,Central & South America,3402.428879,2414.703742,987.725137
195,Peru,Americas,South America,Central & South America,56318.86646,38015.23578,18303.63069
196,Philippines,Asia,South-Eastern Asia,East Asia,318.4761927,213.6975246,104.7786681
197,Pitcairn,Oceania,Polynesia,Oceania,0,0,0
198,Poland,Europe,Eastern Europe,Eastern Europe,5337.899477,3555.041053,1782.858424
199,Portugal,Europe,Southern Europe,Western Europe,37896.125,27777.85995,10118.26504
200,Puerto Rico,Americas,Caribbean,Central & South America,109.4428595,72.88894484,36.55391466
201,Qatar,Asia,Western Asia,West Asia & Northern Africa,152.1589388,100.5770618,51.58187694
202,Republic of Korea,Asia,Eastern Asia,East Asia,18.80892683,13.2414844,5.567442436
203,Romania,Europe,Eastern Europe,Eastern Europe,0,0,0
204,Russian Federation,Europe,Eastern Europe,Russian Federation,338812.2127,225648.9338,113163.2789
205,Rwanda,Africa,Eastern Africa,Sub-Saharan Africa,3573.145674,2379.715019,1193.430656
206,R?union,Africa,Eastern Africa,Sub-Saharan Africa,0,0,0
207,Saint Helena,Africa,Western Africa,Sub-Saharan Africa,0,0,0
208,Saint Kitts and Nevis,Americas,Caribbean,Central & South America,80.64659405,53.71063232,26.93596172
209,Saint Lucia,Americas,Caribbean,Central & South America,106.6063633,70.99983948,35.60652382
210,Saint Pierre et Miquelon,Americas,Northern America,Oceania,0,0,0
211,Saint Vincent and the Grenadines,Americas,Caribbean,Central & South America,2.432164602,1.619821692,0.81234291
212,Samoa,Oceania,Polynesia,Oceania,0,0,0
213,San Marino,Europe,Southern Europe,Western Europe,23.99738693,17.59008545,6.407301483
214,Sao Tome and Principe,Africa,Middle Africa,Sub-Saharan Africa,6.37265569,4.244188427,2.128467262
215,Saudi Arabia,Asia,Western Asia,West Asia & Northern Africa,6595.766946,4359.801944,2235.965002
216,Scarborough Reef,Asia,South-Eastern Asia,East Asia,0,0,0
217,Senegal,Africa,Western Africa,Sub-Saharan Africa,21800.74959,14039.68257,7761.067014
218,Senkaku Islands,Asia,Eastern Asia,East Asia,0,0,0
220,Seychelles,Africa,Eastern Africa,Sub-Saharan Africa,0,0,0
221,Sierra Leone,Africa,Western Africa,Sub-Saharan Africa,3045.188364,1961.101274,1084.08709
222,Singapore,Asia,South-Eastern Asia,East Asia,5.262746781,3.531303024,1.731443757
223,Slovakia,Europe,Eastern Europe,Eastern Europe,130.7576648,87.08460432,43.67306044
224,Slovenia,Europe,Southern Europe,Western Europe,956.9396538,701.4367529,255.5029009
225,Solomon Islands,Oceania,Melanesia,Oceania,112.7797029,80.63748852,32.14221441
226,Somalia,Africa,Eastern Africa,Sub-Saharan Africa,0,0,0
227,South Africa,Africa,Southern Africa,Sub-Saharan Africa,249754.9723,186317.2093,63437.763
228,South Georgia and the South Sandwich Islands,Antarctica,,,0,0,0
229,Spain,Europe,Southern Europe,Western Europe,592243.0936,431745.2109,160497.8826
230,Spratly Islands,Asia,South-Eastern Asia,East Asia,0,0,0
231,Sri Lanka,Asia,Southern Asia,South Asia,38.03172766,26.35598764,11.67574002
233,Suriname,Americas,South America,Central & South America,2.408916349,1.709607899,0.699308449
234,Svalbard and Jan Mayen Islands,Europe,Northern Europe,Western Europe,0,0,0
235,Swaziland,Africa,Southern Africa,Sub-Saharan Africa,78.33818591,58.44028683,19.89789908
236,Sweden,Europe,Northern Europe,Western Europe,5428.458664,3669.638065,1758.820599
237,Switzerland,Europe,Western Europe,Western Europe,3542.593838,2394.793415,1147.800423
238,Syrian Arab Republic,Asia,Western Asia,West Asia & Northern Africa,0,0,0
239,Tajikistan,Asia,Central Asia,West Asia & Northern Africa,15802.52444,11124.97708,4677.547366
240,Thailand,Asia,South-Eastern Asia,East Asia,444.0200664,297.9374673,146.0825992
241,The former Yugoslav Republic of Macedonia,Europe,Southern Europe,Western Europe,0,0,0
242,Timor-Leste,Asia,South-Eastern Asia,East Asia,517.4117135,347.1832743,170.2284392
243,Togo,Africa,Western Africa,Sub-Saharan Africa,15511.12596,9989.165023,5521.960939
244,Tokelau,Oceania,Polynesia,Oceania,0,0,0
245,Tonga,Oceania,Polynesia,Oceania,0,0,0
246,Trinidad and Tobago,Americas,Caribbean,Central & South America,136.1751776,90.69266815,45.48250942
247,Tromelin Island,Africa,Eastern Africa,Sub-Saharan Africa,0,0,0
248,Tunisia,Africa,Northern Africa,West Asia & Northern Africa,101862.2557,71099.85506,30762.40068
249,Turkey,Asia,Western Asia,West Asia & Northern Africa,47110.54302,31140.06897,15970.47405
250,Turkmenistan,Asia,Central Asia,West Asia & Northern Africa,33132.07791,23324.98266,9807.095251
251,Turks and Caicos islands,Americas,Caribbean,Central & South America,7.241760015,4.82301239,2.418747625
252,Tuvalu,Oceania,Polynesia,Oceania,0,0,0
253,Uganda,Africa,Eastern Africa,Sub-Saharan Africa,13092.48179,8719.592874,4372.88892
254,Ukraine,Europe,Eastern Europe,Eastern Europe,0,0,0
255,United Arab Emirates,Asia,Western Asia,West Asia & Northern Africa,434.4262755,287.1557678,147.2705076
256,U.K. of Great Britain and Northern Ireland,Europe,Northern Europe,Western Europe,508095.0286,343472.2396,164622.789
257,United Republic of Tanzania,Africa,Eastern Africa,Sub-Saharan Africa,18997.31534,12652.21197,6345.103369
258,United States Virgin Islands,Americas,Caribbean,Central & South America,16.58559799,11.0460083,5.539589691
259,United States of America,Americas,Northern America,North America,30176.53558,22209.93009,7966.605483
260,Uruguay,Americas,South America,Central & South America,96823.1141,72036.39637,24786.71773
261,Uzbekistan,Asia,Central Asia,West Asia & Northern Africa,74145.45773,52198.40165,21947.05608
262,Vanuatu,Oceania,Melanesia,Oceania,738.0853632,527.7310473,210.3543159
263,Venezuela,Americas,South America,Central & South America,6521.714337,4628.460593,1893.253745
264,Viet Nam,Asia,South-Eastern Asia,East Asia,1837.339961,1232.855115,604.4848457
265,Wake Island,Oceania,Micronesia,Oceania,0,0,0
266,Wallis and Futuna,Oceania,Polynesia,Oceania,0,0,0
267,West Bank,Asia,Western Asia,West Asia & Northern Africa,0,0,0
268,Western Sahara,Africa,Northern Africa,West Asia & Northern Africa,0,0,0
269,Yemen,Asia,Western Asia,West Asia & Northern Africa,21975.82609,14526.021,7449.805091
270,Zambia,Africa,Eastern Africa,Sub-Saharan Africa,375.1860515,249.8739104,125.3121411
271,Zimbabwe,Africa,Eastern Africa,Sub-Saharan Africa,5099.091941,3803.922517,1295.169424
2647,Montenegro,Europe,Southern Europe,Western Europe,0,0,0
2648,Serbia,Europe,Southern Europe,Western Europe,51044.33127,37415.49517,13628.8361
33364,Hong Kong,Asia,Eastern Asia,East Asia,116.8867275,82.28825136,34.59847619
40760,Hala'ib triangle,Africa,Northern Africa,West Asia & Northern Africa,0,0,0
40762,Ma'tan al-Sarra,Africa,Northern Africa,West Asia & Northern Africa,0,0,0
40765,Egypt,Africa,Northern Africa,West Asia & Northern Africa,18492.87565,12908.02742,5584.848229
40781,Jammu and Kashmir,Asia,Eastern Asia,East Asia,21862.41248,15391.13815,6471.274322
61013,Ilemi triangle,Africa,Northern Africa,West Asia & Northern Africa,682.3025608,476.2471985,206.0553623
74578,Azores Islands,Europe,Southern Europe,Western Europe,0,0,0
