ADM0_CODE,ADM0_NAME,CONTINENT,REGION,REG_ANNEX5,Ninput,Noutput,Nlosses,INPUT MEAT,OUTPUT MEAT,INPUT MILK,OUTPUT MILK
1,Afghanistan,Asia,Southern Asia,South Asia,443790.9611,425581.4163,18209.54476,51372.93577,33752.01799,392418.0253,391829.3984
2,Aksai Chin,Asia,Eastern Asia,East Asia,0,0,0,0,0,0,0
3,Albania,Europe,Southern Europe,Western Europe,92628.14424,85635.33717,6992.80707,13006.05792,8401.913377,79622.08632,77233.42379
4,Algeria,Africa,Northern Africa,West Asia & Northern Africa,633192.7927,619269.346,13923.44668,37334.26017,24304.60327,595858.5326,594964.7428
5,American Samoa,Oceania,Polynesia,Oceania,0,0,0,0,0,0,0
6,Sudan,Africa,Northern Africa,West Asia & Northern Africa,1994199.336,1936995.748,57203.58767,166550.8112,112088.6972,1827648.524,1824907.051
7,Andorra,Europe,Southern Europe,Western Europe,0,0,0,0,0,0,0
8,Angola,Africa,Middle Africa,Sub-Saharan Africa,0,0,0,0,0,0,0
9,Anguilla,Americas,Caribbean,Central & South America,0,0,0,0,0,0,0
10,Antarctica,Antarctica,,,0,0,0,0,0,0,0
11,Antigua and Barbuda,Americas,Caribbean,Central & South America,0,0,0,0,0,0,0
12,Argentina,Americas,South America,Central & South America,0,0,0,0,0,0,0
13,Armenia,Asia,Western Asia,West Asia & Northern Africa,3646.19439,3512.594406,133.5999844,383.0514382,254.3461526,3263.142952,3258.248253
14,Aruba,Americas,Caribbean,Central & South America,0,0,0,0,0,0,0
15,Arunachal Pradesh,Asia,Eastern Asia,East Asia,0,0,0,0,0,0,0
16,Ashmore and Cartier Islands,Oceania,Australia and New Zealand,Oceania,0,0,0,0,0,0,0
17,Australia,Oceania,Australia and New Zealand,Oceania,5169.829945,3443.106754,1726.723191,5169.829945,3443.106754,0,0
18,Austria,Europe,Western Europe,Western Europe,71389.24916,68485.26754,2903.981618,2352.790575,1519.902711,69036.45858,66965.36483
19,Azerbaijan,Asia,Western Asia,West Asia & Northern Africa,11043.96772,10143.77622,900.1915042,2641.630881,1754.042874,8402.33684,8389.733343
20,Bahamas,Americas,Caribbean,Central & South America,5495.795459,5450.74137,45.05408972,108.1068533,71.13431105,5387.688606,5379.607059
21,Bahrain,Asia,Western Asia,West Asia & Northern Africa,1048.146474,989.7522601,58.39421375,169.8714342,112.7946338,878.2750397,876.9576263
22,Baker Island,Americas,Northern America,North America,0,0,0,0,0,0,0
23,Bangladesh,Asia,Southern Asia,South Asia,96786.80368,93896.07609,2890.727583,8566.449501,5808.052855,88220.35417,88088.02324
24,Barbados,Americas,Caribbean,Central & South America,0,0,0,0,0,0,0
25,Bassas da India,Africa,Eastern Africa,Sub-Saharan Africa,0,0,0,0,0,0,0
26,Belarus,Europe,Eastern Europe,Eastern Europe,41455.22266,39673.29829,1781.924375,1661.320016,1073.212732,39793.90264,38600.08555
27,Belgium,Europe,Western Europe,Western Europe,4412.449205,4231.574523,180.8746815,149.6952497,96.7031314,4262.753955,4134.871392
28,Belize,Americas,Central America,Central & South America,0,0,0,0,0,0,0
29,Benin,Africa,Western Africa,Sub-Saharan Africa,11723.47565,11095.53168,627.943971,2017.714822,1404.329519,9705.760825,9691.202157
30,Bermuda,Americas,Northern America,North America,0,0,0,0,0,0,0
31,Bhutan,Asia,Southern Asia,South Asia,0,0,0,0,0,0,0
32,Bird Island,Americas,Caribbean,Central & South America,0,0,0,0,0,0,0
33,Bolivia,Americas,South America,Central & South America,138822.7948,129254.8303,9567.964527,28579.32931,19176.72997,110243.4655,110078.1003
34,Bosnia and Herzegovina,Europe,Southern Europe,Western Europe,0,0,0,0,0,0,0
35,Botswana,Africa,Southern Africa,Sub-Saharan Africa,24236.84628,22832.2298,1404.616481,4523.177641,3148.131645,19713.66864,19684.09816
36,Bouvet Island,Antarctica,,,0,0,0,0,0,0,0
37,Brazil,Americas,South America,Central & South America,301970.0905,271870.7468,30099.34373,90523.32336,60741.14985,211446.7672,211129.5969
38,British Indian Ocean Territory,Africa,Eastern Africa,South Asia,0,0,0,0,0,0,0
39,British Virgin Islands,Americas,Caribbean,Central & South America,0,0,0,0,0,0,0
40,Brunei Darussalam,Asia,South-Eastern Asia,East Asia,0,0,0,0,0,0,0
41,Bulgaria,Europe,Eastern Europe,Eastern Europe,55634.36434,51716.2586,3918.105743,6941.589182,4484.266604,48692.77516,47231.99199
42,Burkina Faso,Africa,Western Africa,Sub-Saharan Africa,222882.3153,220631.3083,2251.007012,6133.386765,4207.503324,216748.9285,216423.805
43,Burundi,Africa,Eastern Africa,Sub-Saharan Africa,19617.39989,19319.64324,297.7566432,930.0886393,660.3629486,18687.31125,18659.2803
44,Cambodia,Asia,South-Eastern Asia,East Asia,0,0,0,0,0,0,0
45,Cameroon,Africa,Middle Africa,Sub-Saharan Africa,224580.0346,222490.0438,2089.990722,5993.578864,4231.466731,218586.4557,218258.5771
46,Canada,Americas,Northern America,North America,0,0,0,0,0,0,0
47,Cape Verde,Africa,Western Africa,Sub-Saharan Africa,0,0,0,0,0,0,0
48,Cayman Islands,Americas,Caribbean,Central & South America,0,0,0,0,0,0,0
49,Central African Republic,Africa,Middle Africa,Sub-Saharan Africa,0,0,0,0,0,0,0
50,Chad,Africa,Middle Africa,Sub-Saharan Africa,179297.0264,175116.6919,4180.334479,12556.62589,8626.401807,166740.4005,166490.2901
51,Chile,Americas,South America,Central & South America,51551.40964,46767.21203,4784.197611,14372.12359,9643.694926,37179.28605,37123.5171
52,China/India,Asia,Eastern Asia,East Asia,0,0,0,0,0,0,0
53,China,Asia,Eastern Asia,East Asia,556097.1423,543205.6462,12891.49612,41221.71013,29102.52734,514875.4321,514103.1188
54,Christmas Island,Asia,South-Eastern Asia,East Asia,0,0,0,0,0,0,0
55,Clipperton Island,Americas,Central America,Central & South America,0,0,0,0,0,0,0
56,Cocos (Keeling) Islands,Asia,South-Eastern Asia,East Asia,0,0,0,0,0,0,0
57,Colombia,Americas,South America,Central & South America,0,0,0,0,0,0,0
58,Comoros,Africa,Eastern Africa,Sub-Saharan Africa,0,0,0,0,0,0,0
59,Congo,Africa,Middle Africa,Sub-Saharan Africa,0,0,0,0,0,0,0
60,Cook Islands,Oceania,Polynesia,Oceania,0,0,0,0,0,0,0
61,Costa Rica,Americas,Central America,Central & South America,91.95416859,85.36065428,6.593514314,17.28402525,10.80251604,74.67014334,74.55813824
62,Croatia,Europe,Southern Europe,Western Europe,26007.58769,24719.05182,1288.535866,1568.852566,1013.478761,24438.73512,23705.57306
63,Cuba,Americas,Caribbean,Central & South America,2619.195153,2578.11726,41.0778923,109.1016498,71.78888557,2510.093503,2506.328375
64,Cyprus,Asia,Western Asia,West Asia & Northern Africa,61189.60681,57335.39197,3854.21484,7733.818875,5483.277524,53455.78794,51852.11445
65,Czech Republic,Europe,Eastern Europe,Eastern Europe,19446.23813,18631.09921,815.1389242,715.2834284,462.0730936,18730.9547,18169.02611
66,C?te d'Ivoire,Africa,Western Africa,Sub-Saharan Africa,0,0,0,0,0,0,0
67,Dem People's Rep of Korea,Asia,Eastern Asia,East Asia,0,0,0,0,0,0,0
68,Democratic Republic of the Congo,Africa,Middle Africa,Sub-Saharan Africa,0,0,0,0,0,0,0
69,Denmark,Europe,Northern Europe,Western Europe,0,0,0,0,0,0,0
70,Djibouti,Africa,Eastern Africa,Sub-Saharan Africa,0,0,0,0,0,0,0
71,Dominica,Americas,Caribbean,Central & South America,0,0,0,0,0,0,0
72,Dominican Republic,Americas,Caribbean,Central & South America,0,0,0,0,0,0,0
73,Ecuador,Americas,South America,Central & South America,6156.868914,5635.743896,521.1250186,1563.022069,1048.78782,4593.846845,4586.956076
74,South Sudan,Africa,Northern Africa,West Asia & Northern Africa,1340615.42,1302159.883,38455.53675,111965.0247,75352.46243,1228650.395,1226807.42
75,El Salvador,Americas,Central America,Central & South America,0,0,0,0,0,0,0
76,Equatorial Guinea,Africa,Middle Africa,Sub-Saharan Africa,0,0,0,0,0,0,0
77,Eritrea,Africa,Eastern Africa,Sub-Saharan Africa,38275.57894,37834.36925,441.2096956,1330.316684,944.5248674,36945.26226,36889.84438
78,Estonia,Europe,Northern Europe,Western Europe,794.6325927,745.3766834,49.25590926,78.44732141,50.67696953,716.1852713,694.6997139
79,Ethiopia,Africa,Eastern Africa,Sub-Saharan Africa,173102.4378,171244.9364,1857.501371,5538.468427,3932.312682,167563.9694,167312.6237
80,Europa Island,Africa,Eastern Africa,Sub-Saharan Africa,0,0,0,0,0,0,0
81,Falkland Islands (Malvinas),Americas,South America,Central & South America,0,0,0,0,0,0,0
82,Faroe Islands,Europe,Northern Europe,Western Europe,0,0,0,0,0,0,0
83,Fiji,Oceania,Melanesia,Oceania,0,0,0,0,0,0,0
84,Finland,Europe,Northern Europe,Western Europe,0,0,0,0,0,0,0
85,France,Europe,Western Europe,Western Europe,434657.2376,416913.2112,17744.02644,14519.47515,9379.58095,420137.7625,407533.6302
86,French Guiana,Americas,South America,Central & South America,0,0,0,0,0,0,0
87,French Polynesia,Oceania,Polynesia,Oceania,0,0,0,0,0,0,0
88,French Southern and Antarctic Territories,Antarctica,,,0,0,0,0,0,0,0
89,Gabon,Africa,Middle Africa,Sub-Saharan Africa,0,0,0,0,0,0,0
90,Gambia,Africa,Western Africa,Sub-Saharan Africa,0,0,0,0,0,0,0
91,Gaza Strip,Asia,Western Asia,West Asia & Northern Africa,761.541214,729.9590906,31.58212341,91.00086975,60.4245752,670.5403442,669.5345154
92,Georgia,Asia,Western Asia,West Asia & Northern Africa,5135.340625,4701.963564,433.3770611,1272.568123,844.9852225,3862.772502,3856.978341
93,Germany,Europe,Western Europe,Western Europe,15638.88696,15067.89008,570.996879,314.2910105,203.031993,15324.59595,14864.85809
94,Ghana,Africa,Western Africa,Sub-Saharan Africa,0,0,0,0,0,0,0
95,Gibraltar,Europe,Southern Europe,Western Europe,0,0,0,0,0,0,0
96,Glorioso Island,Africa,Eastern Africa,Sub-Saharan Africa,0,0,0,0,0,0,0
97,Greece,Europe,Southern Europe,Western Europe,691966.8081,638769.592,53197.21611,100117.9405,64676.18969,591848.8676,574093.4023
98,Greenland,Americas,Northern America,North America,0,0,0,0,0,0,0
99,Grenada,Americas,Caribbean,Central & South America,0,0,0,0,0,0,0
100,Guadeloupe,Americas,Caribbean,Central & South America,0,0,0,0,0,0,0
101,Guam,Oceania,Micronesia,Oceania,0,0,0,0,0,0,0
102,Abyei,Africa,Northern Africa,West Asia & Northern Africa,3769.385547,3661.260761,108.124786,314.8101933,211.8672653,3454.575354,3449.393496
103,Guatemala,Americas,Central America,Central & South America,9670.403067,9487.195474,183.2075929,451.6787143,282.299202,9218.724352,9204.896272
104,Guernsey,Europe,Northern Europe,Western Europe,0,0,0,0,0,0,0
105,Guinea-Bissau,Africa,Western Africa,Sub-Saharan Africa,127.8557161,125.5548082,2.300907919,6.749204754,4.62995444,121.1065114,120.9248538
106,Guinea,Africa,Western Africa,Sub-Saharan Africa,59321.86295,58254.29815,1067.564799,3131.462041,2148.182933,56190.40091,56106.11522
107,Guyana,Americas,South America,Central & South America,0,0,0,0,0,0,0
108,Haiti,Americas,Caribbean,Central & South America,20169.25052,19412.36048,756.8900477,2134.027002,1404.189786,18035.22352,18008.17069
109,Heard Island and McDonald Islands,Antarctica,,,0,0,0,0,0,0,0
110,Holy See,Europe,Southern Europe,Western Europe,0,0,0,0,0,0,0
111,Honduras,Americas,Central America,Central & South America,0,0,0,0,0,0,0
112,Howland Island,Americas,Northern America,North America,0,0,0,0,0,0,0
113,Hungary,Europe,Eastern Europe,Eastern Europe,2071.304772,1944.198664,127.1061086,200.515331,129.532903,1870.789441,1814.665761
114,Iceland,Europe,Northern Europe,Western Europe,0,0,0,0,0,0,0
115,India,Asia,Southern Asia,South Asia,4107674.342,4068145.07,39529.27201,91044.3627,57540.0358,4016629.98,4010605.035
116,Indonesia,Asia,South-Eastern Asia,East Asia,354887.3776,319426.7862,35460.59136,100512.9802,65433.9503,254374.3974,253992.8359
117,Iran  (Islamic Republic of),Asia,Southern Asia,South Asia,1235945.684,1201465.358,34480.3259,95538.52285,62768.80801,1140407.161,1138696.55
118,Iraq,Asia,Western Asia,West Asia & Northern Africa,43359.58236,37125.06501,6234.517352,18443.87998,12246.73617,24915.70238,24878.32884
119,Ireland,Europe,Northern Europe,Western Europe,0,0,0,0,0,0,0
120,Isle of Man,Europe,Northern Europe,Western Europe,0,0,0,0,0,0,0
121,Israel,Asia,Western Asia,West Asia & Northern Africa,24361.99334,23408.47536,953.517975,727.6410446,483.1536482,23634.35229,22925.32171
122,Italy,Europe,Southern Europe,Western Europe,75056.59966,64486.04696,10570.5527,25675.47807,16586.35891,49381.12159,47899.68806
123,Jamaica,Americas,Caribbean,Central & South America,66465.31328,66020.65028,444.662998,1013.113387,666.6286118,65452.19989,65354.02167
126,Japan,Asia,Eastern Asia,East Asia,0,0,0,0,0,0,0
127,Jarvis Island,Americas,Northern America,North America,0,0,0,0,0,0,0
128,Jersey,Europe,Northern Europe,Western Europe,0,0,0,0,0,0,0
129,Johnston Atoll,Americas,Northern America,North America,0,0,0,0,0,0,0
130,Jordan,Asia,Western Asia,West Asia & Northern Africa,55124.24164,49463.8827,5660.358946,13093.56675,8694.128201,42030.67489,40769.7545
131,Juan de Nova Island,Africa,Eastern Africa,Sub-Saharan Africa,0,0,0,0,0,0,0
132,Kazakhstan,Asia,Central Asia,West Asia & Northern Africa,52557.68648,50233.79483,2323.891653,6961.411274,4705.914021,45596.27521,45527.88081
133,Kenya,Africa,Eastern Africa,Sub-Saharan Africa,1126856.233,1115967.792,10888.44103,31882.6968,22636.71517,1094973.536,1093331.077
134,Kingman Reef,Americas,Northern America,North America,0,0,0,0,0,0,0
135,Kiribati,Oceania,Micronesia,Oceania,0,0,0,0,0,0,0
136,Kuril islands,Asia,Eastern Asia,East Asia,0,0,0,0,0,0,0
137,Kuwait,Asia,Western Asia,West Asia & Northern Africa,26163.74328,24544.56534,1619.177938,2726.358225,1810.301848,23437.38505,22734.26349
138,Kyrgyzstan,Asia,Central Asia,West Asia & Northern Africa,27749.43179,26138.18487,1611.246914,4867.047275,3290.123955,22882.38451,22848.06092
139,Lao People's Democratic Republic,Asia,South-Eastern Asia,East Asia,0,0,0,0,0,0,0
140,Latvia,Europe,Northern Europe,Western Europe,4894.734873,4676.179497,218.5553751,221.3374317,142.9839793,4673.397441,4533.195518
141,Lebanon,Asia,Western Asia,West Asia & Northern Africa,21634.0019,20781.5526,852.4492992,2451.415182,1627.739679,19182.58672,19153.81292
142,Lesotho,Africa,Southern Africa,Sub-Saharan Africa,0,0,0,0,0,0,0
144,Liberia,Africa,Western Africa,Sub-Saharan Africa,0,0,0,0,0,0,0
145,Libya,Africa,Northern Africa,West Asia & Northern Africa,74957.75934,70730.7063,4227.053042,11105.57756,6974.302772,63852.18178,63756.40352
146,Liechtenstein,Europe,Western Europe,Western Europe,0,0,0,0,0,0,0
147,Lithuania,Europe,Northern Europe,Western Europe,2223.170378,2118.503417,104.6669608,117.1970498,75.70929467,2105.973328,2042.794122
148,Luxembourg,Europe,Western Europe,Western Europe,2370.280531,2282.972162,87.30836844,49.99987209,32.29991734,2320.280659,2250.672245
149,Macau,Asia,Eastern Asia,East Asia,0,0,0,0,0,0,0
150,Madagascar,Africa,Eastern Africa,Sub-Saharan Africa,0,0,0,0,0,0,0
151,Madeira Islands,Europe,Southern Europe,Western Europe,0,0,0,0,0,0,0
152,Malawi,Africa,Eastern Africa,Sub-Saharan Africa,0,0,0,0,0,0,0
153,Malaysia,Asia,South-Eastern Asia,East Asia,0,0,0,0,0,0,0
154,Maldives,Asia,Southern Asia,South Asia,0,0,0,0,0,0,0
155,Mali,Africa,Western Africa,Sub-Saharan Africa,1997807.188,1977082.087,20725.10099,56730.84359,38917.35872,1941076.344,1938164.728
156,Malta,Europe,Southern Europe,Western Europe,0,0,0,0,0,0,0
157,Marshall Islands,Oceania,Micronesia,Oceania,0,0,0,0,0,0,0
158,Martinique,Americas,Caribbean,Central & South America,0,0,0,0,0,0,0
159,Mauritania,Africa,Western Africa,Sub-Saharan Africa,885898.0688,879278.2139,6619.854858,16931.23201,11614.82506,868966.8368,867663.3889
160,Mauritius,Africa,Eastern Africa,Sub-Saharan Africa,0,0,0,0,0,0,0
161,Mayotte,Africa,Eastern Africa,Sub-Saharan Africa,0,0,0,0,0,0,0
162,Mexico,Americas,Central America,Central & South America,692414.0708,679350.683,13063.38784,32194.82476,20121.76594,660219.246,659228.917
163,Micronesia (Federated States of),Oceania,Micronesia,Oceania,0,0,0,0,0,0,0
164,Midway Island,Americas,Northern America,North America,0,0,0,0,0,0,0
165,"Moldova, Republic of",Europe,Eastern Europe,Eastern Europe,693.7690725,635.834633,57.93443951,114.5721235,74.01359192,579.196949,561.8210411
166,Monaco,Europe,Western Europe,Western Europe,0,0,0,0,0,0,0
167,Mongolia,Asia,Eastern Asia,East Asia,378063.8282,344010.3655,34053.4627,114483.306,80825.21402,263580.5222,263185.1515
168,Montserrat,Americas,Caribbean,Central & South America,0,0,0,0,0,0,0
169,Morocco,Africa,Northern Africa,West Asia & Northern Africa,190413.2634,184200.4271,6212.836277,17056.7355,11103.93468,173356.5279,173096.4925
170,Mozambique,Africa,Eastern Africa,Sub-Saharan Africa,38816.17729,38261.8067,554.3705941,1608.254178,1109.695407,37207.92312,37152.11129
171,Myanmar,Asia,South-Eastern Asia,East Asia,12967.15335,11941.83577,1025.317587,3099.743699,2089.227237,9867.409655,9852.608529
172,Namibia,Africa,Southern Africa,Sub-Saharan Africa,0,0,0,0,0,0,0
173,Nauru,Oceania,Micronesia,Oceania,0,0,0,0,0,0,0
174,Navassa Island,Americas,Northern America,North America,0,0,0,0,0,0,0
175,Nepal,Asia,Southern Asia,South Asia,217981.0431,212758.9931,5222.050034,14547.03785,9630.138836,203434.0052,203128.8542
176,Netherlands Antilles,Americas,Caribbean,Central & South America,0,0,0,0,0,0,0
177,Netherlands,Europe,Western Europe,Western Europe,27883.40364,26804.1593,1079.244332,749.2048991,483.9863681,27134.19874,26320.17294
178,New Caledonia,Oceania,Melanesia,Oceania,0,0,0,0,0,0,0
179,New Zealand,Oceania,Australia and New Zealand,Oceania,0,0,0,0,0,0,0
180,Nicaragua,Americas,Central America,Central & South America,0,0,0,0,0,0,0
181,Niger,Africa,Western Africa,Sub-Saharan Africa,765411.2262,757610.7615,7800.464685,21219.61686,14535.43789,744191.6093,743075.3236
182,Nigeria,Africa,Western Africa,Sub-Saharan Africa,0,0,0,0,0,0,0
183,Niue,Oceania,Polynesia,Oceania,0,0,0,0,0,0,0
184,Norfolk Island,Oceania,Australia and New Zealand,Oceania,0,0,0,0,0,0,0
185,Northern Mariana Islands,Oceania,Micronesia,Oceania,0,0,0,0,0,0,0
186,Norway,Europe,Northern Europe,Western Europe,80080.05182,76665.12354,3414.928277,3125.082667,2018.803402,76954.96915,74646.32014
187,Oman,Asia,Western Asia,West Asia & Northern Africa,474751.7276,453560.496,21191.23162,61223.02817,40652.09019,413528.6995,412908.4058
188,Pakistan,Asia,Southern Asia,South Asia,1644015.059,1624057.95,19957.10887,51218.40615,33650.49204,1592796.653,1590407.458
189,Palau,Oceania,Micronesia,Oceania,0,0,0,0,0,0,0
190,Palmyra Atoll,Americas,Northern America,North America,0,0,0,0,0,0,0
191,Panama,Americas,Central America,Central & South America,0,0,0,0,0,0,0
192,Papua New Guinea,Oceania,Melanesia,Oceania,404.9343359,330.7592356,74.17510027,204.0364169,135.8882541,200.897919,194.8709816
193,Paracel Islands,Asia,South-Eastern Asia,East Asia,0,0,0,0,0,0,0
194,Paraguay,Americas,South America,Central & South America,0,0,0,0,0,0,0
195,Peru,Americas,South America,Central & South America,108224.943,103792.4323,4432.510757,13038.69753,8748.966043,95186.2455,95043.46624
196,Philippines,Asia,South-Eastern Asia,East Asia,0,0,0,0,0,0,0
197,Pitcairn,Oceania,Polynesia,Oceania,0,0,0,0,0,0,0
198,Poland,Europe,Eastern Europe,Eastern Europe,17504.96077,16312.57206,1192.388706,2059.382344,1330.360993,15445.57843,14982.21107
199,Portugal,Europe,Southern Europe,Western Europe,104131.7614,99862.11998,4269.641422,3536.075298,2284.304639,100595.6861,97577.81534
200,Puerto Rico,Americas,Caribbean,Central & South America,0,0,0,0,0,0,0
201,Qatar,Asia,Western Asia,West Asia & Northern Africa,31617.93286,29807.90904,1810.023821,5269.348011,3498.847008,26348.58485,26309.06203
202,Republic of Korea,Asia,Eastern Asia,East Asia,13097.62795,12083.35473,1014.273226,2353.577299,1661.625577,10744.05065,10421.72915
203,Romania,Europe,Eastern Europe,Eastern Europe,0,0,0,0,0,0,0
204,Russian Federation,Europe,Eastern Europe,Russian Federation,664013.0417,623106.2818,40906.75993,64772.74396,41843.19259,599240.2977,581263.0892
205,Rwanda,Africa,Eastern Africa,Sub-Saharan Africa,18913.68187,18591.00201,322.6798542,1020.136102,724.2966516,17893.54577,17866.70536
206,R?union,Africa,Eastern Africa,Sub-Saharan Africa,0,0,0,0,0,0,0
207,Saint Helena,Africa,Western Africa,Sub-Saharan Africa,0,0,0,0,0,0,0
208,Saint Kitts and Nevis,Americas,Caribbean,Central & South America,0,0,0,0,0,0,0
209,Saint Lucia,Americas,Caribbean,Central & South America,0,0,0,0,0,0,0
210,Saint Pierre et Miquelon,Americas,Northern America,Oceania,0,0,0,0,0,0,0
211,Saint Vincent and the Grenadines,Americas,Caribbean,Central & South America,0,0,0,0,0,0,0
212,Samoa,Oceania,Polynesia,Oceania,0,0,0,0,0,0,0
213,San Marino,Europe,Southern Europe,Western Europe,0,0,0,0,0,0,0
214,Sao Tome and Principe,Africa,Middle Africa,Sub-Saharan Africa,0,0,0,0,0,0,0
215,Saudi Arabia,Asia,Western Asia,West Asia & Northern Africa,457437.2133,409358.3455,48078.86779,112273.6951,74549.73259,345163.5182,334808.6129
216,Scarborough Reef,Asia,South-Eastern Asia,East Asia,0,0,0,0,0,0,0
217,Senegal,Africa,Western Africa,Sub-Saharan Africa,30048.87643,29267.15706,781.7193767,2357.267388,1617.085441,27691.60905,27650.07162
218,Senkaku Islands,Asia,Eastern Asia,East Asia,0,0,0,0,0,0,0
220,Seychelles,Africa,Eastern Africa,Sub-Saharan Africa,0,0,0,0,0,0,0
221,Sierra Leone,Africa,Western Africa,Sub-Saharan Africa,0,0,0,0,0,0,0
222,Singapore,Asia,South-Eastern Asia,East Asia,0,0,0,0,0,0,0
223,Slovakia,Europe,Eastern Europe,Eastern Europe,12770.46848,11958.92771,811.5407644,1322.304674,854.2088171,11448.1638,11104.7189
224,Slovenia,Europe,Southern Europe,Western Europe,7512.220581,7165.772985,346.4475957,373.7067451,241.4145571,7138.513836,6924.358428
225,Solomon Islands,Oceania,Melanesia,Oceania,0,0,0,0,0,0,0
226,Somalia,Africa,Eastern Africa,Sub-Saharan Africa,1691908.146,1681694.568,10213.5776,25207.60044,17494.0745,1666700.545,1664200.493
227,South Africa,Africa,Southern Africa,Sub-Saharan Africa,0,0,0,0,0,0,0
228,South Georgia and the South Sandwich Islands,Antarctica,,,0,0,0,0,0,0,0
229,Spain,Europe,Southern Europe,Western Europe,919472.6055,876544.7548,42927.85077,47357.01856,30592.63404,872115.587,845952.1207
230,Spratly Islands,Asia,South-Eastern Asia,East Asia,0,0,0,0,0,0,0
231,Sri Lanka,Asia,Southern Asia,South Asia,7084.454879,6660.123044,424.3318352,1211.43523,795.9129251,5873.019649,5864.210119
233,Suriname,Americas,South America,Central & South America,0,0,0,0,0,0,0
234,Svalbard and Jan Mayen Islands,Europe,Northern Europe,Western Europe,0,0,0,0,0,0,0
235,Swaziland,Africa,Southern Africa,Sub-Saharan Africa,0,0,0,0,0,0,0
236,Sweden,Europe,Northern Europe,Western Europe,0,0,0,0,0,0,0
237,Switzerland,Europe,Western Europe,Western Europe,87357.48997,83771.95169,3585.538281,2977.820238,1923.671875,84379.66973,81848.27981
238,Syrian Arab Republic,Asia,Western Asia,West Asia & Northern Africa,181541.9485,173284.7723,8257.176125,23871.04047,15850.3707,157670.908,157434.4017
239,Tajikistan,Asia,Central Asia,West Asia & Northern Africa,301048.9938,298200.0729,2848.920905,7433.635119,5025.137336,293615.3587,293174.9356
240,Thailand,Asia,South-Eastern Asia,East Asia,0,0,0,0,0,0,0
241,The former Yugoslav Republic of Macedonia,Europe,Southern Europe,Western Europe,26814.06172,25491.08477,1322.976951,1600.47911,1033.909498,25213.58261,24457.17527
242,Timor-Leste,Asia,South-Eastern Asia,East Asia,298.9307096,275.7914672,23.13924243,69.92556548,47.12982986,229.0051441,228.6616373
243,Togo,Africa,Western Africa,Sub-Saharan Africa,0,0,0,0,0,0,0
244,Tokelau,Oceania,Polynesia,Oceania,0,0,0,0,0,0,0
245,Tonga,Oceania,Polynesia,Oceania,0,0,0,0,0,0,0
246,Trinidad and Tobago,Americas,Caribbean,Central & South America,0,0,0,0,0,0,0
247,Tromelin Island,Africa,Eastern Africa,Sub-Saharan Africa,0,0,0,0,0,0,0
248,Tunisia,Africa,Northern Africa,West Asia & Northern Africa,37329.6407,35240.21895,2089.421751,5851.589157,3809.384529,31478.05154,31430.83442
249,Turkey,Asia,Western Asia,West Asia & Northern Africa,214122.0116,204394.3114,9727.700248,22159.05042,12719.29473,191962.9612,191675.0167
250,Turkmenistan,Asia,Central Asia,West Asia & Northern Africa,0,0,0,0,0,0,0
251,Turks and Caicos islands,Americas,Caribbean,Central & South America,0,0,0,0,0,0,0
252,Tuvalu,Oceania,Polynesia,Oceania,0,0,0,0,0,0,0
253,Uganda,Africa,Eastern Africa,Sub-Saharan Africa,0,0,0,0,0,0,0
254,Ukraine,Europe,Eastern Europe,Eastern Europe,95018.01361,90425.56607,4592.447537,5376.256863,3473.061929,89641.75675,86952.50414
255,United Arab Emirates,Asia,Western Asia,West Asia & Northern Africa,287065.0981,271921.3993,15143.69881,43985.35346,29206.27447,243079.7447,242715.1248
256,U.K. of Great Britain and Northern Ireland,Europe,Northern Europe,Western Europe,0,0,0,0,0,0,0
257,United Republic of Tanzania,Africa,Eastern Africa,Sub-Saharan Africa,294038.8518,289474.7917,4564.060047,14291.16811,10146.72969,279747.6837,279328.062
258,United States Virgin Islands,Americas,Caribbean,Central & South America,0,0,0,0,0,0,0
259,United States of America,Americas,Northern America,North America,523422.3694,500630.99,22791.37936,30293.62651,22296.10911,493128.7429,478334.8809
260,Uruguay,Americas,South America,Central & South America,0,0,0,0,0,0,0
261,Uzbekistan,Asia,Central Asia,West Asia & Northern Africa,222714.8189,213284.1151,9430.703893,28206.61034,19067.66856,194508.2086,194216.4465
262,Vanuatu,Oceania,Melanesia,Oceania,0,0,0,0,0,0,0
263,Venezuela,Americas,South America,Central & South America,0,0,0,0,0,0,0
264,Viet Nam,Asia,South-Eastern Asia,East Asia,0,0,0,0,0,0,0
265,Wake Island,Oceania,Micronesia,Oceania,0,0,0,0,0,0,0
266,Wallis and Futuna,Oceania,Polynesia,Oceania,0,0,0,0,0,0,0
267,West Bank,Asia,Western Asia,West Asia & Northern Africa,68314.29472,65481.21272,2833.082,8163.26112,5420.405408,60151.0336,60060.80731
268,Western Sahara,Africa,Northern Africa,West Asia & Northern Africa,27991.85529,27307.64757,684.2077271,1848.114684,1203.122662,26143.74061,26104.5249
269,Yemen,Asia,Western Asia,West Asia & Northern Africa,436486.5685,382180.5379,54306.03061,160392.5248,106500.6352,276094.0437,275679.9027
270,Zambia,Africa,Eastern Africa,Sub-Saharan Africa,0,0,0,0,0,0,0
271,Zimbabwe,Africa,Eastern Africa,Sub-Saharan Africa,0,0,0,0,0,0,0
2647,Montenegro,Europe,Southern Europe,Western Europe,0,0,0,0,0,0,0
2648,Serbia,Europe,Southern Europe,Western Europe,0,0,0,0,0,0,0
33364,Hong Kong,Asia,Eastern Asia,East Asia,0,0,0,0,0,0,0
40760,Hala'ib triangle,Africa,Northern Africa,West Asia & Northern Africa,0,0,0,0,0,0,0
40762,Ma'tan al-Sarra,Africa,Northern Africa,West Asia & Northern Africa,0,0,0,0,0,0,0
40765,Egypt,Africa,Northern Africa,West Asia & Northern Africa,42931.82673,38795.09672,4136.730011,11718.94152,7629.030927,31212.88521,31166.06579
40781,Jammu and Kashmir,Asia,Eastern Asia,East Asia,0,0,0,0,0,0,0
61013,Ilemi triangle,Africa,Northern Africa,West Asia & Northern Africa,0,0,0,0,0,0,0
74578,Azores Islands,Europe,Southern Europe,Western Europe,0,0,0,0,0,0,0
