ADM0_CODE,ADM0_NAME,CONTINENT,REGION,REG_ANNEX5,Ninput,Noutput,Nlosses,INPUT_MEAT,OUTPUT_MEAT,INPUT_MILK,OUTPUT_MILK
1,Afghanistan,Asia,Southern Asia,South Asia,2173026.968,2120114.413,52912.5551,201517.0949,151561.8068,1971509.873,1968552.606
2,Aksai Chin,Asia,Eastern Asia,East Asia,0,0,0,0,0,0,0
3,Albania,Europe,Southern Europe,Western Europe,727411.4771,682524.279,44887.19805,96515.86697,70555.53742,630895.6101,611968.7416
4,Algeria,Africa,Northern Africa,West Asia & Northern Africa,3769887.217,3739992.658,29894.55842,77567.12883,53211.05041,3692320.088,3686781.608
5,American Samoa,Oceania,Polynesia,Oceania,0,0,0,0,0,0,0
6,Sudan,Africa,Northern Africa,West Asia & Northern Africa,9072195.795,8729738.756,342457.0393,1052316.001,721888.7767,8019879.794,8007849.979
7,Andorra,Europe,Southern Europe,Western Europe,0,0,0,0,0,0,0
8,Angola,Africa,Middle Africa,Sub-Saharan Africa,726997.8774,707045.9978,19951.87966,60356.41124,41404.49808,666641.4662,665641.4997
9,Anguilla,Americas,Caribbean,Central & South America,0,0,0,0,0,0,0
10,Antarctica,Antarctica,,,0,0,0,0,0,0,0
11,Antigua and Barbuda,Americas,Caribbean,Central & South America,51979.47237,51287.89498,691.577393,2307.286819,1690.217246,49672.18555,49597.67773
12,Argentina,Americas,South America,Central & South America,19093738.5,18922994.15,170744.3515,532437.7906,389535.3791,18561300.71,18533458.77
13,Armenia,Asia,Western Asia,West Asia & Northern Africa,652576.2289,636034.6025,16541.62637,63253.05998,47595.41901,589323.1689,588439.1835
14,Aruba,Americas,Caribbean,Central & South America,0,0,0,0,0,0,0
15,Arunachal Pradesh,Asia,Eastern Asia,East Asia,0,0,0,0,0,0,0
16,Ashmore and Cartier Islands,Oceania,Australia and New Zealand,Oceania,0,0,0,0,0,0,0
17,Australia,Oceania,Australia and New Zealand,Oceania,28740977.83,27624132.46,1116845.361,1065223.215,778650.4737,27675754.61,26845481.99
18,Austria,Europe,Western Europe,Western Europe,14430422.38,13781948.81,648473.5684,902904.5606,660256.5122,13527517.82,13121692.3
19,Azerbaijan,Asia,Western Asia,West Asia & Northern Africa,1041832.804,999913.7556,41919.0486,164023.5565,123421.2216,877809.2477,876492.534
20,Bahamas,Americas,Caribbean,Central & South America,1041.933862,1028.735307,13.198555,43.75230733,32.05102338,998.1815543,996.6842833
21,Bahrain,Asia,Western Asia,West Asia & Northern Africa,15013.57726,14915.12576,98.4515048,308.1666222,231.7733374,14705.41064,14683.35242
22,Baker Island,Americas,Northern America,North America,0,0,0,0,0,0,0
23,Bangladesh,Asia,Southern Asia,South Asia,52832.59979,50544.72899,2287.870794,8963.708128,6741.640504,43868.89166,43803.08849
24,Barbados,Americas,Caribbean,Central & South America,0,0,0,0,0,0,0
25,Bassas da India,Africa,Eastern Africa,Sub-Saharan Africa,0,0,0,0,0,0,0
26,Belarus,Europe,Eastern Europe,Eastern Europe,9230711.362,8800665.486,430045.8761,641075.0279,468718.2248,8589636.334,8331947.261
27,Belgium,Europe,Western Europe,Western Europe,2401379.74,2285194.447,116185.2928,184400.9482,134725.0244,2216978.792,2150469.423
28,Belize,Americas,Central America,Central & South America,18925.5313,17878.14876,1047.382537,3797.11173,2772.421843,15128.41957,15105.72692
29,Benin,Africa,Western Africa,Sub-Saharan Africa,60012.29004,58227.88585,1784.404187,5422.033848,3719.515211,54590.25619,54508.37064
30,Bermuda,Americas,Northern America,North America,0,0,0,0,0,0,0
31,Bhutan,Asia,Southern Asia,South Asia,108233.1954,104333.4309,3899.76441,15168.32181,11408.15503,93064.87354,92925.27591
32,Bird Island,Americas,Caribbean,Central & South America,0,0,0,0,0,0,0
33,Bolivia,Americas,South America,Central & South America,1903594.501,1848980.81,54613.691,192868.6475,140821.0455,1710725.853,1708159.764
34,Bosnia and Herzegovina,Europe,Southern Europe,Western Europe,1056678.451,991579.6493,65098.8014,139757.2451,102166.0775,916921.2056,889413.5718
35,Botswana,Africa,Southern Africa,Sub-Saharan Africa,601263.2722,577877.4486,23385.82366,71948.57222,49356.72046,529314.7,528520.7281
36,Bouvet Island,Antarctica,,,0,0,0,0,0,0,0
37,Brazil,Americas,South America,Central & South America,54624278.44,52437525.1,2186753.342,7833521.142,5716953.94,46790757.3,46720571.16
38,British Indian Ocean Territory,Africa,Eastern Africa,South Asia,0,0,0,0,0,0,0
39,British Virgin Islands,Americas,Caribbean,Central & South America,0,0,0,0,0,0,0
40,Brunei Darussalam,Asia,South-Eastern Asia,East Asia,226.8728906,219.7436042,7.1292865,27.55472624,20.72441688,199.3181644,199.0191873
41,Bulgaria,Europe,Eastern Europe,Eastern Europe,1002702.448,948640.597,54061.85118,100348.5925,73357.35632,902353.8557,875283.2407
42,Burkina Faso,Africa,Western Africa,Sub-Saharan Africa,330646.072,319452.8675,11193.20444,34231.15226,23482.57042,296414.9197,295970.2971
43,Burundi,Africa,Eastern Africa,Sub-Saharan Africa,2965.554062,2896.508096,69.045966,206.7124667,141.8047537,2758.841595,2754.703342
44,Cambodia,Asia,South-Eastern Asia,East Asia,38425.29829,35793.41738,2631.880906,10448.25078,7858.335484,27977.04751,27935.0819
45,Cameroon,Africa,Middle Africa,Sub-Saharan Africa,674767.1619,657335.6218,17431.54016,52542.04292,36043.84106,622225.119,621291.7807
46,Canada,Americas,Northern America,North America,23904492.19,22947696.31,956795.8746,986867.4085,717600.2639,22917624.78,22230096.05
47,Cape Verde,Africa,Western Africa,Sub-Saharan Africa,0,0,0,0,0,0,0
48,Cayman Islands,Americas,Caribbean,Central & South America,0,0,0,0,0,0,0
49,Central African Republic,Africa,Middle Africa,Sub-Saharan Africa,425186.1145,404329.3733,20856.74112,64700.67906,44384.66584,360485.4354,359944.7075
50,Chad,Africa,Middle Africa,Sub-Saharan Africa,702636.9917,668689.4396,33947.55215,105259.5095,72208.02345,597377.4822,596481.4161
51,Chile,Americas,South America,Central & South America,5820021.925,5664862.972,155158.9531,545955.7439,398707.8868,5274066.181,5266155.085
52,China/India,Asia,Eastern Asia,East Asia,0,0,0,0,0,0,0
53,China,Asia,Eastern Asia,East Asia,85063262.97,84639143.64,424119.3337,1201482.31,903155.6663,83861780.66,83735987.97
54,Christmas Island,Asia,South-Eastern Asia,East Asia,0,0,0,0,0,0,0
55,Clipperton Island,Americas,Central America,Central & South America,0,0,0,0,0,0,0
56,Cocos (Keeling) Islands,Asia,South-Eastern Asia,East Asia,0,0,0,0,0,0,0
57,Colombia,Americas,South America,Central & South America,12723243.62,12135456.52,587787.101,2119173.774,1547292.783,10604069.85,10588163.74
58,Comoros,Africa,Eastern Africa,Sub-Saharan Africa,18156.0512,17850.92056,305.1306379,889.2682667,610.0380188,17266.78293,17240.88254
59,Congo,Africa,Middle Africa,Sub-Saharan Africa,7179.533758,6973.834268,205.6994896,623.7766129,427.9107573,6555.757145,6545.923511
60,Cook Islands,Oceania,Polynesia,Oceania,0,0,0,0,0,0,0
61,Costa Rica,Americas,Central America,Central & South America,2774242.66,2606448.817,167793.8426,611466.121,446916.4464,2162776.539,2159532.371
62,Croatia,Europe,Southern Europe,Western Europe,1329012.141,1260600.522,68411.61885,119432.1002,87307.88335,1209580.041,1173292.639
63,Cuba,Americas,Caribbean,Central & South America,369786.7564,366455.9085,3330.847888,10438.92866,7647.102072,359347.8277,358808.8064
64,Cyprus,Asia,Western Asia,West Asia & Northern Africa,341858.3135,331125.4004,10732.91317,2208.706825,1665.277658,339649.6067,329460.1227
65,Czech Republic,Europe,Eastern Europe,Eastern Europe,5965777.238,5709731.945,256045.2925,321721.6246,234998.0131,5644055.613,5474733.932
66,C?te d'Ivoire,Africa,Western Africa,Sub-Saharan Africa,107593.5721,104646.3989,2947.173202,8914.505077,6115.350475,98679.067,98531.0484
67,Dem People's Rep of Korea,Asia,Eastern Asia,East Asia,406727.6549,404359.1148,2368.540076,7136.676505,5367.522729,399590.9784,398991.5921
68,Democratic Republic of the Congo,Africa,Middle Africa,Sub-Saharan Africa,37532.5991,36833.91667,698.682426,2055.627228,1410.160262,35476.97187,35423.75641
69,Denmark,Europe,Northern Europe,Western Europe,1209978.091,1159788.06,50190.03105,57591.42322,41972.99817,1152386.668,1117815.062
70,Djibouti,Africa,Eastern Africa,Sub-Saharan Africa,44318.60583,43364.31108,954.294749,2841.013811,1948.935492,41477.59202,41415.37559
71,Dominica,Americas,Caribbean,Central & South America,26926.47243,26572.43451,354.0379216,1179.380054,863.9621924,25747.09238,25708.47232
72,Dominican Republic,Americas,Caribbean,Central & South America,465014.2813,459778.4028,5235.87845,17065.09709,12501.14294,447949.1842,447277.2599
73,Ecuador,Americas,South America,Central & South America,7807885.438,7696008.349,111877.0892,373249.0549,272523.9317,7434636.383,7423484.417
74,South Sudan,Africa,Northern Africa,West Asia & Northern Africa,3871124.731,3724997.612,146127.1189,449025.3847,308031.4138,3422099.346,3416966.198
75,El Salvador,Americas,Central America,Central & South America,773792.6229,748404.2856,25388.33732,90280.28687,65917.21675,683512.336,682487.0688
76,Equatorial Guinea,Africa,Middle Africa,Sub-Saharan Africa,0,0,0,0,0,0,0
77,Eritrea,Africa,Eastern Africa,Sub-Saharan Africa,308931.1821,295124.417,13806.76507,42698.77826,29291.36179,266232.4038,265833.0552
78,Estonia,Europe,Northern Europe,Western Europe,1092996.163,1046069.296,46926.86644,59156.80977,43245.12233,1033839.353,1002824.174
79,Ethiopia,Africa,Eastern Africa,Sub-Saharan Africa,3776354.507,3685579.905,90774.6021,272352.2059,186833.6128,3504002.301,3498746.292
80,Europa Island,Africa,Eastern Africa,Sub-Saharan Africa,0,0,0,0,0,0,0
81,Falkland Islands (Malvinas),Americas,South America,Central & South America,7074.485177,6662.15116,412.334017,1496.950989,1092.983274,5577.534188,5569.167886
82,Faroe Islands,Europe,Northern Europe,Western Europe,0,0,0,0,0,0,0
83,Fiji,Oceania,Melanesia,Oceania,83151.22165,78393.79208,4757.429576,9511.964652,6963.713726,73639.257,71430.07835
84,Finland,Europe,Northern Europe,Western Europe,11121143.53,10652742.17,468401.3633,560147.6144,408576.1211,10560995.92,10244166.05
85,France,Europe,Western Europe,Western Europe,20691936.81,19778376.62,913560.1914,1221517.55,892069.9286,19470419.26,18886306.69
86,French Guiana,Americas,South America,Central & South America,1845.562417,1691.906468,153.6559486,562.2574278,410.5264322,1283.304989,1281.380036
87,French Polynesia,Oceania,Polynesia,Oceania,0,0,0,0,0,0,0
88,French Southern and Antarctic Territories,Antarctica,,,0,0,0,0,0,0,0
89,Gabon,Africa,Middle Africa,Sub-Saharan Africa,13777.70715,13068.6939,709.013248,2202.709371,1511.058633,11574.99778,11557.63527
90,Gambia,Africa,Western Africa,Sub-Saharan Africa,6452.650528,6302.592371,150.0581567,449.2132611,308.1602954,6003.437267,5994.432076
91,Gaza Strip,Asia,Western Asia,West Asia & Northern Africa,9063.790995,9031.309453,32.4815416,76.64841652,57.64758789,8987.142578,8973.661865
92,Georgia,Asia,Western Asia,West Asia & Northern Africa,1179925.246,1127121.083,52804.163,207422.9652,156077.5551,972502.2805,971043.5276
93,Germany,Europe,Western Europe,Western Europe,42113332.8,40265320.18,1848012.619,2437134.729,1779408.06,39676198.07,38485912.12
94,Ghana,Africa,Western Africa,Sub-Saharan Africa,111552.1225,108249.392,3302.730532,10033.28782,6882.835388,101518.8347,101366.5566
95,Gibraltar,Europe,Southern Europe,Western Europe,0,0,0,0,0,0,0
96,Glorioso Island,Africa,Eastern Africa,Sub-Saharan Africa,0,0,0,0,0,0,0
97,Greece,Europe,Southern Europe,Western Europe,1222700.737,1157316.957,65383.77932,120107.9157,87801.92038,1102592.821,1069515.037
98,Greenland,Americas,Northern America,North America,0,0,0,0,0,0,0
99,Grenada,Americas,Caribbean,Central & South America,2316.803419,2288.691555,28.1118643,92.63862419,67.86300293,2224.164795,2220.828552
100,Guadeloupe,Americas,Caribbean,Central & South America,211.3323647,208.1527995,3.1795652,10.76375024,7.885040021,200.5686145,200.2677595
101,Guam,Oceania,Micronesia,Oceania,0,0,0,0,0,0,0
102,Abyei,Africa,Northern Africa,West Asia & Northern Africa,67694.41862,65139.09126,2555.327364,7852.114422,5386.550518,59842.3042,59752.54074
103,Guatemala,Americas,Central America,Central & South America,1348489.319,1257779.352,90709.9666,330478.1395,241295.1909,1018011.179,1016484.161
104,Guernsey,Europe,Northern Europe,Western Europe,0,0,0,0,0,0,0
105,Guinea-Bissau,Africa,Western Africa,Sub-Saharan Africa,62805.6807,61307.95404,1497.726667,4491.257703,3081.002786,58314.423,58226.95125
106,Guinea,Africa,Western Africa,Sub-Saharan Africa,509215.6135,498061.982,11153.6315,33247.38747,22807.70777,475968.226,475254.2742
107,Guyana,Americas,South America,Central & South America,243162.559,231454.2994,11708.25956,42269.71577,30862.79521,200892.8432,200591.5042
108,Haiti,Americas,Caribbean,Central & South America,46109.65807,44460.86224,1648.795825,5939.719618,4351.178573,40169.93845,40109.68367
109,Heard Island and McDonald Islands,Antarctica,,,0,0,0,0,0,0,0
110,Holy See,Europe,Southern Europe,Western Europe,0,0,0,0,0,0,0
111,Honduras,Americas,Central America,Central & South America,2280742.723,2187012.304,93730.4194,336522.5169,245708.4305,1944220.206,1941303.873
112,Howland Island,Americas,Northern America,North America,0,0,0,0,0,0,0
113,Hungary,Europe,Eastern Europe,Eastern Europe,767939.9729,732299.2163,35640.75653,52735.94325,38551.30662,715204.0296,693747.9097
114,Iceland,Europe,Northern Europe,Western Europe,680593.5057,647537.6919,33055.81388,52884.29334,38659.75446,627709.2124,608877.9374
115,India,Asia,Southern Asia,South Asia,50916721.41,50673963.55,242757.8583,616767.7871,449459.8588,50299953.62,50224503.69
116,Indonesia,Asia,South-Eastern Asia,East Asia,847171.7256,839082.9593,8088.76634,27548.26951,20688.93827,819623.4561,818394.021
117,Iran  (Islamic Republic of),Asia,Southern Asia,South Asia,15386810.2,15294254.52,92555.676,281966.5784,212068.1824,15104843.62,15082186.34
118,Iraq,Asia,Western Asia,West Asia & Northern Africa,456779.9878,449162.1021,7617.88562,28136.47526,21161.55474,428643.5125,428000.5474
119,Ireland,Europe,Northern Europe,Western Europe,18538344.63,17677394.74,860949.8888,1283371.808,940071.0692,17254972.82,16737323.67
120,Isle of Man,Europe,Northern Europe,Western Europe,0,0,0,0,0,0,0
121,Israel,Asia,Western Asia,West Asia & Northern Africa,171185.748,163826.7263,7359.021736,10144.0332,7616.264164,161041.7148,156210.4621
122,Italy,Europe,Southern Europe,Western Europe,12089744.39,11539152.11,550592.2796,784326.1545,572896.4049,11305418.24,10966255.71
123,Jamaica,Americas,Caribbean,Central & South America,16613.31057,16384.03701,229.2735547,768.4089196,562.9027249,15844.90165,15821.13429
126,Japan,Asia,Eastern Asia,East Asia,27294754.84,26237686.29,1057068.543,1084425.537,813666.8645,26210329.3,25424019.43
127,Jarvis Island,Americas,Northern America,North America,0,0,0,0,0,0,0
128,Jersey,Europe,Northern Europe,Western Europe,0,0,0,0,0,0,0
129,Johnston Atoll,Americas,Northern America,North America,0,0,0,0,0,0,0
130,Jordan,Asia,Western Asia,West Asia & Northern Africa,474469.5539,459534.8922,14934.66176,3215.177813,2418.147953,471254.3761,457116.7442
131,Juan de Nova Island,Africa,Eastern Africa,Sub-Saharan Africa,0,0,0,0,0,0,0
132,Kazakhstan,Asia,Central Asia,West Asia & Northern Africa,19040041.6,18574961.79,465079.81,1774184.465,1335003.445,17265857.13,17239958.34
133,Kenya,Africa,Eastern Africa,Sub-Saharan Africa,10570163.68,10443751.26,126412.4186,353782.9581,242695.1095,10216380.72,10201056.15
134,Kingman Reef,Americas,Northern America,North America,0,0,0,0,0,0,0
135,Kiribati,Oceania,Micronesia,Oceania,0,0,0,0,0,0,0
136,Kuril islands,Asia,Eastern Asia,East Asia,0,0,0,0,0,0,0
137,Kuwait,Asia,Western Asia,West Asia & Northern Africa,232596.3654,225258.0345,7338.330832,1654.190852,1244.12352,230942.1745,224013.911
138,Kyrgyzstan,Asia,Central Asia,West Asia & Northern Africa,4657856.708,4537560.86,120295.848,460531.6981,346531.8391,4197325.01,4191029.021
139,Lao People's Democratic Republic,Asia,South-Eastern Asia,East Asia,28799.74598,27046.82791,1752.918064,6939.347878,5219.220414,21860.3981,21827.6075
140,Latvia,Europe,Northern Europe,Western Europe,1189889.135,1133028.298,56860.83714,88562.33924,64741.3071,1101326.796,1068286.991
141,Lebanon,Asia,Western Asia,West Asia & Northern Africa,57281.9439,57055.14198,226.8019164,571.7548709,430.0190945,56710.18903,56625.12289
142,Lesotho,Africa,Southern Africa,Sub-Saharan Africa,133442.1011,126860.9614,6581.13968,20419.12546,14007.52008,113022.9756,112853.4413
144,Liberia,Africa,Western Africa,Sub-Saharan Africa,1850.587484,1796.544012,54.0434718,164.0563057,112.5426259,1686.531178,1684.001386
145,Libya,Africa,Northern Africa,West Asia & Northern Africa,361294.1949,355827.1938,5467.0011,15760.18724,10811.48854,345534.0077,345015.7053
146,Liechtenstein,Europe,Western Europe,Western Europe,48153.55469,45762.77781,2390.77688,3959.289063,2894.340313,44194.26563,42868.4375
147,Lithuania,Europe,Northern Europe,Western Europe,957946.8427,911822.0584,46124.78431,72754.05082,53185.04921,885192.7919,858637.0092
148,Luxembourg,Europe,Western Europe,Western Europe,649453.1631,621670.764,27782.3991,34726.66211,25386.06771,614726.501,596284.6963
149,Macau,Asia,Eastern Asia,East Asia,0,0,0,0,0,0,0
150,Madagascar,Africa,Eastern Africa,Sub-Saharan Africa,2974087.211,2900585.94,73501.2705,220928.4445,151556.913,2753158.766,2749029.027
151,Madeira Islands,Europe,Southern Europe,Western Europe,0,0,0,0,0,0,0
152,Malawi,Africa,Eastern Africa,Sub-Saharan Africa,188748.4764,185890.2172,2858.259151,8240.43958,5652.941629,180508.0368,180237.2756
153,Malaysia,Asia,South-Eastern Asia,East Asia,117185.0127,113312.5335,3872.47928,15004.04914,11284.84126,102180.9636,102027.6922
154,Maldives,Asia,Southern Asia,South Asia,0,0,0,0,0,0,0
155,Mali,Africa,Western Africa,Sub-Saharan Africa,1645183.01,1616631.122,28551.88803,83469.16831,57259.84928,1561713.842,1559371.273
156,Malta,Europe,Southern Europe,Western Europe,0,0,0,0,0,0,0
157,Marshall Islands,Oceania,Micronesia,Oceania,0,0,0,0,0,0,0
158,Martinique,Americas,Caribbean,Central & South America,166.1822263,164.2784919,1.9037345,6.221063733,4.557269974,159.9611626,159.7212219
159,Mauritania,Africa,Western Africa,Sub-Saharan Africa,687848.142,679064.3667,8783.77534,24806.38991,17017.18347,663041.7521,662047.1832
160,Mauritius,Africa,Eastern Africa,Sub-Saharan Africa,0,0,0,0,0,0,0
161,Mayotte,Africa,Eastern Africa,Sub-Saharan Africa,0,0,0,0,0,0,0
162,Mexico,Americas,Central America,Central & South America,30225290.47,29658814.03,566476.441,1936588.356,1412544.995,28288702.11,28246269.03
163,Micronesia (Federated States of),Oceania,Micronesia,Oceania,0,0,0,0,0,0,0
164,Midway Island,Americas,Northern America,North America,0,0,0,0,0,0,0
165,"Moldova, Republic of",Europe,Eastern Europe,Eastern Europe,32814.08622,31000.31612,1813.770095,3470.439796,2536.979141,29343.64642,28463.33698
166,Monaco,Europe,Western Europe,Western Europe,0,0,0,0,0,0,0
167,Mongolia,Asia,Eastern Asia,East Asia,1054346.612,1031895.518,22451.094,84699.31311,63702.68941,969647.2984,968192.8281
168,Montserrat,Americas,Caribbean,Central & South America,5256.302063,5171.232559,85.0695036,290.2302856,212.61,4966.071777,4958.622559
169,Morocco,Africa,Northern Africa,West Asia & Northern Africa,3623399.29,3577641.314,45757.97643,129033.166,88516.75057,3494366.124,3489124.563
170,Mozambique,Africa,Eastern Africa,Sub-Saharan Africa,246333.583,236328.1371,10005.44595,30835.02723,21152.82868,215498.5558,215175.3084
171,Myanmar,Asia,South-Eastern Asia,East Asia,1963964.603,1906499.929,57464.6746,221278.7813,166428.1347,1742685.822,1740071.794
172,Namibia,Africa,Southern Africa,Sub-Saharan Africa,560365.6609,544719.901,15645.75996,47376.67781,32500.40095,512988.9831,512219.5
173,Nauru,Oceania,Micronesia,Oceania,0,0,0,0,0,0,0
174,Navassa Island,Americas,Northern America,North America,0,0,0,0,0,0,0
175,Nepal,Asia,Southern Asia,South Asia,1230518.178,1202891.754,27626.42358,104630.9355,78693.34192,1125887.242,1124198.412
176,Netherlands Antilles,Americas,Caribbean,Central & South America,885.5250855,875.5915778,9.9335077,32.35720825,23.70347046,853.1678772,851.8881073
177,Netherlands,Europe,Western Europe,Western Europe,5534170.693,5294112.702,240057.9902,309443.6665,226127.4683,5224727.026,5067985.234
178,New Caledonia,Oceania,Melanesia,Oceania,0,0,0,0,0,0,0
179,New Zealand,Oceania,Australia and New Zealand,Oceania,45397986.58,43339841.01,2058145.574,2926096.11,2142107.246,42471890.47,41197733.76
180,Nicaragua,Americas,Central America,Central & South America,2348173.638,2189982.456,158191.1821,576347.8821,420814.437,1771825.756,1769168.019
181,Niger,Africa,Western Africa,Sub-Saharan Africa,1075510.645,1061427.291,14083.35385,39904.27675,27374.3339,1035606.368,1034052.957
182,Nigeria,Africa,Western Africa,Sub-Saharan Africa,424312.1253,416725.3796,7586.74573,22240.88213,15257.2451,402071.2432,401468.1345
183,Niue,Oceania,Polynesia,Oceania,0,0,0,0,0,0,0
184,Norfolk Island,Oceania,Australia and New Zealand,Oceania,0,0,0,0,0,0,0
185,Northern Mariana Islands,Oceania,Micronesia,Oceania,0,0,0,0,0,0,0
186,Norway,Europe,Northern Europe,Western Europe,6757997.875,6458532.159,299465.7159,404753.2067,295884.8198,6353244.668,6162647.339
187,Oman,Asia,Western Asia,West Asia & Northern Africa,321279.6537,315199.5806,6080.07305,22720.14116,17087.90781,298559.5125,298111.6728
188,Pakistan,Asia,Southern Asia,South Asia,18206325.42,18031274.08,175051.3427,599611.3446,450970.0719,17606714.08,17580304.01
189,Palau,Oceania,Micronesia,Oceania,0,0,0,0,0,0,0
190,Palmyra Atoll,Americas,Northern America,North America,0,0,0,0,0,0,0
191,Panama,Americas,Central America,Central & South America,396385.2113,377996.3401,18388.87121,66307.46469,48413.70858,330077.7466,329582.6315
192,Papua New Guinea,Oceania,Melanesia,Oceania,1852.894244,1483.057244,369.8369997,1320.936514,967.0582454,531.9577295,515.9989984
193,Paracel Islands,Asia,South-Eastern Asia,East Asia,0,0,0,0,0,0,0
194,Paraguay,Americas,South America,Central & South America,1495105.239,1456280.283,38824.95678,136317.8173,99531.04252,1358787.422,1356749.24
195,Peru,Americas,South America,Central & South America,7018961.179,6819356.516,199604.6626,704560.91,514427.8514,6314400.269,6304928.665
196,Philippines,Asia,South-Eastern Asia,East Asia,6810.76974,6762.950532,47.819208,152.6220538,114.7900628,6658.147686,6648.160469
197,Pitcairn,Oceania,Polynesia,Oceania,0,0,0,0,0,0,0
198,Poland,Europe,Eastern Europe,Eastern Europe,9862402.113,9415689.81,446712.3035,633833.8652,463978.6057,9228568.248,8951711.204
199,Portugal,Europe,Southern Europe,Western Europe,5311262.364,5093332.09,217930.2734,246414.3037,180429.4543,5064848.06,4912902.636
200,Puerto Rico,Americas,Caribbean,Central & South America,520917.8685,518578.5372,2339.331296,5858.196408,4291.458212,515059.6721,514287.079
201,Qatar,Asia,Western Asia,West Asia & Northern Africa,21349.75486,21159.39392,190.3609339,642.6084377,483.3083538,20707.14642,20676.08557
202,Republic of Korea,Asia,Eastern Asia,East Asia,5376577.84,5170538.295,206039.5454,207006.6103,156054.1979,5169571.23,5014484.097
203,Romania,Europe,Eastern Europe,Eastern Europe,6155866.532,5851330.008,304536.5245,503995.001,369014.6255,5651871.531,5482315.382
204,Russian Federation,Europe,Eastern Europe,Russian Federation,64323621.2,61143312.49,3180308.708,5235793.055,3828119.207,59087828.14,57315193.28
205,Rwanda,Africa,Eastern Africa,Sub-Saharan Africa,171089.0323,168601.4403,2487.591985,7139.063791,4897.397906,163949.9685,163704.0424
206,R?union,Africa,Eastern Africa,Sub-Saharan Africa,0,0,0,0,0,0,0
207,Saint Helena,Africa,Western Africa,Sub-Saharan Africa,0,0,0,0,0,0,0
208,Saint Kitts and Nevis,Americas,Caribbean,Central & South America,0,0,0,0,0,0,0
209,Saint Lucia,Americas,Caribbean,Central & South America,2246.042779,2225.523288,20.5194911,64.48888493,47.24173279,2181.553894,2178.281555
210,Saint Pierre et Miquelon,Americas,Northern America,Oceania,0,0,0,0,0,0,0
211,Saint Vincent and the Grenadines,Americas,Caribbean,Central & South America,4459.731458,4416.615437,43.1160208,136.9702282,100.3383984,4322.76123,4316.277039
212,Samoa,Oceania,Polynesia,Oceania,0,0,0,0,0,0,0
213,San Marino,Europe,Southern Europe,Western Europe,0,0,0,0,0,0,0
214,Sao Tome and Principe,Africa,Middle Africa,Sub-Saharan Africa,3050.417706,2837.403915,213.0137907,667.0021019,457.5634302,2383.415604,2379.840485
215,Saudi Arabia,Asia,Western Asia,West Asia & Northern Africa,6688955.202,6482339.977,206615.2255,27642.69333,20866.8378,6661312.509,6461473.139
216,Scarborough Reef,Asia,South-Eastern Asia,East Asia,0,0,0,0,0,0,0
217,Senegal,Africa,Western Africa,Sub-Saharan Africa,225036.2964,220731.1372,4305.159188,12696.33433,8709.685342,212339.9621,212021.4519
218,Senkaku Islands,Asia,Eastern Asia,East Asia,0,0,0,0,0,0,0
220,Seychelles,Africa,Eastern Africa,Sub-Saharan Africa,0,0,0,0,0,0,0
221,Sierra Leone,Africa,Western Africa,Sub-Saharan Africa,27999.68546,27536.3217,463.3637601,1348.365778,924.9789179,26651.31968,26611.34278
222,Singapore,Asia,South-Eastern Asia,East Asia,0,0,0,0,0,0,0
223,Slovakia,Europe,Eastern Europe,Eastern Europe,2426635.606,2315907.038,110728.5673,158717.6177,116026.5884,2267917.988,2199880.45
224,Slovenia,Europe,Southern Europe,Western Europe,2659247.869,2536902.802,122345.0668,178126.0736,130214.6598,2481121.795,2406688.142
225,Solomon Islands,Oceania,Melanesia,Oceania,10294.67474,9299.424978,995.249762,2885.292151,2112.323773,7409.382589,7187.101205
226,Somalia,Africa,Eastern Africa,Sub-Saharan Africa,2320495.101,2273694.272,46800.82902,138624.274,95096.25198,2181870.827,2178598.02
227,South Africa,Africa,Southern Africa,Sub-Saharan Africa,9911739.474,9695087.045,216652.4286,645711.464,442958.0654,9266028.01,9252128.98
228,South Georgia and the South Sandwich Islands,Antarctica,,,0,0,0,0,0,0,0
229,Spain,Europe,Southern Europe,Western Europe,18148897.51,17366032.65,782864.8567,999045.45,730676.1533,17149852.06,16635356.5
230,Spratly Islands,Asia,South-Eastern Asia,East Asia,0,0,0,0,0,0,0
231,Sri Lanka,Asia,Southern Asia,South Asia,249534.7369,245506.7614,4027.97555,14828.46063,11152.54408,234706.2763,234354.2173
233,Suriname,Americas,South America,Central & South America,34479.14231,33757.02763,722.114674,2498.118446,1823.975292,31981.02386,31933.05234
234,Svalbard and Jan Mayen Islands,Europe,Northern Europe,Western Europe,0,0,0,0,0,0,0
235,Swaziland,Africa,Southern Africa,Sub-Saharan Africa,210065.9803,200492.0683,9573.91199,29628.20063,20324.94564,180437.7797,180167.1227
236,Sweden,Europe,Northern Europe,Western Europe,11208905.79,10718478.09,490427.699,639734.1961,466381.6371,10569171.59,10252096.45
237,Switzerland,Europe,Western Europe,Western Europe,14098543.98,13487284.25,611259.7257,787416.4874,575490.5917,13311127.49,12911793.66
238,Syrian Arab Republic,Asia,Western Asia,West Asia & Northern Africa,1991838.778,1981472.972,10365.80661,29943.87017,22520.90356,1961894.908,1958952.068
239,Tajikistan,Asia,Central Asia,West Asia & Northern Africa,2123789.098,1986092.508,137696.5899,546704.1568,411373.1959,1577084.941,1574719.312
240,Thailand,Asia,South-Eastern Asia,East Asia,769421.5444,764348.4282,5073.11624,15906.23879,11963.39585,753515.3056,752385.0323
241,The former Yugoslav Republic of Macedonia,Europe,Southern Europe,Western Europe,529746.1464,498645.755,31100.39138,63638.55341,46521.39043,466107.593,452124.3646
242,Timor-Leste,Asia,South-Eastern Asia,East Asia,0,0,0,0,0,0,0
243,Togo,Africa,Western Africa,Sub-Saharan Africa,16851.27658,16542.49761,308.7789752,907.2066411,622.3437559,15944.06994,15920.15385
244,Tokelau,Oceania,Polynesia,Oceania,0,0,0,0,0,0,0
245,Tonga,Oceania,Polynesia,Oceania,0,0,0,0,0,0,0
246,Trinidad and Tobago,Americas,Caribbean,Central & South America,12847.93207,12485.86552,362.0665503,1288.973976,944.2458957,11558.95809,11541.61962
247,Tromelin Island,Africa,Eastern Africa,Sub-Saharan Africa,0,0,0,0,0,0,0
248,Tunisia,Africa,Northern Africa,West Asia & Northern Africa,427061.0873,422813.846,4247.241322,11541.27579,7917.315168,415519.8115,414896.5308
249,Turkey,Asia,Western Asia,West Asia & Northern Africa,7961770.913,7921408.72,40362.19329,115340.8708,86748.32651,7846430.042,7834660.393
250,Turkmenistan,Asia,Central Asia,West Asia & Northern Africa,8652413.307,8441695.372,210717.9354,803688.7729,604743.9275,7848724.534,7836951.444
251,Turks and Caicos islands,Americas,Caribbean,Central & South America,0,0,0,0,0,0,0
252,Tuvalu,Oceania,Polynesia,Oceania,0,0,0,0,0,0,0
253,Uganda,Africa,Eastern Africa,Sub-Saharan Africa,1337545.702,1306984.203,30561.49888,91376.59091,62684.34103,1246169.111,1244299.862
254,Ukraine,Europe,Eastern Europe,Eastern Europe,4975008.501,4725611.167,249397.3332,420601.3145,307836.1923,4554407.186,4417774.975
255,United Arab Emirates,Asia,Western Asia,West Asia & Northern Africa,149979.9916,148315.8267,1664.164887,5840.983014,4393.026527,144139.0086,143922.8002
256,U.K. of Great Britain and Northern Ireland,Europe,Northern Europe,Western Europe,37642681.18,36066943.47,1575737.708,1872625.211,1369989.153,35770055.97,34696954.32
257,United Republic of Tanzania,Africa,Eastern Africa,Sub-Saharan Africa,3589304.438,3478217.132,111087.3069,338250.7104,232039.9875,3251053.728,3246177.144
258,United States Virgin Islands,Americas,Caribbean,Central & South America,5347.782353,5320.742058,27.0402947,71.5140419,52.3880542,5276.268311,5268.354004
259,United States of America,Americas,Northern America,North America,198978688.8,191061997.9,7916690.871,7919539.861,5734623.29,191059148.9,185327374.6
260,Uruguay,Americas,South America,Central & South America,5896417.53,5680502.11,215915.4196,772597.513,564367.8204,5123820.017,5116134.29
261,Uzbekistan,Asia,Central Asia,West Asia & Northern Africa,16432704.66,15958185.4,474519.26,1828445.743,1375832.903,14604258.92,14582352.5
262,Vanuatu,Oceania,Melanesia,Oceania,25352.45249,21393.06892,3959.383566,13446.05477,9843.863124,11906.39772,11549.2058
263,Venezuela,Americas,South America,Central & South America,5581347.88,5354849.122,226498.7583,812812.8343,593466.873,4768535.046,4761382.249
264,Viet Nam,Asia,South-Eastern Asia,East Asia,164093.2885,162893.6505,1199.637971,3870.024964,2910.722093,160223.2635,159982.9284
265,Wake Island,Oceania,Micronesia,Oceania,0,0,0,0,0,0,0
266,Wallis and Futuna,Oceania,Polynesia,Oceania,0,0,0,0,0,0,0
267,West Bank,Asia,Western Asia,West Asia & Northern Africa,108118.5692,107731.1078,387.4614537,914.3125414,687.6580877,107204.2567,107043.4497
268,Western Sahara,Africa,Northern Africa,West Asia & Northern Africa,0,0,0,0,0,0,0
269,Yemen,Asia,Western Asia,West Asia & Northern Africa,721913.4565,708056.0292,13857.42727,51845.63217,38993.3059,670067.8243,669062.7233
270,Zambia,Africa,Eastern Africa,Sub-Saharan Africa,416927.7153,400170.7671,16756.9482,51620.98074,35411.99284,365306.7346,364758.7743
271,Zimbabwe,Africa,Eastern Africa,Sub-Saharan Africa,1306525.028,1282824.258,23700.77077,69571.14545,47725.80568,1236953.883,1235098.452
2647,Montenegro,Europe,Southern Europe,Western Europe,196558.9924,185922.0545,10636.93798,20170.32203,14825.04345,176388.6704,171097.011
2648,Serbia,Europe,Southern Europe,Western Europe,1220567.322,1158512.566,62054.7564,108242.4301,79557.4167,1112324.892,1078955.149
33364,Hong Kong,Asia,Eastern Asia,East Asia,217.1437969,215.9167305,1.2270664,3.658076937,2.751235499,213.48572,213.165495
40760,Hala'ib triangle,Africa,Northern Africa,West Asia & Northern Africa,0,0,0,0,0,0,0
40762,Ma'tan al-Sarra,Africa,Northern Africa,West Asia & Northern Africa,0,0,0,0,0,0,0
40765,Egypt,Africa,Northern Africa,West Asia & Northern Africa,2765822.715,2740409.717,25412.99817,68045.59549,46679.27732,2697777.12,2693730.44
40781,Jammu and Kashmir,Asia,Eastern Asia,East Asia,0,0,0,0,0,0,0
61013,Ilemi triangle,Africa,Northern Africa,West Asia & Northern Africa,0,0,0,0,0,0,0
74578,Azores Islands,Europe,Southern Europe,Western Europe,0,0,0,0,0,0,0
