ADM0_CODE,ADM0_NAME,CONTINENT,REGION,REG_ANNEX5,Ninput,Noutput,Nlosses
1,Afghanistan,Asia,Southern Asia,South Asia,0.0000000,0.0000000,0.0000000
2,Aksai Chin,Asia,Eastern Asia,East Asia,0.0000000,0.0000000,0.0000000
3,Albania,Europe,Southern Europe,Western Europe,0.0000000,0.0000000,0.0000000
4,Algeria,Africa,Northern Africa,West Asia & Northern Africa,0.0000000,0.0000000,0.0000000
5,American Samoa,Oceania,Polynesia,Oceania,0.0000000,0.0000000,0.0000000
6,Sudan,Africa,Northern Africa,West Asia & Northern Africa,0.0000000,0.0000000,0.0000000
7,Andorra,Europe,Southern Europe,Western Europe,0.0000000,0.0000000,0.0000000
8,Angola,Africa,Middle Africa,Sub-Saharan Africa,27695.8948400,18999.3839100,8696.5109300
9,Anguilla,Americas,Caribbean,Central & South America,0.0000000,0.0000000,0.0000000
10,Antarctica,Antarctica,,,0.0000000,0.0000000,0.0000000
11,Antigua and Barbuda,Americas,Caribbean,Central & South America,116.9489250,88.6115234,28.3374016
12,Argentina,Americas,South America,Central & South America,6071038.2770000,4588155.1150000,1482883.1620000
13,Armenia,Asia,Western Asia,West Asia & Northern Africa,0.0000000,0.0000000,0.0000000
14,Aruba,Americas,Caribbean,Central & South America,39.8295677,30.1786244,9.6509433
15,Arunachal Pradesh,Asia,Eastern Asia,East Asia,24028.1523300,18068.1565400,5959.9957900
16,Ashmore and Cartier Islands,Oceania,Australia and New Zealand,Oceania,0.0000000,0.0000000,0.0000000
17,Australia,Oceania,Australia and New Zealand,Oceania,2962635.9110000,2235551.4010000,727084.5100000
18,Austria,Europe,Western Europe,Western Europe,66445.9492300,53756.1027800,12689.8464500
19,Azerbaijan,Asia,Western Asia,West Asia & Northern Africa,0.0000000,0.0000000,0.0000000
20,Bahamas,Americas,Caribbean,Central & South America,0.0000000,0.0000000,0.0000000
21,Bahrain,Asia,Western Asia,West Asia & Northern Africa,0.0000000,0.0000000,0.0000000
22,Baker Island,Americas,Northern America,North America,0.0000000,0.0000000,0.0000000
23,Bangladesh,Asia,Southern Asia,South Asia,844117.7341000,606197.5377000,237920.1964000
24,Barbados,Americas,Caribbean,Central & South America,300.1402674,227.4144458,72.7258216
25,Bassas da India,Africa,Eastern Africa,Sub-Saharan Africa,0.0000000,0.0000000,0.0000000
26,Belarus,Europe,Eastern Europe,Eastern Europe,0.0000000,0.0000000,0.0000000
27,Belgium,Europe,Western Europe,Western Europe,1028841.9650000,832163.2529000,196678.7121000
28,Belize,Americas,Central America,Central & South America,2165.7484130,1641.6991940,524.0492190
29,Benin,Africa,Western Africa,Sub-Saharan Africa,17942.5753500,12308.6067100,5633.9686400
30,Bermuda,Americas,Northern America,North America,0.0000000,0.0000000,0.0000000
31,Bhutan,Asia,Southern Asia,South Asia,0.0000000,0.0000000,0.0000000
32,Bird Island,Americas,Caribbean,Central & South America,0.0000000,0.0000000,0.0000000
33,Bolivia,Americas,South America,Central & South America,70890.2996300,53736.8726600,17153.4269700
34,Bosnia and Herzegovina,Europe,Southern Europe,Western Europe,0.0000000,0.0000000,0.0000000
35,Botswana,Africa,Southern Africa,Sub-Saharan Africa,8314.0884880,5703.4647330,2610.6237550
36,Bouvet Island,Antarctica,,,0.0000000,0.0000000,0.0000000
37,Brazil,Americas,South America,Central & South America,28758786.6100000,21813673.4500000,6945113.1600000
38,British Indian Ocean Territory,Africa,Eastern Africa,South Asia,0.0000000,0.0000000,0.0000000
39,British Virgin Islands,Americas,Caribbean,Central & South America,0.0000000,0.0000000,0.0000000
40,Brunei Darussalam,Asia,South-Eastern Asia,East Asia,8.2942705,6.2006704,2.0936001
41,Bulgaria,Europe,Eastern Europe,Eastern Europe,0.0000000,0.0000000,0.0000000
42,Burkina Faso,Africa,Western Africa,Sub-Saharan Africa,61483.3838800,42177.6014300,19305.7824500
43,Burundi,Africa,Eastern Africa,Sub-Saharan Africa,6757.0075560,4635.3071650,2121.7003910
44,Cambodia,Asia,South-Eastern Asia,East Asia,198250.2066000,145801.2710000,52448.9356000
45,Cameroon,Africa,Middle Africa,Sub-Saharan Africa,16196.1605700,11110.5663200,5085.5942500
46,Canada,Americas,Northern America,North America,1228520.7460000,987431.5298000,241089.2162000
47,Cape Verde,Africa,Western Africa,Sub-Saharan Africa,0.0000000,0.0000000,0.0000000
48,Cayman Islands,Americas,Caribbean,Central & South America,123.2364349,93.3755176,29.8609173
49,Central African Republic,Africa,Middle Africa,Sub-Saharan Africa,10242.9735600,7026.6798830,3216.2936770
50,Chad,Africa,Middle Africa,Sub-Saharan Africa,61651.7683300,42293.1131900,19358.6551400
51,Chile,Americas,South America,Central & South America,64666.3567000,49018.9460000,15647.4107000
52,China/India,Asia,Eastern Asia,East Asia,0.0000000,0.0000000,0.0000000
53,China,Asia,Eastern Asia,East Asia,21351773.8300000,16082317.2800000,5269456.5500000
54,Christmas Island,Asia,South-Eastern Asia,East Asia,0.0000000,0.0000000,0.0000000
55,Clipperton Island,Americas,Central America,Central & South America,0.0000000,0.0000000,0.0000000
56,Cocos (Keeling) Islands,Asia,South-Eastern Asia,East Asia,0.0000000,0.0000000,0.0000000
57,Colombia,Americas,South America,Central & South America,974594.0435000,738770.1315000,235823.9120000
58,Comoros,Africa,Eastern Africa,Sub-Saharan Africa,101.5749166,69.6803929,31.8945237
59,Congo,Africa,Middle Africa,Sub-Saharan Africa,889.8248120,610.4198164,279.4049956
60,Cook Islands,Oceania,Polynesia,Oceania,0.0000000,0.0000000,0.0000000
61,Costa Rica,Americas,Central America,Central & South America,0.0000000,0.0000000,0.0000000
62,Croatia,Europe,Southern Europe,Western Europe,0.0000000,0.0000000,0.0000000
63,Cuba,Americas,Caribbean,Central & South America,281635.9287000,213393.8264000,68242.1023000
64,Cyprus,Asia,Western Asia,West Asia & Northern Africa,0.0000000,0.0000000,0.0000000
65,Czech Republic,Europe,Eastern Europe,Eastern Europe,94245.0330800,76241.4044400,18003.6286400
66,C?te d'Ivoire,Africa,Western Africa,Sub-Saharan Africa,7479.7817730,5131.1302790,2348.6514940
67,Dem People's Rep of Korea,Asia,Eastern Asia,East Asia,17110.0747300,12866.0539800,4244.0207500
68,Democratic Republic of the Congo,Africa,Middle Africa,Sub-Saharan Africa,2690.8246390,1845.9057450,844.9188940
69,Denmark,Europe,Northern Europe,Western Europe,0.0000000,0.0000000,0.0000000
70,Djibouti,Africa,Eastern Africa,Sub-Saharan Africa,0.0000000,0.0000000,0.0000000
71,Dominica,Americas,Caribbean,Central & South America,0.0000000,0.0000000,0.0000000
72,Dominican Republic,Americas,Caribbean,Central & South America,173763.3912000,131659.4625000,42103.9287000
73,Ecuador,Americas,South America,Central & South America,170686.4124000,129385.1781000,41301.2343000
74,South Sudan,Africa,Northern Africa,West Asia & Northern Africa,0.0000000,0.0000000,0.0000000
75,El Salvador,Americas,Central America,Central & South America,28446.0160600,21503.9363100,6942.0797500
76,Equatorial Guinea,Africa,Middle Africa,Sub-Saharan Africa,43.8654556,30.0917035,13.7737522
77,Eritrea,Africa,Eastern Africa,Sub-Saharan Africa,0.0000000,0.0000000,0.0000000
78,Estonia,Europe,Northern Europe,Western Europe,0.0000000,0.0000000,0.0000000
79,Ethiopia,Africa,Eastern Africa,Sub-Saharan Africa,459703.1503000,315356.3615000,144346.7888000
80,Europa Island,Africa,Eastern Africa,Sub-Saharan Africa,0.0000000,0.0000000,0.0000000
81,Falkland Islands (Malvinas),Americas,South America,Central & South America,0.1177376,0.0892629,0.0284747
82,Faroe Islands,Europe,Northern Europe,Western Europe,0.0000000,0.0000000,0.0000000
83,Fiji,Oceania,Melanesia,Oceania,56111.2278900,42434.1832100,13677.0446800
84,Finland,Europe,Northern Europe,Western Europe,5480.9264420,4433.6474460,1047.2789960
85,France,Europe,Western Europe,Western Europe,3542665.9990000,2866392.1360000,676273.8630000
86,French Guiana,Americas,South America,Central & South America,13.8879161,10.5274356,3.3604805
87,French Polynesia,Oceania,Polynesia,Oceania,0.0000000,0.0000000,0.0000000
88,French Southern and Antarctic Territories,Antarctica,,,0.0000000,0.0000000,0.0000000
89,Gabon,Africa,Middle Africa,Sub-Saharan Africa,1.9749445,1.3548119,0.6201326
90,Gambia,Africa,Western Africa,Sub-Saharan Africa,4328.0781750,2969.0616260,1359.0165490
91,Gaza Strip,Asia,Western Asia,West Asia & Northern Africa,0.0000000,0.0000000,0.0000000
92,Georgia,Asia,Western Asia,West Asia & Northern Africa,0.0000000,0.0000000,0.0000000
93,Germany,Europe,Western Europe,Western Europe,202168.7700000,163550.5047000,38618.2653000
94,Ghana,Africa,Western Africa,Sub-Saharan Africa,5111.7231780,3506.6420910,1605.0810870
95,Gibraltar,Europe,Southern Europe,Western Europe,0.0000000,0.0000000,0.0000000
96,Glorioso Island,Africa,Eastern Africa,Sub-Saharan Africa,0.0000000,0.0000000,0.0000000
97,Greece,Europe,Southern Europe,Western Europe,32322.5858900,26146.7894100,6175.7964800
98,Greenland,Americas,Northern America,North America,0.0000000,0.0000000,0.0000000
99,Grenada,Americas,Caribbean,Central & South America,65.7182465,49.7943262,15.9239203
100,Guadeloupe,Americas,Caribbean,Central & South America,2346.7006990,1778.0807320,568.6199670
101,Guam,Oceania,Micronesia,Oceania,43.8377523,33.1523378,10.6854145
102,Abyei,Africa,Northern Africa,West Asia & Northern Africa,0.0000000,0.0000000,0.0000000
103,Guatemala,Americas,Central America,Central & South America,98043.4904300,74321.9677900,23721.5226400
104,Guernsey,Europe,Northern Europe,Western Europe,719.6104736,582.1163281,137.4941455
105,Guinea-Bissau,Africa,Western Africa,Sub-Saharan Africa,2502.3501770,1716.6122170,785.7379600
106,Guinea,Africa,Western Africa,Sub-Saharan Africa,15646.6846000,10733.6256500,4913.0589500
107,Guyana,Americas,South America,Central & South America,164.4010423,124.6207159,39.7803264
108,Haiti,Americas,Caribbean,Central & South America,85087.5666900,64470.3303300,20617.2363600
109,Heard Island and McDonald Islands,Antarctica,,,0.0000000,0.0000000,0.0000000
110,Holy See,Europe,Southern Europe,Western Europe,0.0000000,0.0000000,0.0000000
111,Honduras,Americas,Central America,Central & South America,64767.1940800,49096.8377600,15670.3563200
112,Howland Island,Americas,Northern America,North America,0.0000000,0.0000000,0.0000000
113,Hungary,Europe,Eastern Europe,Eastern Europe,0.0000000,0.0000000,0.0000000
114,Iceland,Europe,Northern Europe,Western Europe,0.0000000,0.0000000,0.0000000
115,India,Asia,Southern Asia,South Asia,7747209.6710000,5602270.6240000,2144939.0470000
116,Indonesia,Asia,South-Eastern Asia,East Asia,869256.6967000,648198.0383000,221058.6584000
117,Iran  (Islamic Republic of),Asia,Southern Asia,South Asia,0.0000000,0.0000000,0.0000000
118,Iraq,Asia,Western Asia,West Asia & Northern Africa,159684.0342000,120075.6537000,39608.3805000
119,Ireland,Europe,Northern Europe,Western Europe,926758.4604000,749635.5463000,177122.9141000
120,Isle of Man,Europe,Northern Europe,Western Europe,3359.7263790,2717.7918160,641.9345630
121,Israel,Asia,Western Asia,West Asia & Northern Africa,91232.2134500,69016.2946800,22215.9187700
122,Italy,Europe,Southern Europe,Western Europe,462984.1475000,374538.6230000,88445.5245000
123,Jamaica,Americas,Caribbean,Central & South America,10558.8393800,8000.3681230,2558.4712570
126,Japan,Asia,Eastern Asia,East Asia,300819.4623000,227318.1574000,73501.3049000
127,Jarvis Island,Americas,Northern America,North America,0.0000000,0.0000000,0.0000000
128,Jersey,Europe,Northern Europe,Western Europe,1164.1929630,941.7534766,222.4394864
129,Johnston Atoll,Americas,Northern America,North America,0.0000000,0.0000000,0.0000000
130,Jordan,Asia,Western Asia,West Asia & Northern Africa,0.0000000,0.0000000,0.0000000
131,Juan de Nova Island,Africa,Eastern Africa,Sub-Saharan Africa,0.0000000,0.0000000,0.0000000
132,Kazakhstan,Asia,Central Asia,West Asia & Northern Africa,0.0000000,0.0000000,0.0000000
133,Kenya,Africa,Eastern Africa,Sub-Saharan Africa,0.0000000,0.0000000,0.0000000
134,Kingman Reef,Americas,Northern America,North America,0.0000000,0.0000000,0.0000000
135,Kiribati,Oceania,Micronesia,Oceania,0.0000000,0.0000000,0.0000000
136,Kuril islands,Asia,Eastern Asia,East Asia,332.0621852,249.6967171,82.3654681
137,Kuwait,Asia,Western Asia,West Asia & Northern Africa,53.4897605,40.2220509,13.2677096
138,Kyrgyzstan,Asia,Central Asia,West Asia & Northern Africa,0.0000000,0.0000000,0.0000000
139,Lao People's Democratic Republic,Asia,South-Eastern Asia,East Asia,62656.3687400,46841.0630000,15815.3057400
140,Latvia,Europe,Northern Europe,Western Europe,0.0000000,0.0000000,0.0000000
141,Lebanon,Asia,Western Asia,West Asia & Northern Africa,0.0000000,0.0000000,0.0000000
142,Lesotho,Africa,Southern Africa,Sub-Saharan Africa,678.6220919,465.5347525,213.0873394
144,Liberia,Africa,Western Africa,Sub-Saharan Africa,223.9370716,153.6208304,70.3162412
145,Libya,Africa,Northern Africa,West Asia & Northern Africa,0.0000000,0.0000000,0.0000000
146,Liechtenstein,Europe,Western Europe,Western Europe,0.0000000,0.0000000,0.0000000
147,Lithuania,Europe,Northern Europe,Western Europe,0.0000000,0.0000000,0.0000000
148,Luxembourg,Europe,Western Europe,Western Europe,33521.5513600,27116.6717000,6404.8796600
149,Macau,Asia,Eastern Asia,East Asia,0.0000000,0.0000000,0.0000000
150,Madagascar,Africa,Eastern Africa,Sub-Saharan Africa,12242.1781800,8398.1342440,3844.0439360
151,Madeira Islands,Europe,Southern Europe,Western Europe,0.0000000,0.0000000,0.0000000
152,Malawi,Africa,Eastern Africa,Sub-Saharan Africa,4816.2350940,3303.9373210,1512.2977730
153,Malaysia,Asia,South-Eastern Asia,East Asia,33113.5770000,24946.6252400,8166.9517600
154,Maldives,Asia,Southern Asia,South Asia,0.0000000,0.0000000,0.0000000
155,Mali,Africa,Western Africa,Sub-Saharan Africa,14079.3837000,9658.4572360,4420.9264640
156,Malta,Europe,Southern Europe,Western Europe,0.0000000,0.0000000,0.0000000
157,Marshall Islands,Oceania,Micronesia,Oceania,0.0000000,0.0000000,0.0000000
158,Martinique,Americas,Caribbean,Central & South America,1494.7660830,1132.5751040,362.1909790
159,Mauritania,Africa,Western Africa,Sub-Saharan Africa,1139.9964970,782.0375987,357.9588983
160,Mauritius,Africa,Eastern Africa,Sub-Saharan Africa,0.0000000,0.0000000,0.0000000
161,Mayotte,Africa,Eastern Africa,Sub-Saharan Africa,0.6855722,0.4703025,0.2152696
162,Mexico,Americas,Central America,Central & South America,1954280.6900000,1476486.0130000,477794.6770000
163,Micronesia (Federated States of),Oceania,Micronesia,Oceania,3990.6035160,3017.8987500,972.7047660
164,Midway Island,Americas,Northern America,North America,0.0000000,0.0000000,0.0000000
165,"Moldova, Republic of",Europe,Eastern Europe,Eastern Europe,0.0000000,0.0000000,0.0000000
166,Monaco,Europe,Western Europe,Western Europe,0.0000000,0.0000000,0.0000000
167,Mongolia,Asia,Eastern Asia,East Asia,8130.4067250,5908.1792070,2222.2275180
168,Montserrat,Americas,Caribbean,Central & South America,0.0000000,0.0000000,0.0000000
169,Morocco,Africa,Northern Africa,West Asia & Northern Africa,0.0000000,0.0000000,0.0000000
170,Mozambique,Africa,Eastern Africa,Sub-Saharan Africa,0.0000000,0.0000000,0.0000000
171,Myanmar,Asia,South-Eastern Asia,East Asia,375997.3093000,278922.8891000,97074.4202000
172,Namibia,Africa,Southern Africa,Sub-Saharan Africa,8430.8610760,5783.5706880,2647.2903880
173,Nauru,Oceania,Micronesia,Oceania,0.0000000,0.0000000,0.0000000
174,Navassa Island,Americas,Northern America,North America,0.0000000,0.0000000,0.0000000
175,Nepal,Asia,Southern Asia,South Asia,262585.3482000,193135.0372000,69450.3110000
176,Netherlands Antilles,Americas,Caribbean,Central & South America,0.0000000,0.0000000,0.0000000
177,Netherlands,Europe,Western Europe,Western Europe,0.0000000,0.0000000,0.0000000
178,New Caledonia,Oceania,Melanesia,Oceania,0.0000000,0.0000000,0.0000000
179,New Zealand,Oceania,Australia and New Zealand,Oceania,0.0000000,0.0000000,0.0000000
180,Nicaragua,Americas,Central America,Central & South America,60524.9285100,45880.9836900,14643.9448200
181,Niger,Africa,Western Africa,Sub-Saharan Africa,71726.5122900,49204.3872900,22522.1250000
182,Nigeria,Africa,Western Africa,Sub-Saharan Africa,174584.8387000,119765.1991000,54819.6396000
183,Niue,Oceania,Polynesia,Oceania,0.0000000,0.0000000,0.0000000
184,Norfolk Island,Oceania,Australia and New Zealand,Oceania,0.0000000,0.0000000,0.0000000
185,Northern Mariana Islands,Oceania,Micronesia,Oceania,243.7969246,184.3716998,59.4252248
186,Norway,Europe,Northern Europe,Western Europe,17128.5229500,13855.8185600,3272.7043900
187,Oman,Asia,Western Asia,West Asia & Northern Africa,145.3276335,109.2802658,36.0473677
188,Pakistan,Asia,Southern Asia,South Asia,367215.7417000,273080.2381000,94135.5036000
189,Palau,Oceania,Micronesia,Oceania,8.3622017,6.3239233,2.0382784
190,Palmyra Atoll,Americas,Northern America,North America,0.0000000,0.0000000,0.0000000
191,Panama,Americas,Central America,Central & South America,129223.6420000,97867.0737500,31356.5682500
192,Papua New Guinea,Oceania,Melanesia,Oceania,17215.8989900,13019.5441100,4196.3548800
193,Paracel Islands,Asia,South-Eastern Asia,East Asia,0.0000000,0.0000000,0.0000000
194,Paraguay,Americas,South America,Central & South America,569403.3374000,431636.7807000,137766.5567000
195,Peru,Americas,South America,Central & South America,92602.2866000,70197.2576400,22405.0289600
196,Philippines,Asia,South-Eastern Asia,East Asia,225136.2316000,168308.8352000,56827.3964000
197,Pitcairn,Oceania,Polynesia,Oceania,0.0000000,0.0000000,0.0000000
198,Poland,Europe,Eastern Europe,Eastern Europe,0.0000000,0.0000000,0.0000000
199,Portugal,Europe,Southern Europe,Western Europe,292835.2779000,236852.5822000,55982.6957000
200,Puerto Rico,Americas,Caribbean,Central & South America,12238.0126400,9272.6676070,2965.3450330
201,Qatar,Asia,Western Asia,West Asia & Northern Africa,0.0000000,0.0000000,0.0000000
202,Republic of Korea,Asia,Eastern Asia,East Asia,1001354.6970000,760368.9944000,240985.7026000
203,Romania,Europe,Eastern Europe,Eastern Europe,0.0000000,0.0000000,0.0000000
204,Russian Federation,Europe,Eastern Europe,Russian Federation,0.0000000,0.0000000,0.0000000
205,Rwanda,Africa,Eastern Africa,Sub-Saharan Africa,9041.1290960,6202.2145690,2838.9145270
206,R?union,Africa,Eastern Africa,Sub-Saharan Africa,0.0000000,0.0000000,0.0000000
207,Saint Helena,Africa,Western Africa,Sub-Saharan Africa,0.0000000,0.0000000,0.0000000
208,Saint Kitts and Nevis,Americas,Caribbean,Central & South America,313.0195389,237.1729785,75.8465604
209,Saint Lucia,Americas,Caribbean,Central & South America,459.5556641,348.2025195,111.3531446
210,Saint Pierre et Miquelon,Americas,Northern America,Oceania,0.0000000,0.0000000,0.0000000
211,Saint Vincent and the Grenadines,Americas,Caribbean,Central & South America,46.5248128,35.2515849,11.2732279
212,Samoa,Oceania,Polynesia,Oceania,0.0000000,0.0000000,0.0000000
213,San Marino,Europe,Southern Europe,Western Europe,392.9132385,317.8402734,75.0729651
214,Sao Tome and Principe,Africa,Middle Africa,Sub-Saharan Africa,17.6864049,12.1328738,5.5535311
215,Saudi Arabia,Asia,Western Asia,West Asia & Northern Africa,317.8545106,240.1749312,77.6795794
216,Scarborough Reef,Asia,South-Eastern Asia,East Asia,0.0000000,0.0000000,0.0000000
217,Senegal,Africa,Western Africa,Sub-Saharan Africa,15927.3318600,10926.1496200,5001.1822400
218,Senkaku Islands,Asia,Eastern Asia,East Asia,0.0000000,0.0000000,0.0000000
220,Seychelles,Africa,Eastern Africa,Sub-Saharan Africa,0.0000000,0.0000000,0.0000000
221,Sierra Leone,Africa,Western Africa,Sub-Saharan Africa,2523.4752630,1731.1040330,792.3712300
222,Singapore,Asia,South-Eastern Asia,East Asia,12.5763488,9.4745924,3.1017564
223,Slovakia,Europe,Eastern Europe,Eastern Europe,7280.5360990,5889.4620520,1391.0740470
224,Slovenia,Europe,Southern Europe,Western Europe,26356.1077100,21320.3114000,5035.7963100
225,Solomon Islands,Oceania,Melanesia,Oceania,17.7862104,13.4508431,4.3353673
226,Somalia,Africa,Eastern Africa,Sub-Saharan Africa,0.0000000,0.0000000,0.0000000
227,South Africa,Africa,Southern Africa,Sub-Saharan Africa,1310757.6540000,899179.7498000,411577.9042000
228,South Georgia and the South Sandwich Islands,Antarctica,,,0.0000000,0.0000000,0.0000000
229,Spain,Europe,Southern Europe,Western Europe,1314113.4470000,1062212.0280000,251901.4190000
230,Spratly Islands,Asia,South-Eastern Asia,East Asia,0.0000000,0.0000000,0.0000000
231,Sri Lanka,Asia,Southern Asia,South Asia,39695.9931400,29519.9526000,10176.0405400
233,Suriname,Americas,South America,Central & South America,144.8041161,109.7689030,35.0352131
234,Svalbard and Jan Mayen Islands,Europe,Northern Europe,Western Europe,0.0000000,0.0000000,0.0000000
235,Swaziland,Africa,Southern Africa,Sub-Saharan Africa,334.5351152,229.4910869,105.0440283
236,Sweden,Europe,Northern Europe,Western Europe,87210.4301000,70551.3208900,16659.1092100
237,Switzerland,Europe,Western Europe,Western Europe,0.0000000,0.0000000,0.0000000
238,Syrian Arab Republic,Asia,Western Asia,West Asia & Northern Africa,0.0000000,0.0000000,0.0000000
239,Tajikistan,Asia,Central Asia,West Asia & Northern Africa,0.0000000,0.0000000,0.0000000
240,Thailand,Asia,South-Eastern Asia,East Asia,490074.2877000,366372.9819000,123701.3058000
241,The former Yugoslav Republic of Macedonia,Europe,Southern Europe,Western Europe,0.0000000,0.0000000,0.0000000
242,Timor-Leste,Asia,South-Eastern Asia,East Asia,11680.5981400,8590.3872940,3090.2108460
243,Togo,Africa,Western Africa,Sub-Saharan Africa,2019.8950280,1385.6479950,634.2470330
244,Tokelau,Oceania,Polynesia,Oceania,0.0000000,0.0000000,0.0000000
245,Tonga,Oceania,Polynesia,Oceania,0.0000000,0.0000000,0.0000000
246,Trinidad and Tobago,Americas,Caribbean,Central & South America,178.3081194,135.1029868,43.2051326
247,Tromelin Island,Africa,Eastern Africa,Sub-Saharan Africa,0.0000000,0.0000000,0.0000000
248,Tunisia,Africa,Northern Africa,West Asia & Northern Africa,0.0000000,0.0000000,0.0000000
249,Turkey,Asia,Western Asia,West Asia & Northern Africa,0.0000000,0.0000000,0.0000000
250,Turkmenistan,Asia,Central Asia,West Asia & Northern Africa,0.0000000,0.0000000,0.0000000
251,Turks and Caicos islands,Americas,Caribbean,Central & South America,171.5601730,129.9900439,41.5701291
252,Tuvalu,Oceania,Polynesia,Oceania,0.0000000,0.0000000,0.0000000
253,Uganda,Africa,Eastern Africa,Sub-Saharan Africa,2837.3729390,1946.4378200,890.9351190
254,Ukraine,Europe,Eastern Europe,Eastern Europe,0.0000000,0.0000000,0.0000000
255,United Arab Emirates,Asia,Western Asia,West Asia & Northern Africa,48.6901797,36.6129509,12.0772288
256,U.K. of Great Britain and Northern Ireland,Europe,Northern Europe,Western Europe,1410233.5190000,1140833.9620000,269399.5570000
257,United Republic of Tanzania,Africa,Eastern Africa,Sub-Saharan Africa,0.0000000,0.0000000,0.0000000
258,United States Virgin Islands,Americas,Caribbean,Central & South America,161.5635185,122.4156396,39.1478789
259,United States of America,Americas,Northern America,North America,18909235.0300000,15110238.4900000,3798996.5400000
260,Uruguay,Americas,South America,Central & South America,830939.2854000,628967.4304000,201971.8550000
261,Uzbekistan,Asia,Central Asia,West Asia & Northern Africa,0.0000000,0.0000000,0.0000000
262,Vanuatu,Oceania,Melanesia,Oceania,6234.3642450,4714.7454060,1519.6188390
263,Venezuela,Americas,South America,Central & South America,1095029.8670000,830088.5079000,264941.3591000
264,Viet Nam,Asia,South-Eastern Asia,East Asia,497438.8154000,371878.6027000,125560.2127000
265,Wake Island,Oceania,Micronesia,Oceania,0.0000000,0.0000000,0.0000000
266,Wallis and Futuna,Oceania,Polynesia,Oceania,0.0000000,0.0000000,0.0000000
267,West Bank,Asia,Western Asia,West Asia & Northern Africa,0.0000000,0.0000000,0.0000000
268,Western Sahara,Africa,Northern Africa,West Asia & Northern Africa,0.0000000,0.0000000,0.0000000
269,Yemen,Asia,Western Asia,West Asia & Northern Africa,30295.3639700,22780.8348500,7514.5291200
270,Zambia,Africa,Eastern Africa,Sub-Saharan Africa,22767.1908800,15618.2926000,7148.8982800
271,Zimbabwe,Africa,Eastern Africa,Sub-Saharan Africa,20290.6570100,13919.3907500,6371.2662600
2647,Montenegro,Europe,Southern Europe,Western Europe,0.0000000,0.0000000,0.0000000
2648,Serbia,Europe,Southern Europe,Western Europe,0.0000000,0.0000000,0.0000000
33364,Hong Kong,Asia,Eastern Asia,East Asia,1418.5497530,1066.6894730,351.8602800
40760,Hala'ib triangle,Africa,Northern Africa,West Asia & Northern Africa,0.0000000,0.0000000,0.0000000
40762,Ma'tan al-Sarra,Africa,Northern Africa,West Asia & Northern Africa,0.0000000,0.0000000,0.0000000
40765,Egypt,Africa,Northern Africa,West Asia & Northern Africa,0.0000000,0.0000000,0.0000000
40781,Jammu and Kashmir,Asia,Eastern Asia,East Asia,333403.7070000,250705.5131000,82698.1939000
61013,Ilemi triangle,Africa,Northern Africa,West Asia & Northern Africa,509.9204903,349.8054382,160.1150521
74578,Azores Islands,Europe,Southern Europe,Western Europe,0.0000000,0.0000000,0.0000000
