ADM0_CODE,ADM0_NAME,CONTINENT,REGION,REG_ANNEX5,Ninput,Noutput,Nlosses,INPUT_MEAT,OUTPUT_MEAT,INPUT_MILK,OUTPUT_MILK
1,Afghanistan,Asia,Southern Asia,South Asia,787096.4742,766007.4932,21088.98098,65166.40367,45160.31822,721930.0705,720847.175
2,Aksai Chin,Asia,Eastern Asia,East Asia,0,0,0,0,0,0,0
3,Albania,Europe,Southern Europe,Western Europe,145160.2281,133249.7154,11910.51265,31880.61392,23368.49031,113279.6142,109881.2251
4,Algeria,Africa,Northern Africa,West Asia & Northern Africa,1867234.549,1754443.229,112791.3199,365801.316,255262.1443,1501433.233,1499181.085
5,American Samoa,Oceania,Polynesia,Oceania,0,0,0,0,0,0,0
6,Sudan,Africa,Northern Africa,West Asia & Northern Africa,1461497.538,1372956.232,88541.3063,287351.2874,200571.2005,1174146.251,1172385.031
7,Andorra,Europe,Southern Europe,Western Europe,0,0,0,0,0,0,0
8,Angola,Africa,Middle Africa,Sub-Saharan Africa,0,0,0,0,0,0,0
9,Anguilla,Americas,Caribbean,Central & South America,0,0,0,0,0,0,0
10,Antarctica,Antarctica,,,0,0,0,0,0,0,0
11,Antigua and Barbuda,Americas,Caribbean,Central & South America,0,0,0,0,0,0,0
12,Argentina,Americas,South America,Central & South America,0,0,0,0,0,0,0
13,Armenia,Asia,Western Asia,West Asia & Northern Africa,103415.1889,102049.4055,1365.783444,3587.140765,2371.099997,99828.04818,99678.30551
14,Aruba,Americas,Caribbean,Central & South America,0,0,0,0,0,0,0
15,Arunachal Pradesh,Asia,Eastern Asia,East Asia,0,0,0,0,0,0,0
16,Ashmore and Cartier Islands,Oceania,Australia and New Zealand,Oceania,0,0,0,0,0,0,0
17,Australia,Oceania,Australia and New Zealand,Oceania,0,0,0,0,0,0,0
18,Austria,Europe,Western Europe,Western Europe,61837.81239,59256.5913,2581.221088,2469.682717,1669.505518,59368.12967,57587.08578
19,Azerbaijan,Asia,Western Asia,West Asia & Northern Africa,62712.41036,61533.01563,1179.394729,3215.780945,2125.631202,59496.62941,59407.38442
20,Bahamas,Americas,Caribbean,Central & South America,0,0,0,0,0,0,0
21,Bahrain,Asia,Western Asia,West Asia & Northern Africa,881.0827396,865.1889565,15.89378314,43.17679095,28.53985901,837.9059486,836.6490974
22,Baker Island,Americas,Northern America,North America,0,0,0,0,0,0,0
23,Bangladesh,Asia,Southern Asia,South Asia,3264.566079,3230.35551,34.21056967,95.95324739,66.49559957,3168.612832,3163.85991
24,Barbados,Americas,Caribbean,Central & South America,0,0,0,0,0,0,0
25,Bassas da India,Africa,Eastern Africa,Sub-Saharan Africa,0,0,0,0,0,0,0
26,Belarus,Europe,Eastern Europe,Eastern Europe,0,0,0,0,0,0,0
27,Belgium,Europe,Western Europe,Western Europe,0,0,0,0,0,0,0
28,Belize,Americas,Central America,Central & South America,0,0,0,0,0,0,0
29,Benin,Africa,Western Africa,Sub-Saharan Africa,0,0,0,0,0,0,0
30,Bermuda,Americas,Northern America,North America,0,0,0,0,0,0,0
31,Bhutan,Asia,Southern Asia,South Asia,0,0,0,0,0,0,0
32,Bird Island,Americas,Caribbean,Central & South America,0,0,0,0,0,0,0
33,Bolivia,Americas,South America,Central & South America,319322.3793,301260.038,18062.34131,60884.20094,43209.51677,258438.1784,258050.5213
34,Bosnia and Herzegovina,Europe,Southern Europe,Western Europe,73034.01303,67212.95149,5821.061536,15316.62996,11227.08989,57717.38307,55985.8616
35,Botswana,Africa,Southern Africa,Sub-Saharan Africa,0,0,0,0,0,0,0
36,Bouvet Island,Antarctica,,,0,0,0,0,0,0,0
37,Brazil,Americas,South America,Central & South America,0,0,0,0,0,0,0
38,British Indian Ocean Territory,Africa,Eastern Africa,South Asia,0,0,0,0,0,0,0
39,British Virgin Islands,Americas,Caribbean,Central & South America,0,0,0,0,0,0,0
40,Brunei Darussalam,Asia,South-Eastern Asia,East Asia,0,0,0,0,0,0,0
41,Bulgaria,Europe,Eastern Europe,Eastern Europe,129855.0701,122714.7612,7140.308858,10673.21384,7108.360422,119181.8562,115606.4008
42,Burkina Faso,Africa,Western Africa,Sub-Saharan Africa,173992.762,172082.0333,1910.728733,4653.707532,2996.98761,169339.0545,169085.0457
43,Burundi,Africa,Eastern Africa,Sub-Saharan Africa,1943.787537,1872.607991,71.17954573,205.304933,136.733083,1738.482604,1735.874908
44,Cambodia,Asia,South-Eastern Asia,East Asia,0,0,0,0,0,0,0
45,Cameroon,Africa,Middle Africa,Sub-Saharan Africa,129237.8622,122103.3481,7134.514028,20874.15662,13902.18836,108363.7056,108201.1598
46,Canada,Americas,Northern America,North America,0,0,0,0,0,0,0
47,Cape Verde,Africa,Western Africa,Sub-Saharan Africa,0,0,0,0,0,0,0
48,Cayman Islands,Americas,Caribbean,Central & South America,0,0,0,0,0,0,0
49,Central African Republic,Africa,Middle Africa,Sub-Saharan Africa,0,0,0,0,0,0,0
50,Chad,Africa,Middle Africa,Sub-Saharan Africa,72790.05674,71137.4828,1652.573935,4641.770846,3091.419385,68148.28589,68046.06342
51,Chile,Americas,South America,Central & South America,0,0,0,0,0,0,0
52,China/India,Asia,Eastern Asia,East Asia,0,0,0,0,0,0,0
53,China,Asia,Eastern Asia,East Asia,13214608.85,13011755.33,202853.5268,621499.5195,437535.6565,12593109.33,12574219.67
54,Christmas Island,Asia,South-Eastern Asia,East Asia,0,0,0,0,0,0,0
55,Clipperton Island,Americas,Central America,Central & South America,0,0,0,0,0,0,0
56,Cocos (Keeling) Islands,Asia,South-Eastern Asia,East Asia,0,0,0,0,0,0,0
57,Colombia,Americas,South America,Central & South America,0,0,0,0,0,0,0
58,Comoros,Africa,Eastern Africa,Sub-Saharan Africa,0,0,0,0,0,0,0
59,Congo,Africa,Middle Africa,Sub-Saharan Africa,0,0,0,0,0,0,0
60,Cook Islands,Oceania,Polynesia,Oceania,0,0,0,0,0,0,0
61,Costa Rica,Americas,Central America,Central & South America,0,0,0,0,0,0,0
62,Croatia,Europe,Southern Europe,Western Europe,38898.63012,36430.01568,2468.614439,5492.218175,4025.795954,33406.41195,32404.21973
63,Cuba,Americas,Caribbean,Central & South America,0,0,0,0,0,0,0
64,Cyprus,Asia,Western Asia,West Asia & Northern Africa,64480.47008,61911.75638,2568.713699,2052.750402,1356.86804,62427.71968,60554.88834
65,Czech Republic,Europe,Eastern Europe,Eastern Europe,71325.72054,68490.97343,2834.747109,2286.103779,1522.545116,69039.61676,66968.42832
66,C?te d'Ivoire,Africa,Western Africa,Sub-Saharan Africa,0,0,0,0,0,0,0
67,Dem People's Rep of Korea,Asia,Eastern Asia,East Asia,0,0,0,0,0,0,0
68,Democratic Republic of the Congo,Africa,Middle Africa,Sub-Saharan Africa,0,0,0,0,0,0,0
69,Denmark,Europe,Northern Europe,Western Europe,0,0,0,0,0,0,0
70,Djibouti,Africa,Eastern Africa,Sub-Saharan Africa,0,0,0,0,0,0,0
71,Dominica,Americas,Caribbean,Central & South America,0,0,0,0,0,0,0
72,Dominican Republic,Americas,Caribbean,Central & South America,0,0,0,0,0,0,0
73,Ecuador,Americas,South America,Central & South America,26874.36836,25664.10532,1210.263042,3616.542808,2441.166436,23257.82555,23222.93888
74,South Sudan,Africa,Northern Africa,West Asia & Northern Africa,886966.3391,838515.3063,48451.03283,153326.6763,105976.103,733639.6628,732539.2033
75,El Salvador,Americas,Central America,Central & South America,0,0,0,0,0,0,0
76,Equatorial Guinea,Africa,Middle Africa,Sub-Saharan Africa,0,0,0,0,0,0,0
77,Eritrea,Africa,Eastern Africa,Sub-Saharan Africa,22380.02032,21721.44652,658.5738049,1879.710456,1251.887164,20500.30987,20469.55935
78,Estonia,Europe,Northern Europe,Western Europe,0,0,0,0,0,0,0
79,Ethiopia,Africa,Eastern Africa,Sub-Saharan Africa,219473.854,212912.3624,6561.49169,18743.70129,12483.30502,200730.1528,200429.0573
80,Europa Island,Africa,Eastern Africa,Sub-Saharan Africa,0,0,0,0,0,0,0
81,Falkland Islands (Malvinas),Americas,South America,Central & South America,0,0,0,0,0,0,0
82,Faroe Islands,Europe,Northern Europe,Western Europe,0,0,0,0,0,0,0
83,Fiji,Oceania,Melanesia,Oceania,0,0,0,0,0,0,0
84,Finland,Europe,Northern Europe,Western Europe,0,0,0,0,0,0,0
85,France,Europe,Western Europe,Western Europe,623196.6723,591981.0027,31215.66965,42584.25549,28786.95677,580612.4168,563194.0459
86,French Guiana,Americas,South America,Central & South America,0,0,0,0,0,0,0
87,French Polynesia,Oceania,Polynesia,Oceania,0,0,0,0,0,0,0
88,French Southern and Antarctic Territories,Antarctica,,,0,0,0,0,0,0,0
89,Gabon,Africa,Middle Africa,Sub-Saharan Africa,0,0,0,0,0,0,0
90,Gambia,Africa,Western Africa,Sub-Saharan Africa,0,0,0,0,0,0,0
91,Gaza Strip,Asia,Western Asia,West Asia & Northern Africa,4342.496094,4277.098901,65.39719239,174.4693604,115.3242432,4168.026733,4161.774658
92,Georgia,Asia,Western Asia,West Asia & Northern Africa,30458.34271,29986.57532,471.7673939,1262.458828,834.485284,29195.88388,29152.09003
93,Germany,Europe,Western Europe,Western Europe,0,0,0,0,0,0,0
94,Ghana,Africa,Western Africa,Sub-Saharan Africa,0,0,0,0,0,0,0
95,Gibraltar,Europe,Southern Europe,Western Europe,0,0,0,0,0,0,0
96,Glorioso Island,Africa,Eastern Africa,Sub-Saharan Africa,0,0,0,0,0,0,0
97,Greece,Europe,Southern Europe,Western Europe,1107550.332,1026636.315,80914.01776,201213.1269,147489.2233,906337.2055,879147.0913
98,Greenland,Americas,Northern America,North America,0,0,0,0,0,0,0
99,Grenada,Americas,Caribbean,Central & South America,0,0,0,0,0,0,0
100,Guadeloupe,Americas,Caribbean,Central & South America,0,0,0,0,0,0,0
101,Guam,Oceania,Micronesia,Oceania,0,0,0,0,0,0,0
102,Abyei,Africa,Northern Africa,West Asia & Northern Africa,6526.08633,6130.719111,395.3672189,1283.121784,895.6190253,5242.964546,5235.100086
103,Guatemala,Americas,Central America,Central & South America,0,0,0,0,0,0,0
104,Guernsey,Europe,Northern Europe,Western Europe,0,0,0,0,0,0,0
105,Guinea-Bissau,Africa,Western Africa,Sub-Saharan Africa,12131.56247,11693.5192,438.0432759,1184.33273,762.7102646,10947.22974,10930.80893
106,Guinea,Africa,Western Africa,Sub-Saharan Africa,22585.95005,21707.23491,878.7151406,2383.176798,1534.765838,20202.77325,20172.46907
107,Guyana,Americas,South America,Central & South America,0,0,0,0,0,0,0
108,Haiti,Americas,Caribbean,Central & South America,0,0,0,0,0,0,0
109,Heard Island and McDonald Islands,Antarctica,,,0,0,0,0,0,0,0
110,Holy See,Europe,Southern Europe,Western Europe,0,0,0,0,0,0,0
111,Honduras,Americas,Central America,Central & South America,0,0,0,0,0,0,0
112,Howland Island,Americas,Northern America,North America,0,0,0,0,0,0,0
113,Hungary,Europe,Eastern Europe,Eastern Europe,1290.973837,1194.428772,96.54506492,190.1837225,126.6623583,1100.790115,1067.766414
114,Iceland,Europe,Northern Europe,Western Europe,0,0,0,0,0,0,0
115,India,Asia,Southern Asia,South Asia,0,0,0,0,0,0,0
116,Indonesia,Asia,South-Eastern Asia,East Asia,191507.4517,187290.4798,4216.971915,11999.11842,8051.408497,179508.3333,179239.0713
117,Iran  (Islamic Republic of),Asia,Southern Asia,South Asia,2265428.452,2219557.747,45870.70484,139026.3929,96345.29133,2126402.059,2123212.456
118,Iraq,Asia,Western Asia,West Asia & Northern Africa,315275.4186,295530.6296,19744.78899,57101.85397,37744.32547,258173.5646,257786.3041
119,Ireland,Europe,Northern Europe,Western Europe,0,0,0,0,0,0,0
120,Isle of Man,Europe,Northern Europe,Western Europe,0,0,0,0,0,0,0
121,Israel,Asia,Western Asia,West Asia & Northern Africa,55425.99162,53114.54318,2311.448441,2099.250453,1387.604556,53326.74117,51726.93862
122,Italy,Europe,Southern Europe,Western Europe,884572.8092,829447.7364,55125.07283,120624.0015,88417.39395,763948.8077,741030.3424
123,Jamaica,Americas,Caribbean,Central & South America,0,0,0,0,0,0,0
126,Japan,Asia,Eastern Asia,East Asia,0,0,0,0,0,0,0
127,Jarvis Island,Americas,Northern America,North America,0,0,0,0,0,0,0
128,Jersey,Europe,Northern Europe,Western Europe,0,0,0,0,0,0,0
129,Johnston Atoll,Americas,Northern America,North America,0,0,0,0,0,0,0
130,Jordan,Asia,Western Asia,West Asia & Northern Africa,317487.2305,298066.9845,19420.24601,32024.68955,21168.31993,285462.541,276898.6646
131,Juan de Nova Island,Africa,Eastern Africa,Sub-Saharan Africa,0,0,0,0,0,0,0
132,Kazakhstan,Asia,Central Asia,West Asia & Northern Africa,218971.3979,216826.4526,2144.945266,6168.041024,4342.300827,212803.3569,212484.1518
133,Kenya,Africa,Eastern Africa,Sub-Saharan Africa,189136.3963,182115.8988,7020.497482,20261.0311,13493.84673,168875.3652,168622.0521
134,Kingman Reef,Americas,Northern America,North America,0,0,0,0,0,0,0
135,Kiribati,Oceania,Micronesia,Oceania,0,0,0,0,0,0,0
136,Kuril islands,Asia,Eastern Asia,East Asia,0,0,0,0,0,0,0
137,Kuwait,Asia,Western Asia,West Asia & Northern Africa,1220.236083,1164.881149,55.35493402,60.67265717,40.10462629,1159.563426,1124.776523
138,Kyrgyzstan,Asia,Central Asia,West Asia & Northern Africa,329826.1173,326579.5919,3246.525393,9343.924593,6578.122845,320482.1927,320001.4691
139,Lao People's Democratic Republic,Asia,South-Eastern Asia,East Asia,0,0,0,0,0,0,0
140,Latvia,Europe,Northern Europe,Western Europe,0,0,0,0,0,0,0
141,Lebanon,Asia,Western Asia,West Asia & Northern Africa,26107.09709,25630.28591,476.8111844,1296.741946,857.1464301,24810.35515,24773.13948
142,Lesotho,Africa,Southern Africa,Sub-Saharan Africa,0,0,0,0,0,0,0
144,Liberia,Africa,Western Africa,Sub-Saharan Africa,0,0,0,0,0,0,0
145,Libya,Africa,Northern Africa,West Asia & Northern Africa,471116.0419,447521.5803,23594.46166,76165.68364,53163.64794,394950.3583,394357.9323
146,Liechtenstein,Europe,Western Europe,Western Europe,0,0,0,0,0,0,0
147,Lithuania,Europe,Northern Europe,Western Europe,0,0,0,0,0,0,0
148,Luxembourg,Europe,Western Europe,Western Europe,0,0,0,0,0,0,0
149,Macau,Asia,Eastern Asia,East Asia,0,0,0,0,0,0,0
150,Madagascar,Africa,Eastern Africa,Sub-Saharan Africa,0,0,0,0,0,0,0
151,Madeira Islands,Europe,Southern Europe,Western Europe,0,0,0,0,0,0,0
152,Malawi,Africa,Eastern Africa,Sub-Saharan Africa,0,0,0,0,0,0,0
153,Malaysia,Asia,South-Eastern Asia,East Asia,0,0,0,0,0,0,0
154,Maldives,Asia,Southern Asia,South Asia,0,0,0,0,0,0,0
155,Mali,Africa,Western Africa,Sub-Saharan Africa,975911.355,955997.9901,19913.36489,52043.71533,33516.15227,923867.6397,922481.8378
156,Malta,Europe,Southern Europe,Western Europe,0,0,0,0,0,0,0
157,Marshall Islands,Oceania,Micronesia,Oceania,0,0,0,0,0,0,0
158,Martinique,Americas,Caribbean,Central & South America,0,0,0,0,0,0,0
159,Mauritania,Africa,Western Africa,Sub-Saharan Africa,962756.0566,951060.8324,11695.22419,28917.0461,18622.57759,933839.0105,932438.2548
160,Mauritius,Africa,Eastern Africa,Sub-Saharan Africa,0,0,0,0,0,0,0
161,Mayotte,Africa,Eastern Africa,Sub-Saharan Africa,0,0,0,0,0,0,0
162,Mexico,Americas,Central America,Central & South America,0,0,0,0,0,0,0
163,Micronesia (Federated States of),Oceania,Micronesia,Oceania,0,0,0,0,0,0,0
164,Midway Island,Americas,Northern America,North America,0,0,0,0,0,0,0
165,"Moldova, Republic of",Europe,Eastern Europe,Eastern Europe,2259.156168,2073.924334,185.2318339,386.3721981,257.3238855,1872.78397,1816.600449
166,Monaco,Europe,Western Europe,Western Europe,0,0,0,0,0,0,0
167,Mongolia,Asia,Eastern Asia,East Asia,285012.1648,272147.0822,12865.08267,42232.81479,29731.90127,242779.3501,242415.1809
168,Montserrat,Americas,Caribbean,Central & South America,0,0,0,0,0,0,0
169,Morocco,Africa,Northern Africa,West Asia & Northern Africa,130610.4718,125643.7336,4966.738194,15789.08022,10994.57412,114821.3916,114649.1595
170,Mozambique,Africa,Eastern Africa,Sub-Saharan Africa,0,0,0,0,0,0,0
171,Myanmar,Asia,South-Eastern Asia,East Asia,964.6661532,937.5682357,27.09791755,78.32339974,52.5550008,886.3427535,885.0132349
172,Namibia,Africa,Southern Africa,Sub-Saharan Africa,0,0,0,0,0,0,0
173,Nauru,Oceania,Micronesia,Oceania,0,0,0,0,0,0,0
174,Navassa Island,Americas,Northern America,North America,0,0,0,0,0,0,0
175,Nepal,Asia,Southern Asia,South Asia,86288.40852,84226.20989,2062.198624,6326.566436,4384.310592,79961.84208,79841.8993
176,Netherlands Antilles,Americas,Caribbean,Central & South America,0,0,0,0,0,0,0
177,Netherlands,Europe,Western Europe,Western Europe,0,0,0,0,0,0,0
178,New Caledonia,Oceania,Melanesia,Oceania,0,0,0,0,0,0,0
179,New Zealand,Oceania,Australia and New Zealand,Oceania,0,0,0,0,0,0,0
180,Nicaragua,Americas,Central America,Central & South America,0,0,0,0,0,0,0
181,Niger,Africa,Western Africa,Sub-Saharan Africa,484076.9782,476617.1538,7459.824398,18994.94813,12232.7465,465082.0301,464384.4073
182,Nigeria,Africa,Western Africa,Sub-Saharan Africa,0,0,0,0,0,0,0
183,Niue,Oceania,Polynesia,Oceania,0,0,0,0,0,0,0
184,Norfolk Island,Oceania,Australia and New Zealand,Oceania,0,0,0,0,0,0,0
185,Northern Mariana Islands,Oceania,Micronesia,Oceania,0,0,0,0,0,0,0
186,Norway,Europe,Northern Europe,Western Europe,0,0,0,0,0,0,0
187,Oman,Asia,Western Asia,West Asia & Northern Africa,32155.53506,29300.69653,2854.838531,8315.86751,5496.788415,23839.66755,23803.90811
188,Pakistan,Asia,Southern Asia,South Asia,149249.5707,146831.712,2417.858727,7181.618719,4976.861823,142067.952,141854.8501
189,Palau,Oceania,Micronesia,Oceania,0,0,0,0,0,0,0
190,Palmyra Atoll,Americas,Northern America,North America,0,0,0,0,0,0,0
191,Panama,Americas,Central America,Central & South America,0,0,0,0,0,0,0
192,Papua New Guinea,Oceania,Melanesia,Oceania,0,0,0,0,0,0,0
193,Paracel Islands,Asia,South-Eastern Asia,East Asia,0,0,0,0,0,0,0
194,Paraguay,Americas,South America,Central & South America,0,0,0,0,0,0,0
195,Peru,Americas,South America,Central & South America,0,0,0,0,0,0,0
196,Philippines,Asia,South-Eastern Asia,East Asia,0,0,0,0,0,0,0
197,Pitcairn,Oceania,Polynesia,Oceania,0,0,0,0,0,0,0
198,Poland,Europe,Eastern Europe,Eastern Europe,1740.49609,1595.710177,144.7859124,304.5099744,202.8036429,1435.986115,1392.906535
199,Portugal,Europe,Southern Europe,Western Europe,378195.2294,359457.0054,18738.22393,31191.42264,22863.31301,347003.8067,336593.6924
200,Puerto Rico,Americas,Caribbean,Central & South America,0,0,0,0,0,0,0
201,Qatar,Asia,Western Asia,West Asia & Northern Africa,40899.97045,39985.37605,914.5944001,2528.131281,1671.094784,38371.83917,38314.28127
202,Republic of Korea,Asia,Eastern Asia,East Asia,0,0,0,0,0,0,0
203,Romania,Europe,Eastern Europe,Eastern Europe,1013928.588,957357.9875,56570.60087,86028.76281,57295.15596,927899.8256,900062.8315
204,Russian Federation,Europe,Eastern Europe,Russian Federation,4944.703204,4590.862815,353.8403889,675.9845254,450.2056942,4268.718679,4140.657121
205,Rwanda,Africa,Eastern Africa,Sub-Saharan Africa,2336.537375,2256.833982,79.70339275,229.1687146,152.6263672,2107.36866,2104.207615
206,R?union,Africa,Eastern Africa,Sub-Saharan Africa,0,0,0,0,0,0,0
207,Saint Helena,Africa,Western Africa,Sub-Saharan Africa,0,0,0,0,0,0,0
208,Saint Kitts and Nevis,Americas,Caribbean,Central & South America,0,0,0,0,0,0,0
209,Saint Lucia,Americas,Caribbean,Central & South America,0,0,0,0,0,0,0
210,Saint Pierre et Miquelon,Americas,Northern America,Oceania,0,0,0,0,0,0,0
211,Saint Vincent and the Grenadines,Americas,Caribbean,Central & South America,0,0,0,0,0,0,0
212,Samoa,Oceania,Polynesia,Oceania,0,0,0,0,0,0,0
213,San Marino,Europe,Southern Europe,Western Europe,0,0,0,0,0,0,0
214,Sao Tome and Principe,Africa,Middle Africa,Sub-Saharan Africa,0,0,0,0,0,0,0
215,Saudi Arabia,Asia,Western Asia,West Asia & Northern Africa,671534.2333,625371.506,46162.72727,84196.44252,55653.84853,587337.7908,569717.6575
216,Scarborough Reef,Asia,South-Eastern Asia,East Asia,0,0,0,0,0,0,0
217,Senegal,Africa,Western Africa,Sub-Saharan Africa,20180.38884,19441.87377,738.5150671,1997.868747,1286.627458,18182.52009,18155.24631
218,Senkaku Islands,Asia,Eastern Asia,East Asia,0,0,0,0,0,0,0
220,Seychelles,Africa,Eastern Africa,Sub-Saharan Africa,0,0,0,0,0,0,0
221,Sierra Leone,Africa,Western Africa,Sub-Saharan Africa,0,0,0,0,0,0,0
222,Singapore,Asia,South-Eastern Asia,East Asia,0,0,0,0,0,0,0
223,Slovakia,Europe,Eastern Europe,Eastern Europe,65839.93039,61636.31348,4203.616918,7330.325498,4881.99679,58509.6049,56754.31669
224,Slovenia,Europe,Southern Europe,Western Europe,3960.008039,3755.587001,204.4210372,361.269188,264.8103174,3598.738851,3490.776684
225,Solomon Islands,Oceania,Melanesia,Oceania,0,0,0,0,0,0,0
226,Somalia,Africa,Eastern Africa,Sub-Saharan Africa,3213050.319,3177769.833,35280.48524,91611.75548,61013.42919,3121438.563,3116756.404
227,South Africa,Africa,Southern Africa,Sub-Saharan Africa,0,0,0,0,0,0,0
228,South Georgia and the South Sandwich Islands,Antarctica,,,0,0,0,0,0,0,0
229,Spain,Europe,Southern Europe,Western Europe,1298346.041,1232613.183,65732.85817,111130.6111,81014.21452,1187215.43,1151598.969
230,Spratly Islands,Asia,South-Eastern Asia,East Asia,0,0,0,0,0,0,0
231,Sri Lanka,Asia,Southern Asia,South Asia,0,0,0,0,0,0,0
233,Suriname,Americas,South America,Central & South America,0,0,0,0,0,0,0
234,Svalbard and Jan Mayen Islands,Europe,Northern Europe,Western Europe,0,0,0,0,0,0,0
235,Swaziland,Africa,Southern Africa,Sub-Saharan Africa,0,0,0,0,0,0,0
236,Sweden,Europe,Northern Europe,Western Europe,0,0,0,0,0,0,0
237,Switzerland,Europe,Western Europe,Western Europe,33678.06722,32288.30999,1389.757231,1290.528048,872.3969587,32387.53918,31415.91303
238,Syrian Arab Republic,Asia,Western Asia,West Asia & Northern Africa,2087594.883,2038823.142,48771.74092,135230.667,89387.47102,1952364.216,1949435.671
239,Tajikistan,Asia,Central Asia,West Asia & Northern Africa,0,0,0,0,0,0,0
240,Thailand,Asia,South-Eastern Asia,East Asia,0,0,0,0,0,0,0
241,The former Yugoslav Republic of Macedonia,Europe,Southern Europe,Western Europe,67559.10417,62162.73825,5396.365916,14217.69099,10421.56755,53341.41318,51741.1707
242,Timor-Leste,Asia,South-Eastern Asia,East Asia,0,0,0,0,0,0,0
243,Togo,Africa,Western Africa,Sub-Saharan Africa,0,0,0,0,0,0,0
244,Tokelau,Oceania,Polynesia,Oceania,0,0,0,0,0,0,0
245,Tonga,Oceania,Polynesia,Oceania,0,0,0,0,0,0,0
246,Trinidad and Tobago,Americas,Caribbean,Central & South America,0,0,0,0,0,0,0
247,Tromelin Island,Africa,Eastern Africa,Sub-Saharan Africa,0,0,0,0,0,0,0
248,Tunisia,Africa,Northern Africa,West Asia & Northern Africa,59023.48987,57661.84842,1361.641449,4228.943549,2949.494269,54794.54632,54712.35415
249,Turkey,Asia,Western Asia,West Asia & Northern Africa,662947.3945,650362.953,12584.44156,34340.80425,22699.27157,628606.5903,627663.6814
250,Turkmenistan,Asia,Central Asia,West Asia & Northern Africa,0,0,0,0,0,0,0
251,Turks and Caicos islands,Americas,Caribbean,Central & South America,0,0,0,0,0,0,0
252,Tuvalu,Oceania,Polynesia,Oceania,0,0,0,0,0,0,0
253,Uganda,Africa,Eastern Africa,Sub-Saharan Africa,0,0,0,0,0,0,0
254,Ukraine,Europe,Eastern Europe,Eastern Europe,56815.20623,53453.56664,3361.639589,5451.261426,3630.540117,51363.9448,49823.02652
255,United Arab Emirates,Asia,Western Asia,West Asia & Northern Africa,146537.659,142731.185,3806.474003,10627.16356,7024.555117,135910.4955,135706.6299
256,U.K. of Great Britain and Northern Ireland,Europe,Northern Europe,Western Europe,0,0,0,0,0,0,0
257,United Republic of Tanzania,Africa,Eastern Africa,Sub-Saharan Africa,0,0,0,0,0,0,0
258,United States Virgin Islands,Americas,Caribbean,Central & South America,0,0,0,0,0,0,0
259,United States of America,Americas,Northern America,North America,0,0,0,0,0,0,0
260,Uruguay,Americas,South America,Central & South America,0,0,0,0,0,0,0
261,Uzbekistan,Asia,Central Asia,West Asia & Northern Africa,0,0,0,0,0,0,0
262,Vanuatu,Oceania,Melanesia,Oceania,0,0,0,0,0,0,0
263,Venezuela,Americas,South America,Central & South America,0,0,0,0,0,0,0
264,Viet Nam,Asia,South-Eastern Asia,East Asia,0,0,0,0,0,0,0
265,Wake Island,Oceania,Micronesia,Oceania,0,0,0,0,0,0,0
266,Wallis and Futuna,Oceania,Polynesia,Oceania,0,0,0,0,0,0,0
267,West Bank,Asia,Western Asia,West Asia & Northern Africa,193324.1601,190412.7358,2911.424312,7767.224964,5134.135735,185556.9351,185278.6
268,Western Sahara,Africa,Northern Africa,West Asia & Northern Africa,0,0,0,0,0,0,0
269,Yemen,Asia,Western Asia,West Asia & Northern Africa,375598.0126,353155.5875,22442.42506,64826.74989,42850.48172,310771.2627,310305.1058
270,Zambia,Africa,Eastern Africa,Sub-Saharan Africa,0,0,0,0,0,0,0
271,Zimbabwe,Africa,Eastern Africa,Sub-Saharan Africa,0,0,0,0,0,0,0
2647,Montenegro,Europe,Southern Europe,Western Europe,15701.17691,14296.5687,1404.608211,3939.1263,2887.379645,11762.05061,11409.18905
2648,Serbia,Europe,Southern Europe,Western Europe,21549.81712,19659.07557,1890.741546,5249.987551,3848.240931,16299.82957,15810.83464
33364,Hong Kong,Asia,Eastern Asia,East Asia,0,0,0,0,0,0,0
40760,Hala'ib triangle,Africa,Northern Africa,West Asia & Northern Africa,0,0,0,0,0,0,0
40762,Ma'tan al-Sarra,Africa,Northern Africa,West Asia & Northern Africa,0,0,0,0,0,0,0
40765,Egypt,Africa,Northern Africa,West Asia & Northern Africa,379184.6893,367513,11671.68923,36948.12283,25789.78994,342236.5664,341723.2101
40781,Jammu and Kashmir,Asia,Eastern Asia,East Asia,0,0,0,0,0,0,0
61013,Ilemi triangle,Africa,Northern Africa,West Asia & Northern Africa,0,0,0,0,0,0,0
74578,Azores Islands,Europe,Southern Europe,Western Europe,0,0,0,0,0,0,0
