ADM0_CODE,ADM0_NAME,CONTINENT,REGION,REG_ANNEX5,Ninput,Noutput,Nlosses,INPUT_MEAT,OUTPUT_MEAT,INPUT_MILK,OUTPUT_MILK
1,Afghanistan,Asia,Southern Asia,South Asia,0,0,0,0,0,0,0
2,Aksai Chin,Asia,Eastern Asia,East Asia,0,0,0,0,0,0,0
3,Albania,Europe,Southern Europe,Western Europe,0,0,0,0,0,0,0
4,Algeria,Africa,Northern Africa,West Asia & Northern Africa,0,0,0,0,0,0,0
5,American Samoa,Oceania,Polynesia,Oceania,0,0,0,0,0,0,0
6,Sudan,Africa,Northern Africa,West Asia & Northern Africa,0,0,0,0,0,0,0
7,Andorra,Europe,Southern Europe,Western Europe,0,0,0,0,0,0,0
8,Angola,Africa,Middle Africa,Sub-Saharan Africa,0,0,0,0,0,0,0
9,Anguilla,Americas,Caribbean,Central & South America,0,0,0,0,0,0,0
10,Antarctica,Antarctica,,,0,0,0,0,0,0,0
11,Antigua and Barbuda,Americas,Caribbean,Central & South America,0,0,0,0,0,0,0
12,Argentina,Americas,South America,Central & South America,4353.150577,4203.740809,149.4097671,587.6498373,443.8883149,3765.500739,3759.852494
13,Armenia,Asia,Western Asia,West Asia & Northern Africa,0,0,0,0,0,0,0
14,Aruba,Americas,Caribbean,Central & South America,0,0,0,0,0,0,0
15,Arunachal Pradesh,Asia,Eastern Asia,East Asia,5973.463815,5939.66451,33.79930579,89.98881074,65.01469334,5883.475005,5874.649816
16,Ashmore and Cartier Islands,Oceania,Australia and New Zealand,Oceania,0,0,0,0,0,0,0
17,Australia,Oceania,Australia and New Zealand,Oceania,0,0,0,0,0,0,0
18,Austria,Europe,Western Europe,Western Europe,0,0,0,0,0,0,0
19,Azerbaijan,Asia,Western Asia,West Asia & Northern Africa,616462.6689,594548.8434,21913.82549,83909.15407,62794.15907,532553.5148,531754.6843
20,Bahamas,Americas,Caribbean,Central & South America,0,0,0,0,0,0,0
21,Bahrain,Asia,Western Asia,West Asia & Northern Africa,0,0,0,0,0,0,0
22,Baker Island,Americas,Northern America,North America,0,0,0,0,0,0,0
23,Bangladesh,Asia,Southern Asia,South Asia,199039.7511,195335.6014,3704.149736,12417.96194,8993.745097,186621.7892,186341.8563
24,Barbados,Americas,Caribbean,Central & South America,0,0,0,0,0,0,0
25,Bassas da India,Africa,Eastern Africa,Sub-Saharan Africa,0,0,0,0,0,0,0
26,Belarus,Europe,Eastern Europe,Eastern Europe,0,0,0,0,0,0,0
27,Belgium,Europe,Western Europe,Western Europe,0,0,0,0,0,0,0
28,Belize,Americas,Central America,Central & South America,0,0,0,0,0,0,0
29,Benin,Africa,Western Africa,Sub-Saharan Africa,0,0,0,0,0,0,0
30,Bermuda,Americas,Northern America,North America,0,0,0,0,0,0,0
31,Bhutan,Asia,Southern Asia,South Asia,1248.362619,1231.334082,17.02853698,55.80928543,40.56958679,1192.553334,1190.764496
32,Bird Island,Americas,Caribbean,Central & South America,0,0,0,0,0,0,0
33,Bolivia,Americas,South America,Central & South America,0,0,0,0,0,0,0
34,Bosnia and Herzegovina,Europe,Southern Europe,Western Europe,0,0,0,0,0,0,0
35,Botswana,Africa,Southern Africa,Sub-Saharan Africa,0,0,0,0,0,0,0
36,Bouvet Island,Antarctica,,,0,0,0,0,0,0,0
37,Brazil,Americas,South America,Central & South America,525804.0794,507757.3393,18046.74009,70980.39774,53615.89339,454823.6817,454141.4459
38,British Indian Ocean Territory,Africa,Eastern Africa,South Asia,0,0,0,0,0,0,0
39,British Virgin Islands,Americas,Caribbean,Central & South America,0,0,0,0,0,0,0
40,Brunei Darussalam,Asia,South-Eastern Asia,East Asia,112.4607458,107.0375723,5.423173482,19.92526191,14.64089287,92.53548384,92.3966794
41,Bulgaria,Europe,Eastern Europe,Eastern Europe,31072.79224,29434.59644,1638.195792,3181.251671,2379.802075,27891.54056,27054.79437
42,Burkina Faso,Africa,Western Africa,Sub-Saharan Africa,0,0,0,0,0,0,0
43,Burundi,Africa,Eastern Africa,Sub-Saharan Africa,0,0,0,0,0,0,0
44,Cambodia,Asia,South-Eastern Asia,East Asia,0,0,0,0,0,0,0
45,Cameroon,Africa,Middle Africa,Sub-Saharan Africa,0,0,0,0,0,0,0
46,Canada,Americas,Northern America,North America,592966.272,566359.2689,26607.00313,41725.94953,31656.15612,551240.3225,534703.1128
47,Cape Verde,Africa,Western Africa,Sub-Saharan Africa,0,0,0,0,0,0,0
48,Cayman Islands,Americas,Caribbean,Central & South America,0,0,0,0,0,0,0
49,Central African Republic,Africa,Middle Africa,Sub-Saharan Africa,0,0,0,0,0,0,0
50,Chad,Africa,Middle Africa,Sub-Saharan Africa,0,0,0,0,0,0,0
51,Chile,Americas,South America,Central & South America,0,0,0,0,0,0,0
52,China/India,Asia,Eastern Asia,East Asia,0,0,0,0,0,0,0
53,China,Asia,Eastern Asia,East Asia,9966954.476,9799784.214,167170.262,577225.8471,424140.1938,9389728.629,9375644.02
54,Christmas Island,Asia,South-Eastern Asia,East Asia,0,0,0,0,0,0,0
55,Clipperton Island,Americas,Central America,Central & South America,0,0,0,0,0,0,0
56,Cocos (Keeling) Islands,Asia,South-Eastern Asia,East Asia,0,0,0,0,0,0,0
57,Colombia,Americas,South America,Central & South America,165614.7886,159930.529,5684.259574,22357.00465,16887.63123,143257.784,143042.8978
58,Comoros,Africa,Eastern Africa,Sub-Saharan Africa,0,0,0,0,0,0,0
59,Congo,Africa,Middle Africa,Sub-Saharan Africa,0,0,0,0,0,0,0
60,Cook Islands,Oceania,Polynesia,Oceania,0,0,0,0,0,0,0
61,Costa Rica,Americas,Central America,Central & South America,0,0,0,0,0,0,0
62,Croatia,Europe,Southern Europe,Western Europe,0,0,0,0,0,0,0
63,Cuba,Americas,Caribbean,Central & South America,0,0,0,0,0,0,0
64,Cyprus,Asia,Western Asia,West Asia & Northern Africa,0,0,0,0,0,0,0
65,Czech Republic,Europe,Eastern Europe,Eastern Europe,0,0,0,0,0,0,0
66,C?te d'Ivoire,Africa,Western Africa,Sub-Saharan Africa,0,0,0,0,0,0,0
67,Dem People's Rep of Korea,Asia,Eastern Asia,East Asia,0,0,0,0,0,0,0
68,Democratic Republic of the Congo,Africa,Middle Africa,Sub-Saharan Africa,0,0,0,0,0,0,0
69,Denmark,Europe,Northern Europe,Western Europe,0,0,0,0,0,0,0
70,Djibouti,Africa,Eastern Africa,Sub-Saharan Africa,0,0,0,0,0,0,0
71,Dominica,Americas,Caribbean,Central & South America,0,0,0,0,0,0,0
72,Dominican Republic,Americas,Caribbean,Central & South America,0,0,0,0,0,0,0
73,Ecuador,Americas,South America,Central & South America,0,0,0,0,0,0,0
74,South Sudan,Africa,Northern Africa,West Asia & Northern Africa,0,0,0,0,0,0,0
75,El Salvador,Americas,Central America,Central & South America,0,0,0,0,0,0,0
76,Equatorial Guinea,Africa,Middle Africa,Sub-Saharan Africa,0,0,0,0,0,0,0
77,Eritrea,Africa,Eastern Africa,Sub-Saharan Africa,0,0,0,0,0,0,0
78,Estonia,Europe,Northern Europe,Western Europe,0,0,0,0,0,0,0
79,Ethiopia,Africa,Eastern Africa,Sub-Saharan Africa,0,0,0,0,0,0,0
80,Europa Island,Africa,Eastern Africa,Sub-Saharan Africa,0,0,0,0,0,0,0
81,Falkland Islands (Malvinas),Americas,South America,Central & South America,0,0,0,0,0,0,0
82,Faroe Islands,Europe,Northern Europe,Western Europe,0,0,0,0,0,0,0
83,Fiji,Oceania,Melanesia,Oceania,0,0,0,0,0,0,0
84,Finland,Europe,Northern Europe,Western Europe,0,0,0,0,0,0,0
85,France,Europe,Western Europe,Western Europe,0,0,0,0,0,0,0
86,French Guiana,Americas,South America,Central & South America,0,0,0,0,0,0,0
87,French Polynesia,Oceania,Polynesia,Oceania,0,0,0,0,0,0,0
88,French Southern and Antarctic Territories,Antarctica,,,0,0,0,0,0,0,0
89,Gabon,Africa,Middle Africa,Sub-Saharan Africa,0,0,0,0,0,0,0
90,Gambia,Africa,Western Africa,Sub-Saharan Africa,0,0,0,0,0,0,0
91,Gaza Strip,Asia,Western Asia,West Asia & Northern Africa,0,0,0,0,0,0,0
92,Georgia,Asia,Western Asia,West Asia & Northern Africa,18410.55804,17524.52103,886.0370132,3413.901984,2550.359897,14996.65606,14974.16113
93,Germany,Europe,Western Europe,Western Europe,0,0,0,0,0,0,0
94,Ghana,Africa,Western Africa,Sub-Saharan Africa,0,0,0,0,0,0,0
95,Gibraltar,Europe,Southern Europe,Western Europe,0,0,0,0,0,0,0
96,Glorioso Island,Africa,Eastern Africa,Sub-Saharan Africa,0,0,0,0,0,0,0
97,Greece,Europe,Southern Europe,Western Europe,0,0,0,0,0,0,0
98,Greenland,Americas,Northern America,North America,0,0,0,0,0,0,0
99,Grenada,Americas,Caribbean,Central & South America,0,0,0,0,0,0,0
100,Guadeloupe,Americas,Caribbean,Central & South America,0,0,0,0,0,0,0
101,Guam,Oceania,Micronesia,Oceania,0,0,0,0,0,0,0
102,Abyei,Africa,Northern Africa,West Asia & Northern Africa,0,0,0,0,0,0,0
103,Guatemala,Americas,Central America,Central & South America,1061.838316,1025.393586,36.44472994,143.3421301,108.2751493,918.4961856,917.1184364
104,Guernsey,Europe,Northern Europe,Western Europe,0,0,0,0,0,0,0
105,Guinea-Bissau,Africa,Western Africa,Sub-Saharan Africa,0,0,0,0,0,0,0
106,Guinea,Africa,Western Africa,Sub-Saharan Africa,0,0,0,0,0,0,0
107,Guyana,Americas,South America,Central & South America,0,0,0,0,0,0,0
108,Haiti,Americas,Caribbean,Central & South America,0,0,0,0,0,0,0
109,Heard Island and McDonald Islands,Antarctica,,,0,0,0,0,0,0,0
110,Holy See,Europe,Southern Europe,Western Europe,0,0,0,0,0,0,0
111,Honduras,Americas,Central America,Central & South America,0,0,0,0,0,0,0
112,Howland Island,Americas,Northern America,North America,0,0,0,0,0,0,0
113,Hungary,Europe,Eastern Europe,Eastern Europe,0,0,0,0,0,0,0
114,Iceland,Europe,Northern Europe,Western Europe,0,0,0,0,0,0,0
115,India,Asia,Southern Asia,South Asia,312957324.2,311236309.5,1721014.702,4602378.844,3343896.472,308354945.4,307892413.1
116,Indonesia,Asia,South-Eastern Asia,East Asia,0,0,0,0,0,0,0
117,Iran  (Islamic Republic of),Asia,Southern Asia,South Asia,795050.6173,781666.4377,13384.17961,48501.72116,36237.36572,746548.8961,745429.072
118,Iraq,Asia,Western Asia,West Asia & Northern Africa,153119.2482,150438.5286,2680.719601,9750.948469,7285.281367,143368.2998,143153.2473
119,Ireland,Europe,Northern Europe,Western Europe,0,0,0,0,0,0,0
120,Isle of Man,Europe,Northern Europe,Western Europe,0,0,0,0,0,0,0
121,Israel,Asia,Western Asia,West Asia & Northern Africa,0,0,0,0,0,0,0
122,Italy,Europe,Southern Europe,Western Europe,2063477.605,1970887.26,92590.3449,145203.1394,110161.0205,1918274.465,1860726.239
123,Jamaica,Americas,Caribbean,Central & South America,0,0,0,0,0,0,0
126,Japan,Asia,Eastern Asia,East Asia,0,0,0,0,0,0,0
127,Jarvis Island,Americas,Northern America,North America,0,0,0,0,0,0,0
128,Jersey,Europe,Northern Europe,Western Europe,0,0,0,0,0,0,0
129,Johnston Atoll,Americas,Northern America,North America,0,0,0,0,0,0,0
130,Jordan,Asia,Western Asia,West Asia & Northern Africa,0,0,0,0,0,0,0
131,Juan de Nova Island,Africa,Eastern Africa,Sub-Saharan Africa,0,0,0,0,0,0,0
132,Kazakhstan,Asia,Central Asia,West Asia & Northern Africa,0,0,0,0,0,0,0
133,Kenya,Africa,Eastern Africa,Sub-Saharan Africa,0,0,0,0,0,0,0
134,Kingman Reef,Americas,Northern America,North America,0,0,0,0,0,0,0
135,Kiribati,Oceania,Micronesia,Oceania,0,0,0,0,0,0,0
136,Kuril islands,Asia,Eastern Asia,East Asia,0,0,0,0,0,0,0
137,Kuwait,Asia,Western Asia,West Asia & Northern Africa,0,0,0,0,0,0,0
138,Kyrgyzstan,Asia,Central Asia,West Asia & Northern Africa,0,0,0,0,0,0,0
139,Lao People's Democratic Republic,Asia,South-Eastern Asia,East Asia,0,0,0,0,0,0,0
140,Latvia,Europe,Northern Europe,Western Europe,0,0,0,0,0,0,0
141,Lebanon,Asia,Western Asia,West Asia & Northern Africa,0,0,0,0,0,0,0
142,Lesotho,Africa,Southern Africa,Sub-Saharan Africa,0,0,0,0,0,0,0
144,Liberia,Africa,Western Africa,Sub-Saharan Africa,0,0,0,0,0,0,0
145,Libya,Africa,Northern Africa,West Asia & Northern Africa,0,0,0,0,0,0,0
146,Liechtenstein,Europe,Western Europe,Western Europe,0,0,0,0,0,0,0
147,Lithuania,Europe,Northern Europe,Western Europe,0,0,0,0,0,0,0
148,Luxembourg,Europe,Western Europe,Western Europe,0,0,0,0,0,0,0
149,Macau,Asia,Eastern Asia,East Asia,0,0,0,0,0,0,0
150,Madagascar,Africa,Eastern Africa,Sub-Saharan Africa,0,0,0,0,0,0,0
151,Madeira Islands,Europe,Southern Europe,Western Europe,0,0,0,0,0,0,0
152,Malawi,Africa,Eastern Africa,Sub-Saharan Africa,0,0,0,0,0,0,0
153,Malaysia,Asia,South-Eastern Asia,East Asia,27854.14648,27632.06874,222.077742,683.6942988,502.3722229,27170.45218,27129.69651
154,Maldives,Asia,Southern Asia,South Asia,0,0,0,0,0,0,0
155,Mali,Africa,Western Africa,Sub-Saharan Africa,0,0,0,0,0,0,0
156,Malta,Europe,Southern Europe,Western Europe,0,0,0,0,0,0,0
157,Marshall Islands,Oceania,Micronesia,Oceania,0,0,0,0,0,0,0
158,Martinique,Americas,Caribbean,Central & South America,0,0,0,0,0,0,0
159,Mauritania,Africa,Western Africa,Sub-Saharan Africa,0,0,0,0,0,0,0
160,Mauritius,Africa,Eastern Africa,Sub-Saharan Africa,0,0,0,0,0,0,0
161,Mayotte,Africa,Eastern Africa,Sub-Saharan Africa,0,0,0,0,0,0,0
162,Mexico,Americas,Central America,Central & South America,0,0,0,0,0,0,0
163,Micronesia (Federated States of),Oceania,Micronesia,Oceania,0,0,0,0,0,0,0
164,Midway Island,Americas,Northern America,North America,0,0,0,0,0,0,0
165,"Moldova, Republic of",Europe,Eastern Europe,Eastern Europe,0,0,0,0,0,0,0
166,Monaco,Europe,Western Europe,Western Europe,0,0,0,0,0,0,0
167,Mongolia,Asia,Eastern Asia,East Asia,0,0,0,0,0,0,0
168,Montserrat,Americas,Caribbean,Central & South America,0,0,0,0,0,0,0
169,Morocco,Africa,Northern Africa,West Asia & Northern Africa,0,0,0,0,0,0,0
170,Mozambique,Africa,Eastern Africa,Sub-Saharan Africa,0,0,0,0,0,0,0
171,Myanmar,Asia,South-Eastern Asia,East Asia,812285.7936,798461.9093,13823.8843,47800.578,35123.42108,764485.2156,763338.4882
172,Namibia,Africa,Southern Africa,Sub-Saharan Africa,0,0,0,0,0,0,0
173,Nauru,Oceania,Micronesia,Oceania,0,0,0,0,0,0,0
174,Navassa Island,Americas,Northern America,North America,0,0,0,0,0,0,0
175,Nepal,Asia,Southern Asia,South Asia,3138749.319,3096059.909,42689.4101,139859.5712,101668.5008,2998889.748,2994391.408
176,Netherlands Antilles,Americas,Caribbean,Central & South America,0,0,0,0,0,0,0
177,Netherlands,Europe,Western Europe,Western Europe,0,0,0,0,0,0,0
178,New Caledonia,Oceania,Melanesia,Oceania,0,0,0,0,0,0,0
179,New Zealand,Oceania,Australia and New Zealand,Oceania,0,0,0,0,0,0,0
180,Nicaragua,Americas,Central America,Central & South America,0,0,0,0,0,0,0
181,Niger,Africa,Western Africa,Sub-Saharan Africa,0,0,0,0,0,0,0
182,Nigeria,Africa,Western Africa,Sub-Saharan Africa,0,0,0,0,0,0,0
183,Niue,Oceania,Polynesia,Oceania,0,0,0,0,0,0,0
184,Norfolk Island,Oceania,Australia and New Zealand,Oceania,0,0,0,0,0,0,0
185,Northern Mariana Islands,Oceania,Micronesia,Oceania,0,0,0,0,0,0,0
186,Norway,Europe,Northern Europe,Western Europe,0,0,0,0,0,0,0
187,Oman,Asia,Western Asia,West Asia & Northern Africa,0,0,0,0,0,0,0
188,Pakistan,Asia,Southern Asia,South Asia,122013249.4,121040218.9,973030.4222,2912437.827,2118058.626,119100811.5,118922160.3
189,Palau,Oceania,Micronesia,Oceania,0,0,0,0,0,0,0
190,Palmyra Atoll,Americas,Northern America,North America,0,0,0,0,0,0,0
191,Panama,Americas,Central America,Central & South America,0,0,0,0,0,0,0
192,Papua New Guinea,Oceania,Melanesia,Oceania,0,0,0,0,0,0,0
193,Paracel Islands,Asia,South-Eastern Asia,East Asia,0,0,0,0,0,0,0
194,Paraguay,Americas,South America,Central & South America,0,0,0,0,0,0,0
195,Peru,Americas,South America,Central & South America,0,0,0,0,0,0,0
196,Philippines,Asia,South-Eastern Asia,East Asia,0,0,0,0,0,0,0
197,Pitcairn,Oceania,Polynesia,Oceania,0,0,0,0,0,0,0
198,Poland,Europe,Eastern Europe,Eastern Europe,0,0,0,0,0,0,0
199,Portugal,Europe,Southern Europe,Western Europe,0,0,0,0,0,0,0
200,Puerto Rico,Americas,Caribbean,Central & South America,0,0,0,0,0,0,0
201,Qatar,Asia,Western Asia,West Asia & Northern Africa,0,0,0,0,0,0,0
202,Republic of Korea,Asia,Eastern Asia,East Asia,0,0,0,0,0,0,0
203,Romania,Europe,Eastern Europe,Eastern Europe,78781.80818,75161.23825,3620.569933,5676.617501,4249.20317,73105.19068,70912.03508
204,Russian Federation,Europe,Eastern Europe,Russian Federation,0,0,0,0,0,0,0
205,Rwanda,Africa,Eastern Africa,Sub-Saharan Africa,0,0,0,0,0,0,0
206,R?union,Africa,Eastern Africa,Sub-Saharan Africa,0,0,0,0,0,0,0
207,Saint Helena,Africa,Western Africa,Sub-Saharan Africa,0,0,0,0,0,0,0
208,Saint Kitts and Nevis,Americas,Caribbean,Central & South America,0,0,0,0,0,0,0
209,Saint Lucia,Americas,Caribbean,Central & South America,0,0,0,0,0,0,0
210,Saint Pierre et Miquelon,Americas,Northern America,Oceania,0,0,0,0,0,0,0
211,Saint Vincent and the Grenadines,Americas,Caribbean,Central & South America,0,0,0,0,0,0,0
212,Samoa,Oceania,Polynesia,Oceania,0,0,0,0,0,0,0
213,San Marino,Europe,Southern Europe,Western Europe,0,0,0,0,0,0,0
214,Sao Tome and Principe,Africa,Middle Africa,Sub-Saharan Africa,0,0,0,0,0,0,0
215,Saudi Arabia,Asia,Western Asia,West Asia & Northern Africa,0,0,0,0,0,0,0
216,Scarborough Reef,Asia,South-Eastern Asia,East Asia,0,0,0,0,0,0,0
217,Senegal,Africa,Western Africa,Sub-Saharan Africa,0,0,0,0,0,0,0
218,Senkaku Islands,Asia,Eastern Asia,East Asia,0,0,0,0,0,0,0
220,Seychelles,Africa,Eastern Africa,Sub-Saharan Africa,0,0,0,0,0,0,0
221,Sierra Leone,Africa,Western Africa,Sub-Saharan Africa,0,0,0,0,0,0,0
222,Singapore,Asia,South-Eastern Asia,East Asia,0,0,0,0,0,0,0
223,Slovakia,Europe,Eastern Europe,Eastern Europe,0,0,0,0,0,0,0
224,Slovenia,Europe,Southern Europe,Western Europe,0,0,0,0,0,0,0
225,Solomon Islands,Oceania,Melanesia,Oceania,0,0,0,0,0,0,0
226,Somalia,Africa,Eastern Africa,Sub-Saharan Africa,0,0,0,0,0,0,0
227,South Africa,Africa,Southern Africa,Sub-Saharan Africa,0,0,0,0,0,0,0
228,South Georgia and the South Sandwich Islands,Antarctica,,,0,0,0,0,0,0,0
229,Spain,Europe,Southern Europe,Western Europe,0,0,0,0,0,0,0
230,Spratly Islands,Asia,South-Eastern Asia,East Asia,0,0,0,0,0,0,0
231,Sri Lanka,Asia,Southern Asia,South Asia,202595.1507,199635.785,2959.365713,9682.776248,7012.778941,192912.3745,192623.0061
233,Suriname,Americas,South America,Central & South America,0,0,0,0,0,0,0
234,Svalbard and Jan Mayen Islands,Europe,Northern Europe,Western Europe,0,0,0,0,0,0,0
235,Swaziland,Africa,Southern Africa,Sub-Saharan Africa,0,0,0,0,0,0,0
236,Sweden,Europe,Northern Europe,Western Europe,0,0,0,0,0,0,0
237,Switzerland,Europe,Western Europe,Western Europe,0,0,0,0,0,0,0
238,Syrian Arab Republic,Asia,Western Asia,West Asia & Northern Africa,9822.68522,9694.285178,128.4000423,427.8511369,313.5433448,9394.834084,9380.741833
239,Tajikistan,Asia,Central Asia,West Asia & Northern Africa,0,0,0,0,0,0,0
240,Thailand,Asia,South-Eastern Asia,East Asia,0,0,0,0,0,0,0
241,The former Yugoslav Republic of Macedonia,Europe,Southern Europe,Western Europe,0,0,0,0,0,0,0
242,Timor-Leste,Asia,South-Eastern Asia,East Asia,0,0,0,0,0,0,0
243,Togo,Africa,Western Africa,Sub-Saharan Africa,0,0,0,0,0,0,0
244,Tokelau,Oceania,Polynesia,Oceania,0,0,0,0,0,0,0
245,Tonga,Oceania,Polynesia,Oceania,0,0,0,0,0,0,0
246,Trinidad and Tobago,Americas,Caribbean,Central & South America,0,0,0,0,0,0,0
247,Tromelin Island,Africa,Eastern Africa,Sub-Saharan Africa,0,0,0,0,0,0,0
248,Tunisia,Africa,Northern Africa,West Asia & Northern Africa,0,0,0,0,0,0,0
249,Turkey,Asia,Western Asia,West Asia & Northern Africa,157143.5581,154185.8631,2957.695078,10809.71371,8071.519417,146333.8444,146114.3436
250,Turkmenistan,Asia,Central Asia,West Asia & Northern Africa,0,0,0,0,0,0,0
251,Turks and Caicos islands,Americas,Caribbean,Central & South America,0,0,0,0,0,0,0
252,Tuvalu,Oceania,Polynesia,Oceania,0,0,0,0,0,0,0
253,Uganda,Africa,Eastern Africa,Sub-Saharan Africa,0,0,0,0,0,0,0
254,Ukraine,Europe,Eastern Europe,Eastern Europe,0,0,0,0,0,0,0
255,United Arab Emirates,Asia,Western Asia,West Asia & Northern Africa,0,0,0,0,0,0,0
256,U.K. of Great Britain and Northern Ireland,Europe,Northern Europe,Western Europe,0,0,0,0,0,0,0
257,United Republic of Tanzania,Africa,Eastern Africa,Sub-Saharan Africa,0,0,0,0,0,0,0
258,United States Virgin Islands,Americas,Caribbean,Central & South America,0,0,0,0,0,0,0
259,United States of America,Americas,Northern America,North America,0,0,0,0,0,0,0
260,Uruguay,Americas,South America,Central & South America,0,0,0,0,0,0,0
261,Uzbekistan,Asia,Central Asia,West Asia & Northern Africa,0,0,0,0,0,0,0
262,Vanuatu,Oceania,Melanesia,Oceania,0,0,0,0,0,0,0
263,Venezuela,Americas,South America,Central & South America,187152.065,180728.5987,6423.466374,25264.4076,19083.77275,161887.6574,161644.8259
264,Viet Nam,Asia,South-Eastern Asia,East Asia,169919.0204,168212.4058,1706.614618,5505.062175,4045.06859,164413.9582,164167.3372
265,Wake Island,Oceania,Micronesia,Oceania,0,0,0,0,0,0,0
266,Wallis and Futuna,Oceania,Polynesia,Oceania,0,0,0,0,0,0,0
267,West Bank,Asia,Western Asia,West Asia & Northern Africa,0,0,0,0,0,0,0
268,Western Sahara,Africa,Northern Africa,West Asia & Northern Africa,0,0,0,0,0,0,0
269,Yemen,Asia,Western Asia,West Asia & Northern Africa,0,0,0,0,0,0,0
270,Zambia,Africa,Eastern Africa,Sub-Saharan Africa,0,0,0,0,0,0,0
271,Zimbabwe,Africa,Eastern Africa,Sub-Saharan Africa,0,0,0,0,0,0,0
2647,Montenegro,Europe,Southern Europe,Western Europe,0,0,0,0,0,0,0
2648,Serbia,Europe,Southern Europe,Western Europe,0,0,0,0,0,0,0
33364,Hong Kong,Asia,Eastern Asia,East Asia,2030.520704,1996.463969,34.05673566,117.5952855,86.40792511,1912.925419,1910.056044
40760,Hala'ib triangle,Africa,Northern Africa,West Asia & Northern Africa,0,0,0,0,0,0,0
40762,Ma'tan al-Sarra,Africa,Northern Africa,West Asia & Northern Africa,0,0,0,0,0,0,0
40765,Egypt,Africa,Northern Africa,West Asia & Northern Africa,11497328.13,11343696,153632.1286,545243.5941,408039.5779,10952084.53,10935656.42
40781,Jammu and Kashmir,Asia,Eastern Asia,East Asia,2238593.14,2225926.618,12666.52256,33723.94972,24364.72032,2204869.191,2201561.898
61013,Ilemi triangle,Africa,Northern Africa,West Asia & Northern Africa,0,0,0,0,0,0,0
74578,Azores Islands,Europe,Southern Europe,Western Europe,0,0,0,0,0,0,0
