ADM0_CODE,ADM0_NAME,CONTINENT,REGION,REG_ANNEX5,Ninput,Noutput,Nlosses,INPUT_MEAT,OUTPUT_MEAT,INPUT_MILK,OUTPUT_MILK
1,Afghanistan,Asia,Southern Asia,South Asia,2166327.699,2073146.896,93180.80303,330845.0472,240417.4694,1835482.652,1832729.426
2,Aksai Chin,Asia,Eastern Asia,East Asia,0,0,0,0,0,0,0
3,Albania,Europe,Southern Europe,Western Europe,2053847.962,1927108.86,126739.1017,272512.7691,199213.7198,1781335.193,1727895.141
4,Algeria,Africa,Northern Africa,West Asia & Northern Africa,3238721.571,3213039.063,25682.50787,66638.1554,45713.77462,3172083.415,3167325.288
5,American Samoa,Oceania,Polynesia,Oceania,0,0,0,0,0,0,0
6,Sudan,Africa,Northern Africa,West Asia & Northern Africa,15485786.46,14901229.39,584557.0717,1796250.825,1232228.062,13689535.63,13669001.32
7,Andorra,Europe,Southern Europe,Western Europe,0,0,0,0,0,0,0
8,Angola,Africa,Middle Africa,Sub-Saharan Africa,353367.9156,343434.0266,9933.889005,30092.27986,20643.30397,323275.6357,322790.7226
9,Anguilla,Americas,Caribbean,Central & South America,0,0,0,0,0,0,0
10,Antarctica,Antarctica,,,0,0,0,0,0,0,0
11,Antigua and Barbuda,Americas,Caribbean,Central & South America,24551.80902,24225.15121,326.6578101,1089.815857,798.3514063,23461.99316,23426.7998
12,Argentina,Americas,South America,Central & South America,30553019.62,30127390.76,425628.8578,1118230.986,816078.0487,29132602.95,29088904.05
13,Armenia,Asia,Western Asia,West Asia & Northern Africa,2050688.143,1998706.914,51981.2291,198769.5656,149566.2148,1851918.577,1849140.699
14,Aruba,Americas,Caribbean,Central & South America,0,0,0,0,0,0,0
15,Arunachal Pradesh,Asia,Eastern Asia,East Asia,0,0,0,0,0,0,0
16,Ashmore and Cartier Islands,Oceania,Australia and New Zealand,Oceania,0,0,0,0,0,0,0
17,Australia,Oceania,Australia and New Zealand,Oceania,18085081.78,17350582.66,734499.1181,665061.4953,486142.6564,17279081.49,16760709.05
18,Austria,Europe,Western Europe,Western Europe,4205156.274,4016185.175,188971.099,263114.5973,192404.749,3942041.677,3823780.426
19,Azerbaijan,Asia,Western Asia,West Asia & Northern Africa,5773523.544,5541220.784,232302.7606,908969.1851,683963.2624,4864554.359,4857257.521
20,Bahamas,Americas,Caribbean,Central & South America,76.22257444,75.256966,0.965608443,3.200956434,2.344880705,73.02161801,72.91208529
21,Bahrain,Asia,Western Asia,West Asia & Northern Africa,1456.407009,1440.836846,15.57016281,54.29307175,40.82610413,1402.113937,1400.010742
22,Baker Island,Americas,Northern America,North America,0,0,0,0,0,0,0
23,Bangladesh,Asia,Southern Asia,South Asia,5107472.978,4863514.406,243958.5723,842845.611,605283.9713,4264627.367,4258230.434
24,Barbados,Americas,Caribbean,Central & South America,31008.97876,30768.46841,240.5103515,729.4655762,534.3745361,30279.51318,30234.09387
25,Bassas da India,Africa,Eastern Africa,Sub-Saharan Africa,0,0,0,0,0,0,0
26,Belarus,Europe,Eastern Europe,Eastern Europe,25516873.47,24328078.16,1188795.313,1772152.738,1295699.019,23744720.74,23032379.14
27,Belgium,Europe,Western Europe,Western Europe,15114952.9,14383650.36,731302.5386,1160670.918,847996.822,13954281.98,13535653.54
28,Belize,Americas,Central America,Central & South America,5494.201486,5228.741021,265.4604657,968.220638,709.5491232,4525.980848,4519.191897
29,Benin,Africa,Western Africa,Sub-Saharan Africa,134137.1769,130196.8999,3940.277064,11965.02731,8208.008762,122172.1496,121988.8911
30,Bermuda,Americas,Northern America,North America,0,0,0,0,0,0,0
31,Bhutan,Asia,Southern Asia,South Asia,51172.75101,47990.58286,3182.168148,11424.3776,8301.831791,39748.37341,39688.75107
32,Bird Island,Americas,Caribbean,Central & South America,0,0,0,0,0,0,0
33,Bolivia,Americas,South America,Central & South America,172660.3363,168380.1205,4280.215811,15136.6353,11092.70522,157523.701,157287.4153
34,Bosnia and Herzegovina,Europe,Southern Europe,Western Europe,1614870.849,1515383.48,99487.36877,213584.2761,156135.5022,1401286.573,1359247.978
35,Botswana,Africa,Southern Africa,Sub-Saharan Africa,159001.9406,152670.8585,6331.082048,19496.25323,13374.42978,139505.6873,139296.4287
36,Bouvet Island,Antarctica,,,0,0,0,0,0,0,0
37,Brazil,Americas,South America,Central & South America,123334244.6,118778853.7,4555390.941,15437053.4,11310710.06,106879279.5,106718960.6
38,British Indian Ocean Territory,Africa,Eastern Africa,South Asia,0,0,0,0,0,0,0
39,British Virgin Islands,Americas,Caribbean,Central & South America,0,0,0,0,0,0,0
40,Brunei Darussalam,Asia,South-Eastern Asia,East Asia,41.28064653,40.68142126,0.599225272,2.092182606,1.55174015,39.18846393,39.12968111
41,Bulgaria,Europe,Eastern Europe,Eastern Europe,2937872.395,2779473.64,158398.7549,294016.7949,214933.7044,2643855.6,2564539.936
42,Burkina Faso,Africa,Western Africa,Sub-Saharan Africa,487162.0467,470690.817,16471.22971,50369.55814,34553.51689,436792.4885,436137.3001
43,Burundi,Africa,Eastern Africa,Sub-Saharan Africa,122685.2044,119177.4713,3507.733006,10635.85654,7296.197574,112049.3478,111881.2738
44,Cambodia,Asia,South-Eastern Asia,East Asia,112827.9747,108928.4991,3899.475521,13586.63186,9836.018453,99241.34279,99092.48068
45,Cameroon,Africa,Middle Africa,Sub-Saharan Africa,174113.7417,169506.1035,4607.638286,13908.7017,9541.369421,160205.04,159964.734
46,Canada,Americas,Northern America,North America,9039096.607,8471625.205,567471.4028,335257.2313,243782.1692,7785543.805,7551977.496
47,Cape Verde,Africa,Western Africa,Sub-Saharan Africa,0,0,0,0,0,0,0
48,Cayman Islands,Americas,Caribbean,Central & South America,0,0,0,0,0,0,0
49,Central African Republic,Africa,Middle Africa,Sub-Saharan Africa,66855.91487,63500.8998,3355.015066,10415.13969,7144.785853,56440.77517,56356.11395
50,Chad,Africa,Middle Africa,Sub-Saharan Africa,584763.8569,555859.1598,28904.69715,89688.16479,61526.08105,495075.6921,494333.0787
51,Chile,Americas,South America,Central & South America,6796683.548,6639502.99,157180.5583,553189.2804,405373.9766,6243494.268,6234129.013
52,China/India,Asia,Eastern Asia,East Asia,0,0,0,0,0,0,0
53,China,Asia,Eastern Asia,East Asia,128441608.1,125196056.4,3245551.785,8214707.938,6113489.667,116080693.2,115906572.1
54,Christmas Island,Asia,South-Eastern Asia,East Asia,0,0,0,0,0,0,0
55,Clipperton Island,Americas,Central America,Central & South America,0,0,0,0,0,0,0
56,Cocos (Keeling) Islands,Asia,South-Eastern Asia,East Asia,0,0,0,0,0,0,0
57,Colombia,Americas,South America,Central & South America,25531779.99,24506300.02,1025479.973,3715936.743,2723180.542,21815843.25,21783119.48
58,Comoros,Africa,Eastern Africa,Sub-Saharan Africa,6574.45564,6441.717797,132.7378426,393.2039003,269.7378778,6181.25174,6171.979919
59,Congo,Africa,Middle Africa,Sub-Saharan Africa,869.3352652,843.822948,25.5123172,77.46660516,53.14209164,791.86866,790.6808563
60,Cook Islands,Oceania,Polynesia,Oceania,0,0,0,0,0,0,0
61,Costa Rica,Americas,Central America,Central & South America,1122151.965,1060678.981,61472.98456,224886.8173,164759.7273,897265.1478,895919.2533
62,Croatia,Europe,Southern Europe,Western Europe,2457942.926,2331418.984,126523.9426,220883.8261,161471.6578,2237059.1,2169947.326
63,Cuba,Americas,Caribbean,Central & South America,2677577.164,2653458.926,24118.23753,75586.90748,55371.65888,2601990.256,2598087.267
64,Cyprus,Asia,Western Asia,West Asia & Northern Africa,316658.1391,306350.7867,10307.35232,3745.849023,2825.868518,312912.29,303524.9182
65,Czech Republic,Europe,Eastern Europe,Eastern Europe,9345873.78,8944758.092,401115.6882,504003.011,368143.4431,8841870.769,8576614.649
66,C?te d'Ivoire,Africa,Western Africa,Sub-Saharan Africa,83006.51789,80782.75403,2223.763859,6717.613883,4608.283181,76288.90401,76174.47085
67,Dem People's Rep of Korea,Asia,Eastern Asia,East Asia,130744.9579,129519.0467,1225.911204,4176.946885,3140.88773,126568.011,126378.159
68,Democratic Republic of the Congo,Africa,Middle Africa,Sub-Saharan Africa,6701.646702,6573.847412,127.7992904,376.7899006,258.4778735,6324.856801,6315.369538
69,Denmark,Europe,Northern Europe,Western Europe,22543350.02,21608249.37,935100.6458,1072997.623,782007.5313,21470352.39,20826241.84
70,Djibouti,Africa,Eastern Africa,Sub-Saharan Africa,0,0,0,0,0,0,0
71,Dominica,Americas,Caribbean,Central & South America,0,0,0,0,0,0,0
72,Dominican Republic,Americas,Caribbean,Central & South America,1729893.138,1710415.22,19477.91796,63483.62839,46505.3264,1666409.509,1663909.894
73,Ecuador,Americas,South America,Central & South America,21988258.77,21715578.41,272680.367,902267.4939,661216.1237,21085991.28,21054362.28
74,South Sudan,Africa,Northern Africa,West Asia & Northern Africa,1431103.102,1377081.854,54021.2477,165998.6925,113875.103,1265104.409,1263206.751
75,El Salvador,Americas,Central America,Central & South America,1965581.056,1909795.587,55785.4695,198888.583,145753.1595,1766692.473,1764042.427
76,Equatorial Guinea,Africa,Middle Africa,Sub-Saharan Africa,0,0,0,0,0,0,0
77,Eritrea,Africa,Eastern Africa,Sub-Saharan Africa,262005.6331,248609.7349,13395.8982,41609.25043,28543.94583,220396.3827,220065.7891
78,Estonia,Europe,Northern Europe,Western Europe,2160958.776,2068179.84,92778.93616,116958.7155,85499.77573,2044000.061,1982680.065
79,Ethiopia,Africa,Eastern Africa,Sub-Saharan Africa,15136070.88,14685143.55,450927.3263,1370314.303,940035.6117,13765756.57,13745107.94
80,Europa Island,Africa,Eastern Africa,Sub-Saharan Africa,0,0,0,0,0,0,0
81,Falkland Islands (Malvinas),Americas,South America,Central & South America,109.5765295,103.9927742,5.583755302,20.39974689,14.94975586,89.17678261,89.04301834
82,Faroe Islands,Europe,Northern Europe,Western Europe,0,0,0,0,0,0,0
83,Fiji,Oceania,Melanesia,Oceania,194160.3665,183051.6452,11108.72131,22210.69819,16260.46287,171949.6683,166791.1824
84,Finland,Europe,Northern Europe,Western Europe,1095302.803,1049170.736,46132.06652,55168.00045,40239.97799,1040134.803,1008930.758
85,France,Europe,Western Europe,Western Europe,111882607.4,106942929.7,4939677.62,6604822.439,4823478.362,105277784.9,102119451.4
86,French Guiana,Americas,South America,Central & South America,18.73968315,17.35787432,1.381808834,5.095543861,3.734201355,13.64413929,13.62367296
87,French Polynesia,Oceania,Polynesia,Oceania,0,0,0,0,0,0,0
88,French Southern and Antarctic Territories,Antarctica,,,0,0,0,0,0,0,0
89,Gabon,Africa,Middle Africa,Sub-Saharan Africa,2210.501626,2094.148307,116.3533186,361.7202422,248.1400884,1848.781384,1846.008219
90,Gambia,Africa,Western Africa,Sub-Saharan Africa,44552.07911,43517.96968,1034.109432,3095.299924,2123.375743,41456.77919,41394.59394
91,Gaza Strip,Asia,Western Asia,West Asia & Northern Africa,45083.80283,44843.72921,240.073617,699.4673767,525.9699316,44384.33545,44317.75928
92,Georgia,Asia,Western Asia,West Asia & Northern Africa,1458894.985,1393606.33,65288.65505,256463.9855,192978.9771,1202431,1200627.353
93,Germany,Europe,Western Europe,Western Europe,124632060.3,119162970.2,5469090.115,7212564.327,5266058.921,117419496,113896911.3
94,Ghana,Africa,Western Africa,Sub-Saharan Africa,118376.7205,114911.5763,3465.144231,10520.25226,7216.893075,107856.4683,107694.6832
95,Gibraltar,Europe,Southern Europe,Western Europe,0,0,0,0,0,0,0
96,Glorioso Island,Africa,Eastern Africa,Sub-Saharan Africa,0,0,0,0,0,0,0
97,Greece,Europe,Southern Europe,Western Europe,3433115.315,3249529.875,183585.4396,337240.5931,246531.3948,3095874.721,3002998.48
98,Greenland,Americas,Northern America,North America,0,0,0,0,0,0,0
99,Grenada,Americas,Caribbean,Central & South America,778.2165794,768.7736328,9.442946625,31.11782455,22.79554443,747.0987549,745.9780884
100,Guadeloupe,Americas,Caribbean,Central & South America,138.3607318,136.2790548,2.081677008,7.047114134,5.162404251,131.3136177,131.1166506
101,Guam,Oceania,Micronesia,Oceania,0,0,0,0,0,0,0
102,Abyei,Africa,Northern Africa,West Asia & Northern Africa,24388.76168,23468.13528,920.6264085,2828.938869,1940.652061,21559.82281,21527.48322
103,Guatemala,Americas,Central America,Central & South America,1586709.389,1492974.043,93735.34598,343878.1943,252007.0905,1242831.195,1240966.952
104,Guernsey,Europe,Northern Europe,Western Europe,0,0,0,0,0,0,0
105,Guinea-Bissau,Africa,Western Africa,Sub-Saharan Africa,38529.69853,37612.85072,916.8478082,2748.970371,1885.793661,35780.72816,35727.05706
106,Guinea,Africa,Western Africa,Sub-Saharan Africa,196292.2993,192193.8809,4098.418336,12172.73619,8350.497006,184119.5631,183843.3839
107,Guyana,Americas,South America,Central & South America,21336.86163,20442.89213,893.9695034,3244.592533,2377.761488,18092.2691,18065.13064
108,Haiti,Americas,Caribbean,Central & South America,286464.4551,276221.0171,10243.43799,36901.5644,27032.47033,249562.8907,249188.5467
109,Heard Island and McDonald Islands,Antarctica,,,0,0,0,0,0,0,0
110,Holy See,Europe,Southern Europe,Western Europe,0,0,0,0,0,0,0
111,Honduras,Americas,Central America,Central & South America,2121528.259,2045888.029,75640.22943,272745.0762,199878.0229,1848783.183,1846010.006
112,Howland Island,Americas,Northern America,North America,0,0,0,0,0,0,0
113,Hungary,Europe,Eastern Europe,Eastern Europe,7004973.938,6679867.055,325106.8821,481045.2931,351656.2625,6523928.644,6328210.793
114,Iceland,Europe,Northern Europe,Western Europe,0,0,0,0,0,0,0
115,India,Asia,Southern Asia,South Asia,256157194.5,253737861.9,2419332.585,7322215.029,5276134.813,248834979.4,248461727.1
116,Indonesia,Asia,South-Eastern Asia,East Asia,4017587.577,3969403.873,48183.70402,146661.3924,105941.4541,3863797.716,3858002.012
117,Iran  (Islamic Republic of),Asia,Southern Asia,South Asia,19256182.23,19066117.36,190064.8675,632454.5235,470325.2408,18623727.71,18595792.12
118,Iraq,Asia,Western Asia,West Asia & Northern Africa,871538.9756,846988.8961,24550.0795,94275.01607,70890.8328,777263.9595,776098.0633
119,Ireland,Europe,Northern Europe,Western Europe,10917156.23,10410146.32,507009.9087,755772.4727,553604.054,10161383.76,9856542.267
120,Isle of Man,Europe,Northern Europe,Western Europe,0,0,0,0,0,0,0
121,Israel,Asia,Western Asia,West Asia & Northern Africa,7286050.387,6972833.973,313216.4147,431752.794,324165.2946,6854297.593,6648668.678
122,Italy,Europe,Southern Europe,Western Europe,47726575.61,45553007.37,2173568.234,3096277.342,2261618.009,44630298.27,43291389.36
123,Jamaica,Americas,Caribbean,Central & South America,47672.64576,47014.7341,657.9116618,2204.987462,1615.27727,45467.6583,45399.45683
126,Japan,Asia,Eastern Asia,East Asia,14983568.37,14364848.11,618720.2596,540653.4974,404929.2822,14199245.17,13773267.83
127,Jarvis Island,Americas,Northern America,North America,0,0,0,0,0,0,0
128,Jersey,Europe,Northern Europe,Western Europe,0,0,0,0,0,0,0
129,Johnston Atoll,Americas,Northern America,North America,0,0,0,0,0,0,0
130,Jordan,Asia,Western Asia,West Asia & Northern Africa,269643.1644,260821.8994,8821.265003,3357.011063,2524.330578,266286.1533,258297.5688
131,Juan de Nova Island,Africa,Eastern Africa,Sub-Saharan Africa,0,0,0,0,0,0,0
132,Kazakhstan,Asia,Central Asia,West Asia & Northern Africa,10846775.07,10581827.33,264947.7461,1010721.517,760527.8561,9836053.557,9821299.472
133,Kenya,Africa,Eastern Africa,Sub-Saharan Africa,11596169.1,11425864.6,170304.4985,489312.7553,335668.5491,11106856.35,11090196.05
134,Kingman Reef,Americas,Northern America,North America,0,0,0,0,0,0,0
135,Kiribati,Oceania,Micronesia,Oceania,0,0,0,0,0,0,0
136,Kuril islands,Asia,Eastern Asia,East Asia,0,0,0,0,0,0,0
137,Kuwait,Asia,Western Asia,West Asia & Northern Africa,8521.530675,8241.613587,279.9170875,111.3135879,83.70314865,8410.217087,8157.910439
138,Kyrgyzstan,Asia,Central Asia,West Asia & Northern Africa,1892112.645,1843246.118,48866.52721,187076.9969,140768.0203,1705035.648,1702478.098
139,Lao People's Democratic Republic,Asia,South-Eastern Asia,East Asia,19802.45063,19217.40266,585.0479656,2162.467625,1603.879671,17639.983,17613.52299
140,Latvia,Europe,Northern Europe,Western Europe,2652639.925,2525879.104,126760.8209,197433.5183,144328.89,2455206.406,2381550.214
141,Lebanon,Asia,Western Asia,West Asia & Northern Africa,570812.7827,567382.7807,3430.002002,10439.52535,7850.082433,560373.2574,559532.6983
142,Lesotho,Africa,Southern Africa,Sub-Saharan Africa,112351.0787,106682.6275,5668.451201,17599.75805,12073.43408,94751.3206,94609.19337
144,Liberia,Africa,Western Africa,Sub-Saharan Africa,3142.35015,3054.898374,87.4517761,264.7624034,181.6270086,2877.587747,2873.271366
145,Libya,Africa,Northern Africa,West Asia & Northern Africa,2550.716568,2512.119871,38.59669727,111.2659763,76.32845999,2439.450591,2435.791411
146,Liechtenstein,Europe,Western Europe,Western Europe,0,0,0,0,0,0,0
147,Lithuania,Europe,Northern Europe,Western Europe,6632831.563,6313463.177,319368.3861,503749.626,368253.7029,6129081.937,5945209.474
148,Luxembourg,Europe,Western Europe,Western Europe,967753.0825,926354.4251,41398.6574,51746.35541,37827.89283,916006.7271,888526.5322
149,Macau,Asia,Eastern Asia,East Asia,0,0,0,0,0,0,0
150,Madagascar,Africa,Eastern Africa,Sub-Saharan Africa,396808.6263,385183.8015,11624.82484,35294.75919,24212.20476,361513.8671,360971.5967
151,Madeira Islands,Europe,Southern Europe,Western Europe,0,0,0,0,0,0,0
152,Malawi,Africa,Eastern Africa,Sub-Saharan Africa,63761.43664,62678.38875,1083.047892,3159.697459,2167.552482,60601.73918,60510.83627
153,Malaysia,Asia,South-Eastern Asia,East Asia,246358.5377,242624.4182,3734.119462,13545.4009,10160.50058,232813.1368,232463.9176
154,Maldives,Asia,Southern Asia,South Asia,0,0,0,0,0,0,0
155,Mali,Africa,Western Africa,Sub-Saharan Africa,1823728.317,1792137.498,31590.81892,92336.72559,63342.99387,1731391.591,1728794.504
156,Malta,Europe,Southern Europe,Western Europe,161557.2851,154297.6066,7259.67849,10097.14008,7381.26425,151460.1451,146916.3424
157,Marshall Islands,Oceania,Micronesia,Oceania,0,0,0,0,0,0,0
158,Martinique,Americas,Caribbean,Central & South America,1278.515954,1263.870697,14.64525695,47.85785729,35.05856857,1230.658096,1228.812128
159,Mauritania,Africa,Western Africa,Sub-Saharan Africa,81131.89199,80097.7612,1034.130787,2919.786855,2002.973795,78212.10513,78094.7874
160,Mauritius,Africa,Eastern Africa,Sub-Saharan Africa,0,0,0,0,0,0,0
161,Mayotte,Africa,Eastern Africa,Sub-Saharan Africa,0,0,0,0,0,0,0
162,Mexico,Americas,Central America,Central & South America,24220074.83,23749353.8,470721.031,1394229.474,1020188.271,22587974.6,22554092.65
163,Micronesia (Federated States of),Oceania,Micronesia,Oceania,0,0,0,0,0,0,0
164,Midway Island,Americas,Northern America,North America,0,0,0,0,0,0,0
165,"Moldova, Republic of",Europe,Eastern Europe,Eastern Europe,1606600.645,1517797.195,88803.45061,169915.1668,124212.2796,1436685.479,1393584.915
166,Monaco,Europe,Western Europe,Western Europe,0,0,0,0,0,0,0
167,Mongolia,Asia,Eastern Asia,East Asia,560684.8516,539500.9383,21183.91323,74838.70918,54383.56473,485846.1424,485117.3736
168,Montserrat,Americas,Caribbean,Central & South America,0,0,0,0,0,0,0
169,Morocco,Africa,Northern Africa,West Asia & Northern Africa,3121308.02,3081890.698,39417.32185,111153.1508,76251.06138,3010154.869,3005639.637
170,Mozambique,Africa,Eastern Africa,Sub-Saharan Africa,132773.97,126689.761,6084.208972,18832.15325,12918.85717,113941.8168,113770.9039
171,Myanmar,Asia,South-Eastern Asia,East Asia,5310446.266,5238197.655,72248.61149,242373.1424,177726.6378,5068073.124,5060471.017
172,Namibia,Africa,Southern Africa,Sub-Saharan Africa,128287.7069,124618.735,3668.971971,11124.92973,7631.701805,117162.7772,116987.0332
173,Nauru,Oceania,Micronesia,Oceania,0,0,0,0,0,0,0
174,Navassa Island,Americas,Northern America,North America,0,0,0,0,0,0,0
175,Nepal,Asia,Southern Asia,South Asia,1415359.279,1360097.162,55262.11736,202060.0102,148617.841,1213299.269,1211479.321
176,Netherlands Antilles,Americas,Caribbean,Central & South America,617.5907099,610.6629568,6.927753077,22.56636071,16.53113235,595.0243492,594.1318245
177,Netherlands,Europe,Western Europe,Western Europe,55560505.76,53150434.87,2410070.896,3106670.843,2270214.868,52453834.92,50880220
178,New Caledonia,Oceania,Melanesia,Oceania,0,0,0,0,0,0,0
179,New Zealand,Oceania,Australia and New Zealand,Oceania,40169423.75,38348318.3,1821105.454,2589092.684,1895397.126,37580331.07,36452921.17
180,Nicaragua,Americas,Central America,Central & South America,2505479.863,2357240.474,148239.3895,543853.8538,398556.9025,1961626.009,1958683.571
181,Niger,Africa,Western Africa,Sub-Saharan Africa,1795570.093,1772101.47,23468.62244,66480.86134,45605.87084,1729089.231,1726495.599
182,Nigeria,Africa,Western Africa,Sub-Saharan Africa,2300780.858,2260014.975,40765.88288,119407.0773,81913.25519,2181373.78,2178101.72
183,Niue,Oceania,Polynesia,Oceania,0,0,0,0,0,0,0
184,Norfolk Island,Oceania,Australia and New Zealand,Oceania,0,0,0,0,0,0,0
185,Northern Mariana Islands,Oceania,Micronesia,Oceania,0,0,0,0,0,0,0
186,Norway,Europe,Northern Europe,Western Europe,1073533.423,1025962.162,47571.26094,64296.57139,47002.41818,1009236.852,978959.7443
187,Oman,Asia,Western Asia,West Asia & Northern Africa,25400.99876,24590.86069,810.1380755,3131.455812,2354.722566,22269.54295,22236.13812
188,Pakistan,Asia,Southern Asia,South Asia,52632615.74,51771129.01,861486.7299,3070590.321,2283446.6,49562025.42,49487682.41
189,Palau,Oceania,Micronesia,Oceania,0,0,0,0,0,0,0
190,Palmyra Atoll,Americas,Northern America,North America,0,0,0,0,0,0,0
191,Panama,Americas,Central America,Central & South America,800613.8373,768319.8858,32293.9515,117039.914,85771.32457,683573.9232,682548.5612
192,Papua New Guinea,Oceania,Melanesia,Oceania,1398.511622,1119.369224,279.142398,997.0051328,729.9079293,401.5064895,389.461295
193,Paracel Islands,Asia,South-Eastern Asia,East Asia,0,0,0,0,0,0,0
194,Paraguay,Americas,South America,Central & South America,1250991.042,1222935.506,28055.53625,98542.78782,72215.92337,1152448.255,1150719.583
195,Peru,Americas,South America,Central & South America,2283822.13,2227706.719,56115.41126,198333.7155,145346.5311,2085488.415,2082360.188
196,Philippines,Asia,South-Eastern Asia,East Asia,73428.76561,73153.1578,275.607803,644.3064493,477.8753629,72784.45916,72675.28244
197,Pitcairn,Oceania,Polynesia,Oceania,0,0,0,0,0,0,0
198,Poland,Europe,Eastern Europe,Eastern Europe,44852662.92,42821085.22,2031577.697,2882577.323,2110102.161,41970085.6,40710983.06
199,Portugal,Europe,Southern Europe,Western Europe,4837758.441,4639256.835,198501.606,224446.2392,164344.0013,4613312.202,4474912.834
200,Puerto Rico,Americas,Caribbean,Central & South America,1330656.336,1324680.653,5975.682935,14964.44447,10962.29681,1315691.892,1313718.356
201,Qatar,Asia,Western Asia,West Asia & Northern Africa,3461.230045,3409.759026,51.47101835,187.7129016,141.1521539,3273.517143,3268.606873
202,Republic of Korea,Asia,Eastern Asia,East Asia,6065770.856,5833320.291,232450.5649,233541.6036,176057.8927,5832229.252,5657262.398
203,Romania,Europe,Eastern Europe,Eastern Europe,10511968.8,9991931.8,520036.9987,860639.1448,630142.0277,9651329.654,9361789.773
204,Russian Federation,Europe,Eastern Europe,Russian Federation,81828848.71,77783041.13,4045807.585,6660677.822,4869915.299,75168170.89,72913125.83
205,Rwanda,Africa,Eastern Africa,Sub-Saharan Africa,897983.2391,882243.2817,15739.95742,46057.54741,31595.47754,851925.6917,850647.8042
206,R?union,Africa,Eastern Africa,Sub-Saharan Africa,0,0,0,0,0,0,0
207,Saint Helena,Africa,Western Africa,Sub-Saharan Africa,0,0,0,0,0,0,0
208,Saint Kitts and Nevis,Americas,Caribbean,Central & South America,0,0,0,0,0,0,0
209,Saint Lucia,Americas,Caribbean,Central & South America,2785.433849,2759.986586,25.44726364,79.97584152,58.58680542,2705.458008,2701.39978
210,Saint Pierre et Miquelon,Americas,Northern America,Oceania,0,0,0,0,0,0,0
211,Saint Vincent and the Grenadines,Americas,Caribbean,Central & South America,1042.869934,1032.787692,10.0822425,32.02899481,23.46304226,1010.840939,1009.324649
212,Samoa,Oceania,Polynesia,Oceania,0,0,0,0,0,0,0
213,San Marino,Europe,Southern Europe,Western Europe,0,0,0,0,0,0,0
214,Sao Tome and Principe,Africa,Middle Africa,Sub-Saharan Africa,716.7211151,665.6016135,51.11950165,160.1421051,109.8574805,556.57901,555.744133
215,Saudi Arabia,Asia,Western Asia,West Asia & Northern Africa,797006.7159,771803.5268,25203.18907,6031.074821,4557.156703,790975.6411,767246.3701
216,Scarborough Reef,Asia,South-Eastern Asia,East Asia,0,0,0,0,0,0,0
217,Senegal,Africa,Western Africa,Sub-Saharan Africa,707733.6969,694219.6844,13514.01253,39847.71612,27335.53317,667885.9808,666884.1512
218,Senkaku Islands,Asia,Eastern Asia,East Asia,0,0,0,0,0,0,0
220,Seychelles,Africa,Eastern Africa,Sub-Saharan Africa,0,0,0,0,0,0,0
221,Sierra Leone,Africa,Western Africa,Sub-Saharan Africa,126172.0309,124182.3628,1989.668134,5761.312533,3952.260384,120410.7184,120230.1024
222,Singapore,Asia,South-Eastern Asia,East Asia,0,0,0,0,0,0,0
223,Slovakia,Europe,Eastern Europe,Eastern Europe,2846349.898,2716469.562,129880.3358,186169.639,136094.7101,2660180.259,2580374.852
224,Slovenia,Europe,Southern Europe,Western Europe,867328.9234,827425.386,39903.53736,58096.83893,42470.25727,809232.0845,784955.1288
225,Solomon Islands,Oceania,Melanesia,Oceania,52.5741483,47.49148059,5.082667704,14.7349751,10.78748215,37.8391732,36.70399845
226,Somalia,Africa,Eastern Africa,Sub-Saharan Africa,428980.5399,419288.8449,9691.695069,28954.31713,19862.66153,400026.2228,399426.1833
227,South Africa,Africa,Southern Africa,Sub-Saharan Africa,9361471.775,9086222.628,275249.1473,594114.744,407562.715,8525609.585,8512821.164
228,South Georgia and the South Sandwich Islands,Antarctica,,,0,0,0,0,0,0,0
229,Spain,Europe,Southern Europe,Western Europe,17969922.39,17166648.1,803274.2877,982182.4696,718343.0034,16860378.17,16354566.85
230,Spratly Islands,Asia,South-Eastern Asia,East Asia,0,0,0,0,0,0,0
231,Sri Lanka,Asia,Southern Asia,South Asia,680620.2434,661718.3298,18901.91366,70162.96498,52176.7369,610457.2784,609541.5929
233,Suriname,Americas,South America,Central & South America,925.8275145,909.085935,16.74157955,57.79098213,42.35145412,868.0365324,866.7344809
234,Svalbard and Jan Mayen Islands,Europe,Northern Europe,Western Europe,0,0,0,0,0,0,0
235,Swaziland,Africa,Southern Africa,Sub-Saharan Africa,67139.18745,64008.03241,3131.155047,9697.427017,6652.434995,57441.76044,57355.59741
236,Sweden,Europe,Northern Europe,Western Europe,4253939.468,4067815.173,186124.2953,242788.2436,176998.477,4011151.225,3890816.696
237,Switzerland,Europe,Western Europe,Western Europe,5995074.028,5735150.215,259923.813,334830.3263,244713.8292,5660243.702,5490436.386
238,Syrian Arab Republic,Asia,Western Asia,West Asia & Northern Africa,3272305.761,3245268.735,27037.02543,89755.71006,67492.50531,3182550.051,3177776.23
239,Tajikistan,Asia,Central Asia,West Asia & Northern Africa,1098186.362,1026985.075,71201.28623,282694.2987,212716.249,815492.0629,814268.8264
240,Thailand,Asia,South-Eastern Asia,East Asia,4160032.78,4145154.014,14878.76664,33638.51091,24949.3323,4126394.269,4120204.681
241,The former Yugoslav Republic of Macedonia,Europe,Southern Europe,Western Europe,1111114.466,1045883.045,65231.42118,133478.495,97576.15171,977635.9713,948306.8934
242,Timor-Leste,Asia,South-Eastern Asia,East Asia,0,0,0,0,0,0,0
243,Togo,Africa,Western Africa,Sub-Saharan Africa,59797.33097,58718.70762,1078.623347,3164.567878,2170.893573,56632.76309,56547.81405
244,Tokelau,Oceania,Polynesia,Oceania,0,0,0,0,0,0,0
245,Tonga,Oceania,Polynesia,Oceania,0,0,0,0,0,0,0
246,Trinidad and Tobago,Americas,Caribbean,Central & South America,14397.56276,13991.82623,405.7365269,1444.441292,1058.134437,12953.12147,12933.6918
247,Tromelin Island,Africa,Eastern Africa,Sub-Saharan Africa,0,0,0,0,0,0,0
248,Tunisia,Africa,Northern Africa,West Asia & Northern Africa,1512494.224,1497452.051,15042.17278,40874.97948,28040.23594,1471619.244,1469411.815
249,Turkey,Asia,Western Asia,West Asia & Northern Africa,52473736.93,52052920.89,420816.0443,1387614.017,1043427.17,51086122.91,51009493.72
250,Turkmenistan,Asia,Central Asia,West Asia & Northern Africa,2355441.79,2298078.16,57363.63043,218787.7664,164629.1184,2136654.024,2133449.041
251,Turks and Caicos islands,Americas,Caribbean,Central & South America,0,0,0,0,0,0,0
252,Tuvalu,Oceania,Polynesia,Oceania,0,0,0,0,0,0,0
253,Uganda,Africa,Eastern Africa,Sub-Saharan Africa,5462625.514,5313498.936,149126.5773,450984.4429,309375.3278,5011641.071,5004123.609
254,Ukraine,Europe,Eastern Europe,Eastern Europe,37164146.53,35301106.7,1863039.835,3141962.244,2299587.902,34022184.29,33001518.8
255,United Arab Emirates,Asia,Western Asia,West Asia & Northern Africa,12180.49113,11953.02335,227.4677785,848.5244467,638.0546073,11331.96668,11314.96874
256,U.K. of Great Britain and Northern Ireland,Europe,Northern Europe,Western Europe,36990502.74,35442065.5,1548437.236,1840181.033,1346253.396,35150321.7,34095812.11
257,United Republic of Tanzania,Africa,Eastern Africa,Sub-Saharan Africa,4285957.742,4133841.949,152115.7932,466197.9597,319811.7996,3819759.782,3814030.149
258,United States Virgin Islands,Americas,Caribbean,Central & South America,3222.282743,3205.989631,16.29311211,43.09060478,31.5662915,3179.192139,3174.42334
259,United States of America,Americas,Northern America,North America,254149970.4,241109625.7,13040344.71,9595546.912,6948237.87,231492871.8,224548085.8
260,Uruguay,Americas,South America,Central & South America,5053252.884,4914698.193,138554.6906,462279.1931,338466.1566,4561049.173,4554207.591
261,Uzbekistan,Asia,Central Asia,West Asia & Northern Africa,16851682.35,16365064.52,486617.8307,1875064.897,1410911.97,14976617.45,14954152.55
262,Vanuatu,Oceania,Melanesia,Oceania,4028.306538,3399.191434,629.1151042,2136.473021,1564.112912,1891.833517,1835.078521
263,Venezuela,Americas,South America,Central & South America,10423393.31,10056493.85,366899.4532,1322224.046,968976.3428,9101169.262,9087517.512
264,Viet Nam,Asia,South-Eastern Asia,East Asia,1507508.565,1501669.475,5839.089884,13931.77353,10333.0509,1493576.791,1491336.424
265,Wake Island,Oceania,Micronesia,Oceania,0,0,0,0,0,0,0
266,Wallis and Futuna,Oceania,Polynesia,Oceania,0,0,0,0,0,0,0
267,West Bank,Asia,Western Asia,West Asia & Northern Africa,195097.3623,194058.4596,1038.902792,3026.898387,2276.099782,192070.464,191782.3598
268,Western Sahara,Africa,Northern Africa,West Asia & Northern Africa,0,0,0,0,0,0,0
269,Yemen,Asia,Western Asia,West Asia & Northern Africa,681041.1065,659016.7337,22024.37278,85189.51621,64058.92081,595851.5903,594957.8129
270,Zambia,Africa,Eastern Africa,Sub-Saharan Africa,123975.9984,117240.7135,6735.284874,20957.82865,14377.07062,103018.1698,102863.6429
271,Zimbabwe,Africa,Eastern Africa,Sub-Saharan Africa,1055358.533,1034051.578,21306.95475,63116.53697,43297.94445,992241.9959,990753.6337
2647,Montenegro,Europe,Southern Europe,Western Europe,295836.0316,279826.642,16009.38963,30357.84808,22312.80256,265478.1835,257513.8394
2648,Serbia,Europe,Southern Europe,Western Europe,4537144.077,4306471.522,230672.5557,402363.3017,295734.1668,4134780.776,4010737.355
33364,Hong Kong,Asia,Eastern Asia,East Asia,355.531316,352.3080463,3.223269738,10.91087365,8.204526386,344.6204424,344.1035199
40760,Hala'ib triangle,Africa,Northern Africa,West Asia & Northern Africa,0,0,0,0,0,0,0
40762,Ma'tan al-Sarra,Africa,Northern Africa,West Asia & Northern Africa,0,0,0,0,0,0,0
40765,Egypt,Africa,Northern Africa,West Asia & Northern Africa,11679244.37,11571932.9,107311.4613,287336.2764,197112.6854,11391908.09,11374820.22
40781,Jammu and Kashmir,Asia,Eastern Asia,East Asia,0,0,0,0,0,0,0
61013,Ilemi triangle,Africa,Northern Africa,West Asia & Northern Africa,0,0,0,0,0,0,0
74578,Azores Islands,Europe,Southern Europe,Western Europe,0,0,0,0,0,0,0
