ADM0_CODE,ADM0_NAME,CONTINENT,REGION,REG_ANNEX5, Ninput , Noutput , Nlosses 
1,Afghanistan,Asia,Southern Asia,South Asia,14673.44,10689.05,3984.39
2,Aksai Chin,Asia,Eastern Asia,East Asia,0.10,0.07,0.03
3,Albania,Europe,Southern Europe,Western Europe,0.00,0.00,0.00
4,Algeria,Africa,Northern Africa,West Asia & Northern Africa,0.00,0.00,0.00
5,American Samoa,Oceania,Polynesia,Oceania,0.00,0.00,0.00
6,Sudan,Africa,Northern Africa,West Asia & Northern Africa,0.00,0.00,0.00
7,Andorra,Europe,Southern Europe,Western Europe,0.00,0.00,0.00
8,Angola,Africa,Middle Africa,Sub-Saharan Africa,0.00,0.00,0.00
9,Anguilla,Americas,Caribbean,Central & South America,0.00,0.00,0.00
10,Antarctica,Antarctica,,,0.00,0.00,0.00
11,Antigua and Barbuda,Americas,Caribbean,Central & South America,0.00,0.00,0.00
12,Argentina,Americas,South America,Central & South America,7878.16,5969.72,1908.44
13,Armenia,Asia,Western Asia,West Asia & Northern Africa,116.59,87.25,29.34
14,Aruba,Americas,Caribbean,Central & South America,0.00,0.00,0.00
15,Arunachal Pradesh,Asia,Eastern Asia,East Asia,23.60,17.05,6.54
16,Ashmore and Cartier Islands,Oceania,Australia and New Zealand,Oceania,0.00,0.00,0.00
17,Australia,Oceania,Australia and New Zealand,Oceania,0.00,0.00,0.00
18,Austria,Europe,Western Europe,Western Europe,0.00,0.00,0.00
19,Azerbaijan,Asia,Western Asia,West Asia & Northern Africa,0.00,0.00,0.00
20,Bahamas,Americas,Caribbean,Central & South America,0.00,0.00,0.00
21,Bahrain,Asia,Western Asia,West Asia & Northern Africa,0.00,0.00,0.00
22,Baker Island,Americas,Northern America,North America,0.00,0.00,0.00
23,Bangladesh,Asia,Southern Asia,South Asia,826.49,587.92,238.57
24,Barbados,Americas,Caribbean,Central & South America,0.00,0.00,0.00
25,Bassas da India,Africa,Eastern Africa,Sub-Saharan Africa,0.00,0.00,0.00
26,Belarus,Europe,Eastern Europe,Eastern Europe,0.00,0.00,0.00
27,Belgium,Europe,Western Europe,Western Europe,0.00,0.00,0.00
28,Belize,Americas,Central America,Central & South America,0.00,0.00,0.00
29,Benin,Africa,Western Africa,Sub-Saharan Africa,0.00,0.00,0.00
30,Bermuda,Americas,Northern America,North America,0.00,0.00,0.00
31,Bhutan,Asia,Southern Asia,South Asia,39.98,28.76,11.22
32,Bird Island,Americas,Caribbean,Central & South America,0.00,0.00,0.00
33,Bolivia,Americas,South America,Central & South America,0.00,0.00,0.00
34,Bosnia and Herzegovina,Europe,Southern Europe,Western Europe,0.00,0.00,0.00
35,Botswana,Africa,Southern Africa,Sub-Saharan Africa,0.00,0.00,0.00
36,Bouvet Island,Antarctica,,,0.00,0.00,0.00
37,Brazil,Americas,South America,Central & South America,339815.65,257497.12,82318.53
38,British Indian Ocean Territory,Africa,Eastern Africa,South Asia,0.00,0.00,0.00
39,British Virgin Islands,Americas,Caribbean,Central & South America,0.00,0.00,0.00
40,Brunei Darussalam,Asia,South-Eastern Asia,East Asia,135.94,99.00,36.94
41,Bulgaria,Europe,Eastern Europe,Eastern Europe,0.00,0.00,0.00
42,Burkina Faso,Africa,Western Africa,Sub-Saharan Africa,0.00,0.00,0.00
43,Burundi,Africa,Eastern Africa,Sub-Saharan Africa,0.00,0.00,0.00
44,Cambodia,Asia,South-Eastern Asia,East Asia,11877.07,8507.39,3369.68
45,Cameroon,Africa,Middle Africa,Sub-Saharan Africa,0.00,0.00,0.00
46,Canada,Americas,Northern America,North America,0.00,0.00,0.00
47,Cape Verde,Africa,Western Africa,Sub-Saharan Africa,0.00,0.00,0.00
48,Cayman Islands,Americas,Caribbean,Central & South America,0.00,0.00,0.00
49,Central African Republic,Africa,Middle Africa,Sub-Saharan Africa,0.00,0.00,0.00
50,Chad,Africa,Middle Africa,Sub-Saharan Africa,0.00,0.00,0.00
51,Chile,Americas,South America,Central & South America,0.00,0.00,0.00
52,China/India,Asia,Eastern Asia,East Asia,8.36,6.09,2.27
53,China,Asia,Eastern Asia,East Asia,268321.50,195407.29,72914.20
54,Christmas Island,Asia,South-Eastern Asia,East Asia,0.00,0.00,0.00
55,Clipperton Island,Americas,Central America,Central & South America,0.00,0.00,0.00
56,Cocos (Keeling) Islands,Asia,South-Eastern Asia,East Asia,0.00,0.00,0.00
57,Colombia,Americas,South America,Central & South America,25288.06,19162.16,6125.90
58,Comoros,Africa,Eastern Africa,Sub-Saharan Africa,0.00,0.00,0.00
59,Congo,Africa,Middle Africa,Sub-Saharan Africa,0.00,0.00,0.00
60,Cook Islands,Oceania,Polynesia,Oceania,0.00,0.00,0.00
61,Costa Rica,Americas,Central America,Central & South America,0.00,0.00,0.00
62,Croatia,Europe,Southern Europe,Western Europe,0.00,0.00,0.00
63,Cuba,Americas,Caribbean,Central & South America,0.00,0.00,0.00
64,Cyprus,Asia,Western Asia,West Asia & Northern Africa,460.98,344.21,116.77
65,Czech Republic,Europe,Eastern Europe,Eastern Europe,0.00,0.00,0.00
66,C?te d'Ivoire,Africa,Western Africa,Sub-Saharan Africa,0.00,0.00,0.00
67,Dem People's Rep of Korea,Asia,Eastern Asia,East Asia,5929.86,4318.47,1611.39
68,Democratic Republic of the Congo,Africa,Middle Africa,Sub-Saharan Africa,0.00,0.00,0.00
69,Denmark,Europe,Northern Europe,Western Europe,0.00,0.00,0.00
70,Djibouti,Africa,Eastern Africa,Sub-Saharan Africa,0.00,0.00,0.00
71,Dominica,Americas,Caribbean,Central & South America,0.00,0.00,0.00
72,Dominican Republic,Americas,Caribbean,Central & South America,0.00,0.00,0.00
73,Ecuador,Americas,South America,Central & South America,0.00,0.00,0.00
74,South Sudan,Africa,Northern Africa,West Asia & Northern Africa,0.00,0.00,0.00
75,El Salvador,Americas,Central America,Central & South America,0.00,0.00,0.00
76,Equatorial Guinea,Africa,Middle Africa,Sub-Saharan Africa,0.00,0.00,0.00
77,Eritrea,Africa,Eastern Africa,Sub-Saharan Africa,0.00,0.00,0.00
78,Estonia,Europe,Northern Europe,Western Europe,0.00,0.00,0.00
79,Ethiopia,Africa,Eastern Africa,Sub-Saharan Africa,0.00,0.00,0.00
80,Europa Island,Africa,Eastern Africa,Sub-Saharan Africa,0.00,0.00,0.00
81,Falkland Islands (Malvinas),Americas,South America,Central & South America,0.00,0.00,0.00
82,Faroe Islands,Europe,Northern Europe,Western Europe,0.00,0.00,0.00
83,Fiji,Oceania,Melanesia,Oceania,0.00,0.00,0.00
84,Finland,Europe,Northern Europe,Western Europe,0.00,0.00,0.00
85,France,Europe,Western Europe,Western Europe,0.00,0.00,0.00
86,French Guiana,Americas,South America,Central & South America,0.00,0.00,0.00
87,French Polynesia,Oceania,Polynesia,Oceania,0.00,0.00,0.00
88,French Southern and Antarctic Territories,Antarctica,,,0.00,0.00,0.00
89,Gabon,Africa,Middle Africa,Sub-Saharan Africa,0.00,0.00,0.00
90,Gambia,Africa,Western Africa,Sub-Saharan Africa,0.00,0.00,0.00
91,Gaza Strip,Asia,Western Asia,West Asia & Northern Africa,0.00,0.00,0.00
92,Georgia,Asia,Western Asia,West Asia & Northern Africa,0.00,0.00,0.00
93,Germany,Europe,Western Europe,Western Europe,0.00,0.00,0.00
94,Ghana,Africa,Western Africa,Sub-Saharan Africa,0.00,0.00,0.00
95,Gibraltar,Europe,Southern Europe,Western Europe,0.00,0.00,0.00
96,Glorioso Island,Africa,Eastern Africa,Sub-Saharan Africa,0.00,0.00,0.00
97,Greece,Europe,Southern Europe,Western Europe,0.00,0.00,0.00
98,Greenland,Americas,Northern America,North America,0.00,0.00,0.00
99,Grenada,Americas,Caribbean,Central & South America,0.00,0.00,0.00
100,Guadeloupe,Americas,Caribbean,Central & South America,0.00,0.00,0.00
101,Guam,Oceania,Micronesia,Oceania,0.00,0.00,0.00
102,Abyei,Africa,Northern Africa,West Asia & Northern Africa,0.00,0.00,0.00
103,Guatemala,Americas,Central America,Central & South America,449.27,340.44,108.83
104,Guernsey,Europe,Northern Europe,Western Europe,0.00,0.00,0.00
105,Guinea-Bissau,Africa,Western Africa,Sub-Saharan Africa,0.00,0.00,0.00
106,Guinea,Africa,Western Africa,Sub-Saharan Africa,0.00,0.00,0.00
107,Guyana,Americas,South America,Central & South America,0.00,0.00,0.00
108,Haiti,Americas,Caribbean,Central & South America,0.00,0.00,0.00
109,Heard Island and McDonald Islands,Antarctica,,,0.00,0.00,0.00
110,Holy See,Europe,Southern Europe,Western Europe,0.00,0.00,0.00
111,Honduras,Americas,Central America,Central & South America,0.00,0.00,0.00
112,Howland Island,Americas,Northern America,North America,0.00,0.00,0.00
113,Hungary,Europe,Eastern Europe,Eastern Europe,0.00,0.00,0.00
114,Iceland,Europe,Northern Europe,Western Europe,0.00,0.00,0.00
115,India,Asia,Southern Asia,South Asia,234441.50,169434.51,65006.99
116,Indonesia,Asia,South-Eastern Asia,East Asia,40928.07,29316.24,11611.83
117,Iran  (Islamic Republic of),Asia,Southern Asia,South Asia,0.00,0.00,0.00
118,Iraq,Asia,Western Asia,West Asia & Northern Africa,13888.39,10299.05,3589.34
119,Ireland,Europe,Northern Europe,Western Europe,0.00,0.00,0.00
120,Isle of Man,Europe,Northern Europe,Western Europe,0.00,0.00,0.00
121,Israel,Asia,Western Asia,West Asia & Northern Africa,2192.92,1641.10,551.82
122,Italy,Europe,Southern Europe,Western Europe,0.00,0.00,0.00
123,Jamaica,Americas,Caribbean,Central & South America,0.00,0.00,0.00
126,Japan,Asia,Eastern Asia,East Asia,11460.18,8345.97,3114.21
127,Jarvis Island,Americas,Northern America,North America,0.00,0.00,0.00
128,Jersey,Europe,Northern Europe,Western Europe,0.00,0.00,0.00
129,Johnston Atoll,Americas,Northern America,North America,0.00,0.00,0.00
130,Jordan,Asia,Western Asia,West Asia & Northern Africa,64.01,46.95,17.05
131,Juan de Nova Island,Africa,Eastern Africa,Sub-Saharan Africa,0.00,0.00,0.00
132,Kazakhstan,Asia,Central Asia,West Asia & Northern Africa,1159.13,864.65,294.48
133,Kenya,Africa,Eastern Africa,Sub-Saharan Africa,0.00,0.00,0.00
134,Kingman Reef,Americas,Northern America,North America,0.00,0.00,0.00
135,Kiribati,Oceania,Micronesia,Oceania,0.00,0.00,0.00
136,Kuril islands,Asia,Eastern Asia,East Asia,0.00,0.00,0.00
137,Kuwait,Asia,Western Asia,West Asia & Northern Africa,2211.46,1639.93,571.53
138,Kyrgyzstan,Asia,Central Asia,West Asia & Northern Africa,721.02,537.84,183.18
139,Lao People's Democratic Republic,Asia,South-Eastern Asia,East Asia,47140.75,34330.63,12810.12
140,Latvia,Europe,Northern Europe,Western Europe,0.00,0.00,0.00
141,Lebanon,Asia,Western Asia,West Asia & Northern Africa,204.55,153.08,51.47
142,Lesotho,Africa,Southern Africa,Sub-Saharan Africa,0.00,0.00,0.00
144,Liberia,Africa,Western Africa,Sub-Saharan Africa,0.00,0.00,0.00
145,Libya,Africa,Northern Africa,West Asia & Northern Africa,0.00,0.00,0.00
146,Liechtenstein,Europe,Western Europe,Western Europe,0.00,0.00,0.00
147,Lithuania,Europe,Northern Europe,Western Europe,0.00,0.00,0.00
148,Luxembourg,Europe,Western Europe,Western Europe,0.00,0.00,0.00
149,Macau,Asia,Eastern Asia,East Asia,0.00,0.00,0.00
150,Madagascar,Africa,Eastern Africa,Sub-Saharan Africa,0.00,0.00,0.00
151,Madeira Islands,Europe,Southern Europe,Western Europe,0.00,0.00,0.00
152,Malawi,Africa,Eastern Africa,Sub-Saharan Africa,0.00,0.00,0.00
153,Malaysia,Asia,South-Eastern Asia,East Asia,3175.80,2333.65,842.15
154,Maldives,Asia,Southern Asia,South Asia,0.00,0.00,0.00
155,Mali,Africa,Western Africa,Sub-Saharan Africa,0.00,0.00,0.00
156,Malta,Europe,Southern Europe,Western Europe,0.00,0.00,0.00
157,Marshall Islands,Oceania,Micronesia,Oceania,0.00,0.00,0.00
158,Martinique,Americas,Caribbean,Central & South America,0.00,0.00,0.00
159,Mauritania,Africa,Western Africa,Sub-Saharan Africa,0.00,0.00,0.00
160,Mauritius,Africa,Eastern Africa,Sub-Saharan Africa,0.00,0.00,0.00
161,Mayotte,Africa,Eastern Africa,Sub-Saharan Africa,0.00,0.00,0.00
162,Mexico,Americas,Central America,Central & South America,0.00,0.00,0.00
163,Micronesia (Federated States of),Oceania,Micronesia,Oceania,0.00,0.00,0.00
164,Midway Island,Americas,Northern America,North America,0.00,0.00,0.00
165,"Moldova, Republic of",Europe,Eastern Europe,Eastern Europe,1.61,1.20,0.40
166,Monaco,Europe,Western Europe,Western Europe,0.00,0.00,0.00
167,Mongolia,Asia,Eastern Asia,East Asia,1317.12,959.20,357.92
168,Montserrat,Americas,Caribbean,Central & South America,0.00,0.00,0.00
169,Morocco,Africa,Northern Africa,West Asia & Northern Africa,0.00,0.00,0.00
170,Mozambique,Africa,Eastern Africa,Sub-Saharan Africa,0.00,0.00,0.00
171,Myanmar,Asia,South-Eastern Asia,East Asia,50330.91,36338.34,13992.57
172,Namibia,Africa,Southern Africa,Sub-Saharan Africa,0.00,0.00,0.00
173,Nauru,Oceania,Micronesia,Oceania,0.00,0.00,0.00
174,Navassa Island,Americas,Northern America,North America,0.00,0.00,0.00
175,Nepal,Asia,Southern Asia,South Asia,85642.31,61959.13,23683.18
176,Netherlands Antilles,Americas,Caribbean,Central & South America,0.00,0.00,0.00
177,Netherlands,Europe,Western Europe,Western Europe,0.00,0.00,0.00
178,New Caledonia,Oceania,Melanesia,Oceania,0.00,0.00,0.00
179,New Zealand,Oceania,Australia and New Zealand,Oceania,0.00,0.00,0.00
180,Nicaragua,Americas,Central America,Central & South America,0.00,0.00,0.00
181,Niger,Africa,Western Africa,Sub-Saharan Africa,0.00,0.00,0.00
182,Nigeria,Africa,Western Africa,Sub-Saharan Africa,0.00,0.00,0.00
183,Niue,Oceania,Polynesia,Oceania,0.00,0.00,0.00
184,Norfolk Island,Oceania,Australia and New Zealand,Oceania,0.00,0.00,0.00
185,Northern Mariana Islands,Oceania,Micronesia,Oceania,0.00,0.00,0.00
186,Norway,Europe,Northern Europe,Western Europe,0.00,0.00,0.00
187,Oman,Asia,Western Asia,West Asia & Northern Africa,7678.51,5694.07,1984.45
188,Pakistan,Asia,Southern Asia,South Asia,46495.78,33870.43,12625.35
189,Palau,Oceania,Micronesia,Oceania,0.00,0.00,0.00
190,Palmyra Atoll,Americas,Northern America,North America,0.00,0.00,0.00
191,Panama,Americas,Central America,Central & South America,813.28,616.27,197.01
192,Papua New Guinea,Oceania,Melanesia,Oceania,0.00,0.00,0.00
193,Paracel Islands,Asia,South-Eastern Asia,East Asia,0.00,0.00,0.00
194,Paraguay,Americas,South America,Central & South America,0.00,0.00,0.00
195,Peru,Americas,South America,Central & South America,0.00,0.00,0.00
196,Philippines,Asia,South-Eastern Asia,East Asia,27390.23,19947.16,7443.07
197,Pitcairn,Oceania,Polynesia,Oceania,0.00,0.00,0.00
198,Poland,Europe,Eastern Europe,Eastern Europe,0.00,0.00,0.00
199,Portugal,Europe,Southern Europe,Western Europe,0.00,0.00,0.00
200,Puerto Rico,Americas,Caribbean,Central & South America,0.00,0.00,0.00
201,Qatar,Asia,Western Asia,West Asia & Northern Africa,450.42,334.01,116.41
202,Republic of Korea,Asia,Eastern Asia,East Asia,2928.30,2132.56,795.74
203,Romania,Europe,Eastern Europe,Eastern Europe,0.00,0.00,0.00
204,Russian Federation,Europe,Eastern Europe,Russian Federation,3541.72,2649.35,892.37
205,Rwanda,Africa,Eastern Africa,Sub-Saharan Africa,0.00,0.00,0.00
206,R?union,Africa,Eastern Africa,Sub-Saharan Africa,0.00,0.00,0.00
207,Saint Helena,Africa,Western Africa,Sub-Saharan Africa,0.00,0.00,0.00
208,Saint Kitts and Nevis,Americas,Caribbean,Central & South America,0.00,0.00,0.00
209,Saint Lucia,Americas,Caribbean,Central & South America,0.00,0.00,0.00
210,Saint Pierre et Miquelon,Americas,Northern America,Oceania,0.00,0.00,0.00
211,Saint Vincent and the Grenadines,Americas,Caribbean,Central & South America,0.00,0.00,0.00
212,Samoa,Oceania,Polynesia,Oceania,0.00,0.00,0.00
213,San Marino,Europe,Southern Europe,Western Europe,0.00,0.00,0.00
214,Sao Tome and Principe,Africa,Middle Africa,Sub-Saharan Africa,0.00,0.00,0.00
215,Saudi Arabia,Asia,Western Asia,West Asia & Northern Africa,63209.97,46873.88,16336.09
216,Scarborough Reef,Asia,South-Eastern Asia,East Asia,0.00,0.00,0.00
217,Senegal,Africa,Western Africa,Sub-Saharan Africa,0.00,0.00,0.00
218,Senkaku Islands,Asia,Eastern Asia,East Asia,0.00,0.00,0.00
220,Seychelles,Africa,Eastern Africa,Sub-Saharan Africa,0.00,0.00,0.00
221,Sierra Leone,Africa,Western Africa,Sub-Saharan Africa,0.00,0.00,0.00
222,Singapore,Asia,South-Eastern Asia,East Asia,0.00,0.00,0.00
223,Slovakia,Europe,Eastern Europe,Eastern Europe,0.00,0.00,0.00
224,Slovenia,Europe,Southern Europe,Western Europe,0.00,0.00,0.00
225,Solomon Islands,Oceania,Melanesia,Oceania,0.00,0.00,0.00
226,Somalia,Africa,Eastern Africa,Sub-Saharan Africa,0.00,0.00,0.00
227,South Africa,Africa,Southern Africa,Sub-Saharan Africa,0.00,0.00,0.00
228,South Georgia and the South Sandwich Islands,Antarctica,,,0.00,0.00,0.00
229,Spain,Europe,Southern Europe,Western Europe,0.00,0.00,0.00
230,Spratly Islands,Asia,South-Eastern Asia,East Asia,0.00,0.00,0.00
231,Sri Lanka,Asia,Southern Asia,South Asia,3705.97,2684.38,1021.59
233,Suriname,Americas,South America,Central & South America,0.00,0.00,0.00
234,Svalbard and Jan Mayen Islands,Europe,Northern Europe,Western Europe,0.00,0.00,0.00
235,Swaziland,Africa,Southern Africa,Sub-Saharan Africa,0.00,0.00,0.00
236,Sweden,Europe,Northern Europe,Western Europe,0.00,0.00,0.00
237,Switzerland,Europe,Western Europe,Western Europe,0.00,0.00,0.00
238,Syrian Arab Republic,Asia,Western Asia,West Asia & Northern Africa,0.00,0.00,0.00
239,Tajikistan,Asia,Central Asia,West Asia & Northern Africa,1493.23,1113.87,379.36
240,Thailand,Asia,South-Eastern Asia,East Asia,10527.60,7666.81,2860.79
241,The former Yugoslav Republic of Macedonia,Europe,Southern Europe,Western Europe,0.00,0.00,0.00
242,Timor-Leste,Asia,South-Eastern Asia,East Asia,242.49,173.69,68.80
243,Togo,Africa,Western Africa,Sub-Saharan Africa,0.00,0.00,0.00
244,Tokelau,Oceania,Polynesia,Oceania,0.00,0.00,0.00
245,Tonga,Oceania,Polynesia,Oceania,0.00,0.00,0.00
246,Trinidad and Tobago,Americas,Caribbean,Central & South America,0.00,0.00,0.00
247,Tromelin Island,Africa,Eastern Africa,Sub-Saharan Africa,0.00,0.00,0.00
248,Tunisia,Africa,Northern Africa,West Asia & Northern Africa,0.00,0.00,0.00
249,Turkey,Asia,Western Asia,West Asia & Northern Africa,92.40,68.99,23.41
250,Turkmenistan,Asia,Central Asia,West Asia & Northern Africa,24113.02,17986.98,6126.03
251,Turks and Caicos islands,Americas,Caribbean,Central & South America,0.00,0.00,0.00
252,Tuvalu,Oceania,Polynesia,Oceania,0.00,0.00,0.00
253,Uganda,Africa,Eastern Africa,Sub-Saharan Africa,0.00,0.00,0.00
254,Ukraine,Europe,Eastern Europe,Eastern Europe,1486.53,1112.74,373.80
255,United Arab Emirates,Asia,Western Asia,West Asia & Northern Africa,23596.46,17498.15,6098.31
256,U.K. of Great Britain and Northern Ireland,Europe,Northern Europe,Western Europe,0.00,0.00,0.00
257,United Republic of Tanzania,Africa,Eastern Africa,Sub-Saharan Africa,0.00,0.00,0.00
258,United States Virgin Islands,Americas,Caribbean,Central & South America,0.00,0.00,0.00
259,United States of America,Americas,Northern America,North America,0.00,0.00,0.00
260,Uruguay,Americas,South America,Central & South America,0.00,0.00,0.00
261,Uzbekistan,Asia,Central Asia,West Asia & Northern Africa,11955.32,8918.01,3037.31
262,Vanuatu,Oceania,Melanesia,Oceania,0.00,0.00,0.00
263,Venezuela,Americas,South America,Central & South America,33503.15,25387.19,8115.96
264,Viet Nam,Asia,South-Eastern Asia,East Asia,16649.20,12124.92,4524.29
265,Wake Island,Oceania,Micronesia,Oceania,0.00,0.00,0.00
266,Wallis and Futuna,Oceania,Polynesia,Oceania,0.00,0.00,0.00
267,West Bank,Asia,Western Asia,West Asia & Northern Africa,1281.81,959.26,322.55
268,Western Sahara,Africa,Northern Africa,West Asia & Northern Africa,0.00,0.00,0.00
269,Yemen,Asia,Western Asia,West Asia & Northern Africa,64875.05,48108.63,16766.42
270,Zambia,Africa,Eastern Africa,Sub-Saharan Africa,0.00,0.00,0.00
271,Zimbabwe,Africa,Eastern Africa,Sub-Saharan Africa,0.00,0.00,0.00
2647,Montenegro,Europe,Southern Europe,Western Europe,0.00,0.00,0.00
2648,Serbia,Europe,Southern Europe,Western Europe,0.00,0.00,0.00
33364,Hong Kong,Asia,Eastern Asia,East Asia,77.92,56.74,21.17
40760,Hala'ib triangle,Africa,Northern Africa,West Asia & Northern Africa,0.00,0.00,0.00
40762,Ma'tan al-Sarra,Africa,Northern Africa,West Asia & Northern Africa,0.00,0.00,0.00
40765,Egypt,Africa,Northern Africa,West Asia & Northern Africa,0.00,0.00,0.00
40781,Jammu and Kashmir,Asia,Eastern Asia,East Asia,6471.55,4677.09,1794.46
61013,Ilemi triangle,Africa,Northern Africa,West Asia & Northern Africa,0.00,0.00,0.00
74578,Azores Islands,Europe,Southern Europe,Western Europe,0.00,0.00,0.00
