ADM0_CODE,ADM0_NAME,CONTINENT,REGION,REG_ANNEX5,Pig_inte,Pig_indu,Chik_layer,,,,,,,,,,,,,,,
1,Afghanistan,Asia,Southern Asia,South Asia,35%,65%,0%,,,,,,,,,,,,,,,
2,Aksai Chin,Asia,Eastern Asia,East Asia,0%,0%,0%,,,,,,,,,,,,,,,
3,Albania,Europe,Southern Europe,Western Europe,0%,0%,0%,,,,,,,,,,,,,,,
4,Algeria,Africa,Northern Africa,West Asia & Northern Africa,28%,72%,0%,,,,,,,,,,,,,,,
5,American Samoa,Oceania,Polynesia,Oceania,0%,0%,0%,,,,,,,,,,,,,,,
6,Sudan,Africa,Northern Africa,West Asia & Northern Africa,78%,22%,0%,,,,,,,,,,,,,,,
7,Andorra,Europe,Southern Europe,Western Europe,0%,0%,0%,,,,,,,,,,,,,,,
8,Angola,Africa,Middle Africa,Sub-Saharan Africa,40%,60%,0%,,,,,,,,,,,,,,,
9,Anguilla,Americas,Caribbean,Central & South America,0%,0%,0%,,,,,,,,,,,,,,,
10,Antarctica,Antarctica,,,0%,0%,0%,,,,,,,,,,,,,,,
11,Antigua and Barbuda,Americas,Caribbean,Central & South America,6%,94%,0%,,,,,,,,,,,,,,,
12,Argentina,Americas,South America,Central & South America,36%,64%,0%,,,,,,,,,,,,,,,
13,Armenia,Asia,Western Asia,West Asia & Northern Africa,32%,68%,0%,,,,,,,,,,,,,,,
14,Aruba,Americas,Caribbean,Central & South America,0%,0%,0%,,,,,,,,,,,,,,,
15,Arunachal Pradesh,Asia,Eastern Asia,East Asia,52%,48%,0%,,,,,,,,,,,,,,,
16,Ashmore and Cartier Islands,Oceania,Australia and New Zealand,Oceania,0%,0%,0%,,,,,,,,,,,,,,,
17,Australia,Oceania,Australia and New Zealand,Oceania,0%,0%,0%,,,,,,,,,,,,,,,
18,Austria,Europe,Western Europe,Western Europe,0%,0%,0%,,,,,,,,,,,,,,,
19,Azerbaijan,Asia,Western Asia,West Asia & Northern Africa,22%,78%,0%,,,,,,,,,,,,,,,
20,Bahamas,Americas,Caribbean,Central & South America,2%,98%,0%,,,,,,,,,,,,,,,
21,Bahrain,Asia,Western Asia,West Asia & Northern Africa,0%,0%,0%,,,,,,,,,,,,,,,
22,Baker Island,Americas,Northern America,North America,0%,0%,0%,,,,,,,,,,,,,,,
23,Bangladesh,Asia,Southern Asia,South Asia,84%,16%,0%,,,,,,,,,,,,,,,
24,Barbados,Americas,Caribbean,Central & South America,5%,95%,0%,,,,,,,,,,,,,,,
25,Bassas da India,Africa,Eastern Africa,Sub-Saharan Africa,0%,0%,0%,,,,,,,,,,,,,,,
26,Belarus,Europe,Eastern Europe,Eastern Europe,0%,0%,0%,,,,,,,,,,,,,,,
27,Belgium,Europe,Western Europe,Western Europe,0%,0%,0%,,,,,,,,,,,,,,,
28,Belize,Americas,Central America,Central & South America,32%,68%,0%,,,,,,,,,,,,,,,
29,Benin,Africa,Western Africa,Sub-Saharan Africa,72%,28%,0%,,,,,,,,,,,,,,,
30,Bermuda,Americas,Northern America,North America,0%,0%,0%,,,,,,,,,,,,,,,
31,Bhutan,Asia,Southern Asia,South Asia,0%,100%,0%,,,,,,,,,,,,,,,
32,Bird Island,Americas,Caribbean,Central & South America,0%,0%,0%,,,,,,,,,,,,,,,
33,Bolivia,Americas,South America,Central & South America,41%,59%,0%,,,,,,,,,,,,,,,
34,Bosnia and Herzegovina,Europe,Southern Europe,Western Europe,0%,0%,0%,,,,,,,,,,,,,,,
35,Botswana,Africa,Southern Africa,Sub-Saharan Africa,23%,77%,0%,,,,,,,,,,,,,,,
36,Bouvet Island,Antarctica,,,0%,0%,0%,,,,,,,,,,,,,,,
37,Brazil,Americas,South America,Central & South America,0%,0%,0%,,,,,,,,,,,,,,,
38,British Indian Ocean Territory,Africa,Eastern Africa,South Asia,0%,0%,0%,,,,,,,,,,,,,,,
39,British Virgin Islands,Americas,Caribbean,Central & South America,1%,99%,0%,,,,,,,,,,,,,,,
40,Brunei Darussalam,Asia,South-Eastern Asia,East Asia,0%,4%,96%,,,,,,,,,,,,,,,
41,Bulgaria,Europe,Eastern Europe,Eastern Europe,0%,0%,0%,,,,,,,,,,,,,,,
42,Burkina Faso,Africa,Western Africa,Sub-Saharan Africa,0%,0%,0%,,,,,,,,,,,,,,,
43,Burundi,Africa,Eastern Africa,Sub-Saharan Africa,81%,19%,0%,,,,,,,,,,,,,,,
44,Cambodia,Asia,South-Eastern Asia,East Asia,59%,24%,16%,,,,,,,,,,,,,,,
45,Cameroon,Africa,Middle Africa,Sub-Saharan Africa,58%,42%,0%,,,,,,,,,,,,,,,
46,Canada,Americas,Northern America,North America,0%,0%,0%,,,,,,,,,,,,,,,
47,Cape Verde,Africa,Western Africa,Sub-Saharan Africa,0%,0%,0%,,,,,,,,,,,,,,,
48,Cayman Islands,Americas,Caribbean,Central & South America,0%,0%,0%,,,,,,,,,,,,,,,
49,Central African Republic,Africa,Middle Africa,Sub-Saharan Africa,77%,23%,0%,,,,,,,,,,,,,,,
50,Chad,Africa,Middle Africa,Sub-Saharan Africa,58%,42%,0%,,,,,,,,,,,,,,,
51,Chile,Americas,South America,Central & South America,0%,100%,0%,,,,,,,,,,,,,,,
52,China/India,Asia,Eastern Asia,East Asia,0%,0%,0%,,,,,,,,,,,,,,,
53,China,Asia,Eastern Asia,East Asia,0%,0%,0%,,,,,,,,,,,,,,,
54,Christmas Island,Asia,South-Eastern Asia,East Asia,0%,0%,0%,,,,,,,,,,,,,,,
55,Clipperton Island,Americas,Central America,Central & South America,0%,0%,0%,,,,,,,,,,,,,,,
56,Cocos (Keeling) Islands,Asia,South-Eastern Asia,East Asia,0%,0%,0%,,,,,,,,,,,,,,,
57,Colombia,Americas,South America,Central & South America,5%,95%,0%,,,,,,,,,,,,,,,
58,Comoros,Africa,Eastern Africa,Sub-Saharan Africa,0%,0%,0%,,,,,,,,,,,,,,,
59,Congo,Africa,Middle Africa,Sub-Saharan Africa,43%,57%,0%,,,,,,,,,,,,,,,
60,Cook Islands,Oceania,Polynesia,Oceania,0%,0%,0%,,,,,,,,,,,,,,,
61,Costa Rica,Americas,Central America,Central & South America,3%,97%,0%,,,,,,,,,,,,,,,
62,Croatia,Europe,Southern Europe,Western Europe,0%,0%,0%,,,,,,,,,,,,,,,
63,Cuba,Americas,Caribbean,Central & South America,100%,0%,0%,,,,,,,,,,,,,,,
64,Cyprus,Asia,Western Asia,West Asia & Northern Africa,0%,100%,0%,,,,,,,,,,,,,,,
65,Czech Republic,Europe,Eastern Europe,Eastern Europe,0%,0%,0%,,,,,,,,,,,,,,,
66,C�te d'Ivoire,Africa,Western Africa,Sub-Saharan Africa,48%,52%,0%,,,,,,,,,,,,,,,
67,Dem People's Rep of Korea,Asia,Eastern Asia,East Asia,0%,0%,0%,,,,,,,,,,,,,,,
68,Democratic Republic of the Congo,Africa,Middle Africa,Sub-Saharan Africa,100%,0%,0%,,,,,,,,,,,,,,,
69,Denmark,Europe,Northern Europe,Western Europe,0%,0%,0%,,,,,,,,,,,,,,,
70,Djibouti,Africa,Eastern Africa,Sub-Saharan Africa,0%,0%,0%,,,,,,,,,,,,,,,
71,Dominica,Americas,Caribbean,Central & South America,16%,84%,0%,,,,,,,,,,,,,,,
72,Dominican Republic,Americas,Caribbean,Central & South America,25%,75%,0%,,,,,,,,,,,,,,,
73,Ecuador,Americas,South America,Central & South America,71%,29%,0%,,,,,,,,,,,,,,,
74,South Sudan,Africa,Northern Africa,West Asia & Northern Africa,100%,0%,0%,,,,,,,,,,,,,,,
75,El Salvador,Americas,Central America,Central & South America,32%,68%,0%,,,,,,,,,,,,,,,
76,Equatorial Guinea,Africa,Middle Africa,Sub-Saharan Africa,2%,98%,0%,,,,,,,,,,,,,,,
77,Eritrea,Africa,Eastern Africa,Sub-Saharan Africa,100%,0%,0%,,,,,,,,,,,,,,,
78,Estonia,Europe,Northern Europe,Western Europe,0%,0%,0%,,,,,,,,,,,,,,,
79,Ethiopia,Africa,Eastern Africa,Sub-Saharan Africa,77%,23%,0%,,,,,,,,,,,,,,,
80,Europa Island,Africa,Eastern Africa,Sub-Saharan Africa,0%,0%,0%,,,,,,,,,,,,,,,
81,Falkland Islands (Malvinas),Americas,South America,Central & South America,2%,98%,0%,,,,,,,,,,,,,,,
82,Faroe Islands,Europe,Northern Europe,Western Europe,0%,0%,0%,,,,,,,,,,,,,,,
83,Fiji,Oceania,Melanesia,Oceania,0%,0%,0%,,,,,,,,,,,,,,,
84,Finland,Europe,Northern Europe,Western Europe,0%,0%,0%,,,,,,,,,,,,,,,
85,France,Europe,Western Europe,Western Europe,0%,0%,0%,,,,,,,,,,,,,,,
86,French Guiana,Americas,South America,Central & South America,31%,69%,0%,,,,,,,,,,,,,,,
87,French Polynesia,Oceania,Polynesia,Oceania,0%,0%,0%,,,,,,,,,,,,,,,
88,French Southern and Antarctic Territories,Antarctica,,,0%,0%,0%,,,,,,,,,,,,,,,
89,Gabon,Africa,Middle Africa,Sub-Saharan Africa,11%,89%,0%,,,,,,,,,,,,,,,
90,Gambia,Africa,Western Africa,Sub-Saharan Africa,80%,20%,0%,,,,,,,,,,,,,,,
91,Gaza Strip,Asia,Western Asia,West Asia & Northern Africa,0%,0%,0%,,,,,,,,,,,,,,,
92,Georgia,Asia,Western Asia,West Asia & Northern Africa,45%,55%,0%,,,,,,,,,,,,,,,
93,Germany,Europe,Western Europe,Western Europe,0%,0%,0%,,,,,,,,,,,,,,,
94,Ghana,Africa,Western Africa,Sub-Saharan Africa,13%,87%,0%,,,,,,,,,,,,,,,
95,Gibraltar,Europe,Southern Europe,Western Europe,0%,0%,0%,,,,,,,,,,,,,,,
96,Glorioso Island,Africa,Eastern Africa,Sub-Saharan Africa,0%,0%,0%,,,,,,,,,,,,,,,
97,Greece,Europe,Southern Europe,Western Europe,0%,0%,0%,,,,,,,,,,,,,,,
98,Greenland,Americas,Northern America,North America,0%,0%,0%,,,,,,,,,,,,,,,
99,Grenada,Americas,Caribbean,Central & South America,30%,70%,0%,,,,,,,,,,,,,,,
100,Guadeloupe,Americas,Caribbean,Central & South America,100%,0%,0%,,,,,,,,,,,,,,,
101,Guam,Oceania,Micronesia,Oceania,0%,0%,0%,,,,,,,,,,,,,,,
102,Abyei,Africa,Northern Africa,West Asia & Northern Africa,0%,0%,0%,,,,,,,,,,,,,,,
103,Guatemala,Americas,Central America,Central & South America,0%,100%,0%,,,,,,,,,,,,,,,
104,Guernsey,Europe,Northern Europe,Western Europe,0%,0%,0%,,,,,,,,,,,,,,,
105,Guinea-Bissau,Africa,Western Africa,Sub-Saharan Africa,75%,25%,0%,,,,,,,,,,,,,,,
106,Guinea,Africa,Western Africa,Sub-Saharan Africa,100%,0%,0%,,,,,,,,,,,,,,,
107,Guyana,Americas,South America,Central & South America,59%,41%,0%,,,,,,,,,,,,,,,
108,Haiti,Americas,Caribbean,Central & South America,78%,22%,0%,,,,,,,,,,,,,,,
109,Heard Island and McDonald Islands,Antarctica,,,0%,0%,0%,,,,,,,,,,,,,,,
110,Holy See,Europe,Southern Europe,Western Europe,0%,0%,0%,,,,,,,,,,,,,,,
111,Honduras,Americas,Central America,Central & South America,25%,75%,0%,,,,,,,,,,,,,,,
112,Howland Island,Americas,Northern America,North America,0%,0%,0%,,,,,,,,,,,,,,,
113,Hungary,Europe,Eastern Europe,Eastern Europe,0%,0%,0%,,,,,,,,,,,,,,,
114,Iceland,Europe,Northern Europe,Western Europe,0%,0%,0%,,,,,,,,,,,,,,,
115,India,Asia,Southern Asia,South Asia,0%,0%,0%,,,,,,,,,,,,,,,
116,Indonesia,Asia,South-Eastern Asia,East Asia,45%,55%,0%,,,,,,,,,,,,,,,
117,Iran  (Islamic Republic of),Asia,Southern Asia,South Asia,25%,75%,0%,,,,,,,,,,,,,,,
118,Iraq,Asia,Western Asia,West Asia & Northern Africa,0%,0%,0%,,,,,,,,,,,,,,,
119,Ireland,Europe,Northern Europe,Western Europe,0%,0%,0%,,,,,,,,,,,,,,,
120,Isle of Man,Europe,Northern Europe,Western Europe,0%,0%,0%,,,,,,,,,,,,,,,
121,Israel,Asia,Western Asia,West Asia & Northern Africa,2%,98%,0%,,,,,,,,,,,,,,,
122,Italy,Europe,Southern Europe,Western Europe,0%,0%,0%,,,,,,,,,,,,,,,
123,Jamaica,Americas,Caribbean,Central & South America,15%,85%,0%,,,,,,,,,,,,,,,
126,Japan,Asia,Eastern Asia,East Asia,0%,0%,0%,,,,,,,,,,,,,,,
127,Jarvis Island,Americas,Northern America,North America,0%,0%,0%,,,,,,,,,,,,,,,
128,Jersey,Europe,Northern Europe,Western Europe,0%,0%,0%,,,,,,,,,,,,,,,
129,Johnston Atoll,Americas,Northern America,North America,0%,0%,0%,,,,,,,,,,,,,,,
130,Jordan,Asia,Western Asia,West Asia & Northern Africa,0%,0%,0%,,,,,,,,,,,,,,,
131,Juan de Nova Island,Africa,Eastern Africa,Sub-Saharan Africa,0%,0%,0%,,,,,,,,,,,,,,,
132,Kazakhstan,Asia,Central Asia,West Asia & Northern Africa,16%,84%,0%,,,,,,,,,,,,,,,
133,Kenya,Africa,Eastern Africa,Sub-Saharan Africa,93%,7%,0%,,,,,,,,,,,,,,,
134,Kingman Reef,Americas,Northern America,North America,0%,0%,0%,,,,,,,,,,,,,,,
135,Kiribati,Oceania,Micronesia,Oceania,0%,0%,0%,,,,,,,,,,,,,,,
136,Kuril islands,Asia,Eastern Asia,East Asia,0%,0%,0%,,,,,,,,,,,,,,,
137,Kuwait,Asia,Western Asia,West Asia & Northern Africa,0%,0%,0%,,,,,,,,,,,,,,,
138,Kyrgyzstan,Asia,Central Asia,West Asia & Northern Africa,67%,33%,0%,,,,,,,,,,,,,,,
139,Lao People's Democratic Republic,Asia,South-Eastern Asia,East Asia,83%,2%,15%,,,,,,,,,,,,,,,
140,Latvia,Europe,Northern Europe,Western Europe,0%,0%,0%,,,,,,,,,,,,,,,
141,Lebanon,Asia,Western Asia,West Asia & Northern Africa,13%,87%,0%,,,,,,,,,,,,,,,
142,Lesotho,Africa,Southern Africa,Sub-Saharan Africa,4%,96%,0%,,,,,,,,,,,,,,,
144,Liberia,Africa,Western Africa,Sub-Saharan Africa,82%,18%,0%,,,,,,,,,,,,,,,
145,Libya,Africa,Northern Africa,West Asia & Northern Africa,22%,78%,0%,,,,,,,,,,,,,,,
146,Liechtenstein,Europe,Western Europe,Western Europe,0%,0%,0%,,,,,,,,,,,,,,,
147,Lithuania,Europe,Northern Europe,Western Europe,0%,0%,0%,,,,,,,,,,,,,,,
148,Luxembourg,Europe,Western Europe,Western Europe,0%,0%,0%,,,,,,,,,,,,,,,
149,Macau,Asia,Eastern Asia,East Asia,0%,0%,0%,,,,,,,,,,,,,,,
150,Madagascar,Africa,Eastern Africa,Sub-Saharan Africa,43%,57%,0%,,,,,,,,,,,,,,,
151,Madeira Islands,Europe,Southern Europe,Western Europe,0%,0%,0%,,,,,,,,,,,,,,,
152,Malawi,Africa,Eastern Africa,Sub-Saharan Africa,95%,5%,0%,,,,,,,,,,,,,,,
153,Malaysia,Asia,South-Eastern Asia,East Asia,7%,63%,30%,,,,,,,,,,,,,,,
154,Maldives,Asia,Southern Asia,South Asia,0%,0%,0%,,,,,,,,,,,,,,,
155,Mali,Africa,Western Africa,Sub-Saharan Africa,100%,0%,0%,,,,,,,,,,,,,,,
156,Malta,Europe,Southern Europe,Western Europe,0%,0%,0%,,,,,,,,,,,,,,,
157,Marshall Islands,Oceania,Micronesia,Oceania,0%,0%,0%,,,,,,,,,,,,,,,
158,Martinique,Americas,Caribbean,Central & South America,18%,82%,0%,,,,,,,,,,,,,,,
159,Mauritania,Africa,Western Africa,Sub-Saharan Africa,0%,0%,0%,,,,,,,,,,,,,,,
160,Mauritius,Africa,Eastern Africa,Sub-Saharan Africa,0%,0%,0%,,,,,,,,,,,,,,,
161,Mayotte,Africa,Eastern Africa,Sub-Saharan Africa,0%,0%,0%,,,,,,,,,,,,,,,
162,Mexico,Americas,Central America,Central & South America,0%,0%,0%,,,,,,,,,,,,,,,
163,Micronesia (Federated States of),Oceania,Micronesia,Oceania,0%,0%,0%,,,,,,,,,,,,,,,
164,Midway Island,Americas,Northern America,North America,0%,0%,0%,,,,,,,,,,,,,,,
165,"Moldova, Republic of",Europe,Eastern Europe,Eastern Europe,0%,0%,0%,,,,,,,,,,,,,,,
166,Monaco,Europe,Western Europe,Western Europe,0%,0%,0%,,,,,,,,,,,,,,,
167,Mongolia,Asia,Eastern Asia,East Asia,52%,48%,0%,,,,,,,,,,,,,,,
168,Montserrat,Americas,Caribbean,Central & South America,0%,0%,0%,,,,,,,,,,,,,,,
169,Morocco,Africa,Northern Africa,West Asia & Northern Africa,3%,97%,0%,,,,,,,,,,,,,,,
170,Mozambique,Africa,Eastern Africa,Sub-Saharan Africa,79%,21%,0%,,,,,,,,,,,,,,,
171,Myanmar,Asia,South-Eastern Asia,East Asia,67%,1%,33%,,,,,,,,,,,,,,,
172,Namibia,Africa,Southern Africa,Sub-Saharan Africa,47%,53%,0%,,,,,,,,,,,,,,,
173,Nauru,Oceania,Micronesia,Oceania,0%,0%,0%,,,,,,,,,,,,,,,
174,Navassa Island,Americas,Northern America,North America,0%,0%,0%,,,,,,,,,,,,,,,
175,Nepal,Asia,Southern Asia,South Asia,0%,100%,0%,,,,,,,,,,,,,,,
176,Netherlands Antilles,Americas,Caribbean,Central & South America,0%,0%,0%,,,,,,,,,,,,,,,
177,Netherlands,Europe,Western Europe,Western Europe,0%,0%,0%,,,,,,,,,,,,,,,
178,New Caledonia,Oceania,Melanesia,Oceania,0%,0%,0%,,,,,,,,,,,,,,,
179,New Zealand,Oceania,Australia and New Zealand,Oceania,0%,0%,0%,,,,,,,,,,,,,,,
180,Nicaragua,Americas,Central America,Central & South America,56%,44%,0%,,,,,,,,,,,,,,,
181,Niger,Africa,Western Africa,Sub-Saharan Africa,92%,8%,0%,,,,,,,,,,,,,,,
182,Nigeria,Africa,Western Africa,Sub-Saharan Africa,40%,60%,0%,,,,,,,,,,,,,,,
183,Niue,Oceania,Polynesia,Oceania,0%,0%,0%,,,,,,,,,,,,,,,
184,Norfolk Island,Oceania,Australia and New Zealand,Oceania,0%,0%,0%,,,,,,,,,,,,,,,
185,Northern Mariana Islands,Oceania,Micronesia,Oceania,0%,0%,0%,,,,,,,,,,,,,,,
186,Norway,Europe,Northern Europe,Western Europe,0%,0%,0%,,,,,,,,,,,,,,,
187,Oman,Asia,Western Asia,West Asia & Northern Africa,0%,0%,0%,,,,,,,,,,,,,,,
188,Pakistan,Asia,Southern Asia,South Asia,84%,16%,0%,,,,,,,,,,,,,,,
189,Palau,Oceania,Micronesia,Oceania,0%,0%,0%,,,,,,,,,,,,,,,
190,Palmyra Atoll,Americas,Northern America,North America,0%,0%,0%,,,,,,,,,,,,,,,
191,Panama,Americas,Central America,Central & South America,3%,97%,0%,,,,,,,,,,,,,,,
192,Papua New Guinea,Oceania,Melanesia,Oceania,0%,0%,0%,,,,,,,,,,,,,,,
193,Paracel Islands,Asia,South-Eastern Asia,East Asia,0%,0%,0%,,,,,,,,,,,,,,,
194,Paraguay,Americas,South America,Central & South America,39%,61%,0%,,,,,,,,,,,,,,,
195,Peru,Americas,South America,Central & South America,0%,100%,0%,,,,,,,,,,,,,,,
196,Philippines,Asia,South-Eastern Asia,East Asia,0%,0%,100%,,,,,,,,,,,,,,,
197,Pitcairn,Oceania,Polynesia,Oceania,0%,0%,0%,,,,,,,,,,,,,,,
198,Poland,Europe,Eastern Europe,Eastern Europe,0%,0%,0%,,,,,,,,,,,,,,,
199,Portugal,Europe,Southern Europe,Western Europe,0%,0%,0%,,,,,,,,,,,,,,,
200,Puerto Rico,Americas,Caribbean,Central & South America,9%,91%,0%,,,,,,,,,,,,,,,
201,Qatar,Asia,Western Asia,West Asia & Northern Africa,0%,0%,0%,,,,,,,,,,,,,,,
202,Republic of Korea,Asia,Eastern Asia,East Asia,6%,94%,0%,,,,,,,,,,,,,,,
203,Romania,Europe,Eastern Europe,Eastern Europe,0%,0%,0%,,,,,,,,,,,,,,,
204,Russian Federation,Europe,Eastern Europe,Russian Federation,0%,0%,0%,,,,,,,,,,,,,,,
205,Rwanda,Africa,Eastern Africa,Sub-Saharan Africa,76%,24%,0%,,,,,,,,,,,,,,,
206,R�union,Africa,Eastern Africa,Sub-Saharan Africa,0%,0%,0%,,,,,,,,,,,,,,,
207,Saint Helena,Africa,Western Africa,Sub-Saharan Africa,0%,0%,0%,,,,,,,,,,,,,,,
208,Saint Kitts and Nevis,Americas,Caribbean,Central & South America,14%,86%,0%,,,,,,,,,,,,,,,
209,Saint Lucia,Americas,Caribbean,Central & South America,28%,72%,0%,,,,,,,,,,,,,,,
210,Saint Pierre et Miquelon,Americas,Northern America,Oceania,0%,0%,0%,,,,,,,,,,,,,,,
211,Saint Vincent and the Grenadines,Americas,Caribbean,Central & South America,30%,70%,0%,,,,,,,,,,,,,,,
212,Samoa,Oceania,Polynesia,Oceania,0%,0%,0%,,,,,,,,,,,,,,,
213,San Marino,Europe,Southern Europe,Western Europe,0%,0%,0%,,,,,,,,,,,,,,,
214,Sao Tome and Principe,Africa,Middle Africa,Sub-Saharan Africa,0%,0%,0%,,,,,,,,,,,,,,,
215,Saudi Arabia,Asia,Western Asia,West Asia & Northern Africa,0%,0%,0%,,,,,,,,,,,,,,,
216,Scarborough Reef,Asia,South-Eastern Asia,East Asia,0%,0%,0%,,,,,,,,,,,,,,,
217,Senegal,Africa,Western Africa,Sub-Saharan Africa,100%,0%,0%,,,,,,,,,,,,,,,
218,Senkaku Islands,Asia,Eastern Asia,East Asia,0%,0%,0%,,,,,,,,,,,,,,,
220,Seychelles,Africa,Eastern Africa,Sub-Saharan Africa,0%,0%,0%,,,,,,,,,,,,,,,
221,Sierra Leone,Africa,Western Africa,Sub-Saharan Africa,76%,24%,0%,,,,,,,,,,,,,,,
222,Singapore,Asia,South-Eastern Asia,East Asia,0%,97%,3%,,,,,,,,,,,,,,,
223,Slovakia,Europe,Eastern Europe,Eastern Europe,0%,0%,0%,,,,,,,,,,,,,,,
224,Slovenia,Europe,Southern Europe,Western Europe,0%,0%,0%,,,,,,,,,,,,,,,
225,Solomon Islands,Oceania,Melanesia,Oceania,0%,0%,0%,,,,,,,,,,,,,,,
226,Somalia,Africa,Eastern Africa,Sub-Saharan Africa,15%,85%,0%,,,,,,,,,,,,,,,
227,South Africa,Africa,Southern Africa,Sub-Saharan Africa,18%,82%,0%,,,,,,,,,,,,,,,
228,South Georgia and the South Sandwich Islands,Antarctica,,,0%,0%,0%,,,,,,,,,,,,,,,
229,Spain,Europe,Southern Europe,Western Europe,0%,0%,0%,,,,,,,,,,,,,,,
230,Spratly Islands,Asia,South-Eastern Asia,East Asia,0%,0%,0%,,,,,,,,,,,,,,,
231,Sri Lanka,Asia,Southern Asia,South Asia,44%,56%,0%,,,,,,,,,,,,,,,
233,Suriname,Americas,South America,Central & South America,29%,71%,0%,,,,,,,,,,,,,,,
234,Svalbard and Jan Mayen Islands,Europe,Northern Europe,Western Europe,0%,0%,0%,,,,,,,,,,,,,,,
235,Swaziland,Africa,Southern Africa,Sub-Saharan Africa,15%,85%,0%,,,,,,,,,,,,,,,
236,Sweden,Europe,Northern Europe,Western Europe,0%,0%,0%,,,,,,,,,,,,,,,
237,Switzerland,Europe,Western Europe,Western Europe,0%,0%,0%,,,,,,,,,,,,,,,
238,Syrian Arab Republic,Asia,Western Asia,West Asia & Northern Africa,0%,0%,0%,,,,,,,,,,,,,,,
239,Tajikistan,Asia,Central Asia,West Asia & Northern Africa,70%,30%,0%,,,,,,,,,,,,,,,
240,Thailand,Asia,South-Eastern Asia,East Asia,16%,84%,0%,,,,,,,,,,,,,,,
241,The former Yugoslav Republic of Macedonia,Europe,Southern Europe,Western Europe,0%,0%,0%,,,,,,,,,,,,,,,
242,Timor-Leste,Asia,South-Eastern Asia,East Asia,63%,27%,10%,,,,,,,,,,,,,,,
243,Togo,Africa,Western Africa,Sub-Saharan Africa,77%,23%,0%,,,,,,,,,,,,,,,
244,Tokelau,Oceania,Polynesia,Oceania,0%,0%,0%,,,,,,,,,,,,,,,
245,Tonga,Oceania,Polynesia,Oceania,0%,0%,0%,,,,,,,,,,,,,,,
246,Trinidad and Tobago,Americas,Caribbean,Central & South America,3%,97%,0%,,,,,,,,,,,,,,,
247,Tromelin Island,Africa,Eastern Africa,Sub-Saharan Africa,0%,0%,0%,,,,,,,,,,,,,,,
248,Tunisia,Africa,Northern Africa,West Asia & Northern Africa,22%,78%,0%,,,,,,,,,,,,,,,
249,Turkey,Asia,Western Asia,West Asia & Northern Africa,12%,88%,0%,,,,,,,,,,,,,,,
250,Turkmenistan,Asia,Central Asia,West Asia & Northern Africa,29%,71%,0%,,,,,,,,,,,,,,,
251,Turks and Caicos islands,Americas,Caribbean,Central & South America,0%,0%,0%,,,,,,,,,,,,,,,
252,Tuvalu,Oceania,Polynesia,Oceania,0%,0%,0%,,,,,,,,,,,,,,,
253,Uganda,Africa,Eastern Africa,Sub-Saharan Africa,76%,24%,0%,,,,,,,,,,,,,,,
254,Ukraine,Europe,Eastern Europe,Eastern Europe,0%,0%,0%,,,,,,,,,,,,,,,
255,United Arab Emirates,Asia,Western Asia,West Asia & Northern Africa,0%,0%,0%,,,,,,,,,,,,,,,
256,U.K. of Great Britain and Northern Ireland,Europe,Northern Europe,Western Europe,0%,0%,0%,,,,,,,,,,,,,,,
257,United Republic of Tanzania,Africa,Eastern Africa,Sub-Saharan Africa,100%,0%,0%,,,,,,,,,,,,,,,
258,United States Virgin Islands,Americas,Caribbean,Central & South America,0%,0%,0%,,,,,,,,,,,,,,,
259,United States of America,Americas,Northern America,North America,0%,0%,0%,,,,,,,,,,,,,,,
260,Uruguay,Americas,South America,Central & South America,22%,78%,0%,,,,,,,,,,,,,,,
261,Uzbekistan,Asia,Central Asia,West Asia & Northern Africa,61%,39%,0%,,,,,,,,,,,,,,,
262,Vanuatu,Oceania,Melanesia,Oceania,0%,0%,0%,,,,,,,,,,,,,,,
263,Venezuela,Americas,South America,Central & South America,16%,84%,0%,,,,,,,,,,,,,,,
264,Viet Nam,Asia,South-Eastern Asia,East Asia,0%,0%,100%,,,,,,,,,,,,,,,
265,Wake Island,Oceania,Micronesia,Oceania,0%,0%,0%,,,,,,,,,,,,,,,
266,Wallis and Futuna,Oceania,Polynesia,Oceania,0%,0%,0%,,,,,,,,,,,,,,,
267,West Bank,Asia,Western Asia,West Asia & Northern Africa,2%,98%,0%,,,,,,,,,,,,,,,
268,Western Sahara,Africa,Northern Africa,West Asia & Northern Africa,0%,0%,0%,,,,,,,,,,,,,,,
269,Yemen,Asia,Western Asia,West Asia & Northern Africa,0%,0%,0%,,,,,,,,,,,,,,,
270,Zambia,Africa,Eastern Africa,Sub-Saharan Africa,55%,45%,0%,,,,,,,,,,,,,,,
271,Zimbabwe,Africa,Eastern Africa,Sub-Saharan Africa,99%,1%,0%,,,,,,,,,,,,,,,
2647,Montenegro,Europe,Southern Europe,Western Europe,0%,0%,0%,,,,,,,,,,,,,,,
2648,Serbia,Europe,Southern Europe,Western Europe,0%,0%,0%,,,,,,,,,,,,,,,
33364,Hong Kong,Asia,Eastern Asia,East Asia,0%,0%,0%,,,,,,,,,,,,,,,
40760,Hala'ib triangle,Africa,Northern Africa,West Asia & Northern Africa,0%,0%,0%,,,,,,,,,,,,,,,
40762,Ma'tan al-Sarra,Africa,Northern Africa,West Asia & Northern Africa,0%,0%,0%,,,,,,,,,,,,,,,
40765,Egypt,Africa,Northern Africa,West Asia & Northern Africa,35%,65%,0%,,,,,,,,,,,,,,,
40781,Jammu and Kashmir,Asia,Eastern Asia,East Asia,0%,0%,0%,,,,,,,,,,,,,,,
61013,Ilemi triangle,Africa,Northern Africa,West Asia & Northern Africa,0%,0%,0%,,,,,,,,,,,,,,,
74578,Azores Islands,Europe,Southern Europe,Western Europe,0%,0%,0%,,,,,,,,,,,,,,,
