ADM0_CODE,ADM0_NAME,CONTINENT,REGION,REG_ANNEX5,ninput,noutput,nlosses,PIGSIND
1,Afghanistan,Asia,Southern Asia,South Asia,0.58053228,0.52828439,0.05224789,0.2575
2,Aksai Chin,Asia,Eastern Asia,East Asia,0,0,0,0.0000
3,Albania,Europe,Southern Europe,Western Europe,100980.0292,91891.82936,9088.19988,21196.8771
4,Algeria,Africa,Northern Africa,West Asia & Northern Africa,3092.851356,2814.494811,278.3565446,1194.1228
5,American Samoa,Oceania,Polynesia,Oceania,0,0,0,0.0000
6,Sudan,Africa,Northern Africa,West Asia & Northern Africa,0.01564592,0.01423779,0.00140813,0.0060
7,Andorra,Europe,Southern Europe,Western Europe,0,0,0,0.0000
8,Angola,Africa,Middle Africa,Sub-Saharan Africa,555355.353,505373.3872,49981.96574,214417.8492
9,Anguilla,Americas,Caribbean,Central & South America,0,0,0,0.0000
10,Antarctica,Antarctica,,,0,0,0,0.0000
11,Antigua and Barbuda,Americas,Caribbean,Central & South America,4004.414886,3644.017517,360.3973694,607.6134
12,Argentina,Americas,South America,Central & South America,1363752.912,1241015.186,122737.7256,207205.5940
13,Armenia,Asia,Western Asia,West Asia & Northern Africa,49176.4443,44750.56534,4425.878964,21815.2213
14,Aruba,Americas,Caribbean,Central & South America,0,0,0,0.0000
15,Arunachal Pradesh,Asia,Eastern Asia,East Asia,163.7237085,148.9885798,14.73512873,74.2783
16,Ashmore and Cartier Islands,Oceania,Australia and New Zealand,Oceania,0,0,0,0.0000
17,Australia,Oceania,Australia and New Zealand,Oceania,3820061.544,3476256.105,343805.4393,1772218.5366
18,Austria,Europe,Western Europe,Western Europe,5271851.651,4960812.623,311039.028,1158673.7579
19,Azerbaijan,Asia,Western Asia,West Asia & Northern Africa,3233.268644,2942.274555,290.9940894,1434.3141
20,Bahamas,Americas,Caribbean,Central & South America,7450.958421,6780.372414,670.5860077,1130.5776
21,Bahrain,Asia,Western Asia,West Asia & Northern Africa,0,0,0,0.0000
22,Baker Island,Americas,Northern America,North America,0,0,0,0.0000
23,Bangladesh,Asia,Southern Asia,South Asia,201.6202889,183.4744635,18.14582539,89.4411
24,Barbados,Americas,Caribbean,Central & South America,32134.57727,29242.46631,2892.110962,4875.9678
25,Bassas da India,Africa,Eastern Africa,Sub-Saharan Africa,0,0,0,0.0000
26,Belarus,Europe,Eastern Europe,Eastern Europe,3971510.291,3614074.467,357435.8237,827913.9946
27,Belgium,Europe,Western Europe,Western Europe,9741046.014,9351404.492,389641.5225,2205554.4536
28,Belize,Americas,Central America,Central & South America,8901.378192,8100.254478,801.1237139,1350.6583
29,Benin,Africa,Western Africa,Sub-Saharan Africa,20027.99855,18225.47934,1802.519217,7732.6352
30,Bermuda,Americas,Northern America,North America,0,0,0,0.0000
31,Bhutan,Asia,Southern Asia,South Asia,13989.63927,12730.57218,1259.067087,6206.2292
32,Bird Island,Americas,Caribbean,Central & South America,0,0,0,0.0000
33,Bolivia,Americas,South America,Central & South America,1388556.979,1263586.886,124970.0931,210703.6515
34,Bosnia and Herzegovina,Europe,Southern Europe,Western Europe,373053.1295,339478.3569,33574.77256,78308.1724
35,Botswana,Africa,Southern Africa,Sub-Saharan Africa,145.3565349,132.274451,13.08208398,56.1209
36,Bouvet Island,Antarctica,,,0,0,0,0.0000
37,Brazil,Americas,South America,Central & South America,33592455.42,30569135.35,3023320.066,6949995.2608
38,British Indian Ocean Territory,Africa,Eastern Africa,South Asia,0,0,0,0.0000
39,British Virgin Islands,Americas,Caribbean,Central & South America,0,0,0,0.0000
40,Brunei Darussalam,Asia,South-Eastern Asia,East Asia,4528.335395,4120.785233,407.5501619,2009.7976
41,Bulgaria,Europe,Eastern Europe,Eastern Europe,892280.5651,811975.3377,80305.22733,185971.9015
42,Burkina Faso,Africa,Western Africa,Sub-Saharan Africa,277395.4023,252429.8234,24965.57887,107099.9412
43,Burundi,Africa,Eastern Africa,Sub-Saharan Africa,4464.234607,4062.453583,401.7810235,1723.6020
44,Cambodia,Asia,South-Eastern Asia,East Asia,100577.3416,91525.38322,9051.958349,44638.9365
45,Cameroon,Africa,Middle Africa,Sub-Saharan Africa,305353.386,277871.5893,27481.79678,117894.2749
46,Canada,Americas,Northern America,North America,21967522.02,19990445.61,1977076.415,7193203.6041
47,Cape Verde,Africa,Western Africa,Sub-Saharan Africa,0,0,0,0.0000
48,Cayman Islands,Americas,Caribbean,Central & South America,0,0,0,0.0000
49,Central African Republic,Africa,Middle Africa,Sub-Saharan Africa,10206.46788,9287.886044,918.5818367,3940.6280
50,Chad,Africa,Middle Africa,Sub-Saharan Africa,725.4299049,660.141222,65.28868294,280.0820
51,Chile,Americas,South America,Central & South America,4441813.326,4042050.224,399763.1025,673982.4121
52,China/India,Asia,Eastern Asia,East Asia,0,0,0,0.0000
53,China,Asia,Eastern Asia,East Asia,119573479,108811869.1,10761609.96,56101050.6547
54,Christmas Island,Asia,South-Eastern Asia,East Asia,0,0,0,0.0000
55,Clipperton Island,Americas,Central America,Central & South America,0,0,0,0.0000
56,Cocos (Keeling) Islands,Asia,South-Eastern Asia,East Asia,0,0,0,0.0000
57,Colombia,Americas,South America,Central & South America,4071525.525,3705088.338,366437.1864,617796.4732
58,Comoros,Africa,Eastern Africa,Sub-Saharan Africa,0,0,0,0.0000
59,Congo,Africa,Middle Africa,Sub-Saharan Africa,61024.10893,55531.94045,5492.16848,23560.8748
60,Cook Islands,Oceania,Polynesia,Oceania,0,0,0,0.0000
61,Costa Rica,Americas,Central America,Central & South America,641039.8495,583346.2773,57693.57217,97268.7398
62,Croatia,Europe,Southern Europe,Western Europe,870747.0558,792379.8419,78367.2139,182769.0167
63,Cuba,Americas,Caribbean,Central & South America,0,0,0,0.0000
64,Cyprus,Asia,Western Asia,West Asia & Northern Africa,712241.4465,648139.7427,64101.70374,315958.2661
65,Czech Republic,Europe,Eastern Europe,Eastern Europe,3298991.583,3002082.432,296909.1512,687630.0634
66,C?te d'Ivoire,Africa,Western Africa,Sub-Saharan Africa,95035.08498,86481.92988,8553.155099,36692.2161
67,Dem People's Rep of Korea,Asia,Eastern Asia,East Asia,68878.24297,62679.20279,6199.040187,29960.2168
68,Democratic Republic of the Congo,Africa,Middle Africa,Sub-Saharan Africa,1344.791273,1223.760099,121.0311734,519.2122
69,Denmark,Europe,Northern Europe,Western Europe,25787945.37,23595970.61,2191974.766,5699473.6155
70,Djibouti,Africa,Eastern Africa,Sub-Saharan Africa,0,0,0,0.0000
71,Dominica,Americas,Caribbean,Central & South America,4799.350304,4367.408836,431.9414673,728.2336
72,Dominican Republic,Americas,Caribbean,Central & South America,431232.3439,392421.4452,38810.89871,65433.4157
73,Ecuador,Americas,South America,Central & South America,248274.1374,225929.4715,22344.66596,37672.0923
74,South Sudan,Africa,Northern Africa,West Asia & Northern Africa,0,0,0,0.0000
75,El Salvador,Americas,Central America,Central & South America,178771.3952,162681.9762,16089.41899,27126.0337
76,Equatorial Guinea,Africa,Middle Africa,Sub-Saharan Africa,10242.10985,9320.320255,921.7895942,3954.3892
77,Eritrea,Africa,Eastern Africa,Sub-Saharan Africa,0,0,0,0.0000
78,Estonia,Europe,Northern Europe,Western Europe,620304.0581,564476.7089,55827.3492,130218.6822
79,Ethiopia,Africa,Eastern Africa,Sub-Saharan Africa,297.0247545,270.2925345,26.73222,114.6787
80,Europa Island,Africa,Eastern Africa,Sub-Saharan Africa,0,0,0,0.0000
81,Falkland Islands (Malvinas),Americas,South America,Central & South America,64.5067056,58.70110342,5.80560218,9.7880
82,Faroe Islands,Europe,Northern Europe,Western Europe,0,0,0,0.0000
83,Fiji,Oceania,Melanesia,Oceania,32199.8212,29301.83807,2897.983131,9455.4207
84,Finland,Europe,Northern Europe,Western Europe,2366939.806,2153915.335,213024.4714,496849.9943
85,France,Europe,Western Europe,Western Europe,26036650.49,24083902.08,1952748.415,5667263.6639
86,French Guiana,Americas,South America,Central & South America,5018.57771,4566.905841,451.6718695,761.4983
87,French Polynesia,Oceania,Polynesia,Oceania,0,0,0,0.0000
88,French Southern and Antarctic Territories,Antarctica,,,0,0,0,0.0000
89,Gabon,Africa,Middle Africa,Sub-Saharan Africa,242409.122,220592.3073,21816.81469,93592.0438
90,Gambia,Africa,Western Africa,Sub-Saharan Africa,513.6556937,467.4266889,46.22900484,198.3180
91,Gaza Strip,Asia,Western Asia,West Asia & Northern Africa,0,0,0,0.0000
92,Georgia,Asia,Western Asia,West Asia & Northern Africa,31457.5789,28626.39762,2831.181283,13941.3033
93,Germany,Europe,Western Europe,Western Europe,46462810.98,43396266.13,3066544.854,11021853.3789
94,Ghana,Africa,Western Africa,Sub-Saharan Africa,292873.849,266515.2101,26358.63892,113076.0335
95,Gibraltar,Europe,Southern Europe,Western Europe,0,0,0,0.0000
96,Glorioso Island,Africa,Eastern Africa,Sub-Saharan Africa,0,0,0,0.0000
97,Greece,Europe,Southern Europe,Western Europe,1581181.866,1438875.544,142306.322,331907.4301
98,Greenland,Americas,Northern America,North America,0,0,0,0.0000
99,Grenada,Americas,Caribbean,Central & South America,2419.134552,2201.412537,217.7220154,367.0695
100,Guadeloupe,Americas,Caribbean,Central & South America,0,0,0,0.0000
101,Guam,Oceania,Micronesia,Oceania,8032.493164,7309.568909,722.9242554,2358.7274
102,Abyei,Africa,Northern Africa,West Asia & Northern Africa,0,0,0,0.0000
103,Guatemala,Americas,Central America,Central & South America,2490669.839,2266509.626,224160.2126,377923.9522
104,Guernsey,Europe,Northern Europe,Western Europe,0,0,0,0.0000
105,Guinea-Bissau,Africa,Western Africa,Sub-Saharan Africa,5301.207955,4824.099369,477.1085861,2046.7500
106,Guinea,Africa,Western Africa,Sub-Saharan Africa,20.92651434,19.04312837,1.88338597,8.0794
107,Guyana,Americas,South America,Central & South America,1421.128774,1293.227202,127.9015722,216.9838
108,Haiti,Americas,Caribbean,Central & South America,12049.25107,10964.81887,1084.4322,1826.5728
109,Heard Island and McDonald Islands,Antarctica,,,0,0,0,0.0000
110,Holy See,Europe,Southern Europe,Western Europe,0,0,0,0.0000
111,Honduras,Americas,Central America,Central & South America,295298.2884,268721.4512,26576.83722,44807.3427
112,Howland Island,Americas,Northern America,North America,0,0,0,0.0000
113,Hungary,Europe,Eastern Europe,Eastern Europe,4261243.251,3877731.469,383511.7825,888151.7794
114,Iceland,Europe,Northern Europe,Western Europe,69292.90666,63056.54798,6236.358676,14545.3837
115,India,Asia,Southern Asia,South Asia,298366.1732,271513.2262,26852.947,132327.9531
116,Indonesia,Asia,South-Eastern Asia,East Asia,1215075.346,1105718.598,109356.748,539283.0624
117,Iran  (Islamic Republic of),Asia,Southern Asia,South Asia,6.32184239,5.75287657,0.56896582,2.8044
118,Iraq,Asia,Western Asia,West Asia & Northern Africa,0,0,0,0.0000
119,Ireland,Europe,Northern Europe,Western Europe,2881452.516,2650936.367,230516.1486,593248.3894
120,Isle of Man,Europe,Northern Europe,Western Europe,0,0,0,0.0000
121,Israel,Asia,Western Asia,West Asia & Northern Africa,304630.8132,277214.0422,27416.77105,135137.6348
122,Italy,Europe,Southern Europe,Western Europe,13739606.54,12805313.89,934292.6486,3241718.3989
123,Jamaica,Americas,Caribbean,Central & South America,114149.4717,103876.0211,10273.45062,17320.5694
126,Japan,Asia,Eastern Asia,East Asia,14109008.5,12839198.09,1269810.409,4019109.0891
127,Jarvis Island,Americas,Northern America,North America,0,0,0,0.0000
128,Jersey,Europe,Northern Europe,Western Europe,0,0,0,0.0000
129,Johnston Atoll,Americas,Northern America,North America,0,0,0,0.0000
130,Jordan,Asia,Western Asia,West Asia & Northern Africa,0,0,0,0.0000
131,Juan de Nova Island,Africa,Eastern Africa,Sub-Saharan Africa,0,0,0,0.0000
132,Kazakhstan,Asia,Central Asia,West Asia & Northern Africa,1121096.634,1020197.966,100898.6674,487022.5600
133,Kenya,Africa,Eastern Africa,Sub-Saharan Africa,9132.2301,8310.3297,821.9003997,3525.8727
134,Kingman Reef,Americas,Northern America,North America,0,0,0,0.0000
135,Kiribati,Oceania,Micronesia,Oceania,822.9691773,748.9019775,74.06719971,241.6634
136,Kuril islands,Asia,Eastern Asia,East Asia,0,0,0,0.0000
137,Kuwait,Asia,Western Asia,West Asia & Northern Africa,0,0,0,0.0000
138,Kyrgyzstan,Asia,Central Asia,West Asia & Northern Africa,2897.753165,2636.955452,260.7977135,1260.2025
139,Lao People's Democratic Republic,Asia,South-Eastern Asia,East Asia,5636.505375,5129.220027,507.2853482,2512.5786
140,Latvia,Europe,Northern Europe,Western Europe,521901.6587,474930.5341,46971.12461,109558.3587
141,Lebanon,Asia,Western Asia,West Asia & Northern Africa,7154.338151,6510.447636,643.890515,3173.7447
142,Lesotho,Africa,Southern Africa,Sub-Saharan Africa,30024.38335,27322.18957,2702.19378,11592.1522
144,Liberia,Africa,Western Africa,Sub-Saharan Africa,789.1494063,718.12598,71.02342624,304.6838
145,Libya,Africa,Northern Africa,West Asia & Northern Africa,0.0296648,0.02699497,0.00266983,0.0114
146,Liechtenstein,Europe,Western Europe,Western Europe,2617.789307,2382.188354,235.6009522,549.5043
147,Lithuania,Europe,Northern Europe,Western Europe,1218966.531,1109259.576,109706.9554,255946.8511
148,Luxembourg,Europe,Western Europe,Western Europe,150588.0707,137035.1485,13552.92213,31644.1179
149,Macau,Asia,Eastern Asia,East Asia,0,0,0,0.0000
150,Madagascar,Africa,Eastern Africa,Sub-Saharan Africa,428154.0362,389620.1839,38533.85223,165306.5320
151,Madeira Islands,Europe,Southern Europe,Western Europe,0,0,0,0.0000
152,Malawi,Africa,Eastern Africa,Sub-Saharan Africa,9771.534739,8892.096856,879.4378826,3772.7042
153,Malaysia,Asia,South-Eastern Asia,East Asia,2366782.998,2153772.591,213010.4065,1050442.1228
154,Maldives,Asia,Southern Asia,South Asia,0,0,0,0.0000
155,Mali,Africa,Western Africa,Sub-Saharan Africa,47.77048241,43.47114144,4.29934098,18.4437
156,Malta,Europe,Southern Europe,Western Europe,120512.8322,109666.6746,10846.15755,25297.0397
157,Marshall Islands,Oceania,Micronesia,Oceania,0,0,0,0.0000
158,Martinique,Americas,Caribbean,Central & South America,12222.54196,11122.51364,1100.02832,1854.5980
159,Mauritania,Africa,Western Africa,Sub-Saharan Africa,0,0,0,0.0000
160,Mauritius,Africa,Eastern Africa,Sub-Saharan Africa,0,0,0,0.0000
161,Mayotte,Africa,Eastern Africa,Sub-Saharan Africa,0,0,0,0.0000
162,Mexico,Americas,Central America,Central & South America,8116339.524,7385869.177,730470.3469,1232268.1515
163,Micronesia (Federated States of),Oceania,Micronesia,Oceania,4378.736626,3984.650565,394.086061,1285.8083
164,Midway Island,Americas,Northern America,North America,0,0,0,0.0000
165,"Moldova, Republic of",Europe,Eastern Europe,Eastern Europe,39003.16208,35492.87851,3510.283563,8129.1609
166,Monaco,Europe,Western Europe,Western Europe,0,0,0,0.0000
167,Mongolia,Asia,Eastern Asia,East Asia,3739.407302,3402.860788,336.5465134,1622.3265
168,Montserrat,Americas,Caribbean,Central & South America,0,0,0,0.0000
169,Morocco,Africa,Northern Africa,West Asia & Northern Africa,59683.51845,54311.99998,5371.518471,13429.6295
170,Mozambique,Africa,Eastern Africa,Sub-Saharan Africa,10574.31749,9622.6292,951.6882917,4082.6517
171,Myanmar,Asia,South-Eastern Asia,East Asia,4120.849529,3749.973213,370.8763161,1882.5688
172,Namibia,Africa,Southern Africa,Sub-Saharan Africa,14232.83229,12951.87777,1280.954516,5495.1720
173,Nauru,Oceania,Micronesia,Oceania,0,0,0,0.0000
174,Navassa Island,Americas,Northern America,North America,0,0,0,0.0000
175,Nepal,Asia,Southern Asia,South Asia,693575.3164,631153.5576,62421.75878,307677.7754
176,Netherlands Antilles,Americas,Caribbean,Central & South America,0,0,0,0.0000
177,Netherlands,Europe,Western Europe,Western Europe,21790443.44,20352274.48,1438168.962,4932636.9728
178,New Caledonia,Oceania,Melanesia,Oceania,0,0,0,0.0000
179,New Zealand,Oceania,Australia and New Zealand,Oceania,525282.4013,478006.9983,47275.40299,63429.8135
180,Nicaragua,Americas,Central America,Central & South America,67143.43325,61100.52564,6042.907604,10188.0674
181,Niger,Africa,Western Africa,Sub-Saharan Africa,1090.318305,992.1897203,98.12858509,420.9624
182,Nigeria,Africa,Western Africa,Sub-Saharan Africa,475851.6461,433025.0098,42826.63633,183722.1624
183,Niue,Oceania,Polynesia,Oceania,0,0,0,0.0000
184,Norfolk Island,Oceania,Australia and New Zealand,Oceania,0,0,0,0.0000
185,Northern Mariana Islands,Oceania,Micronesia,Oceania,0,0,0,0.0000
186,Norway,Europe,Northern Europe,Western Europe,1472702.123,1340158.969,132543.1546,309138.4702
187,Oman,Asia,Western Asia,West Asia & Northern Africa,0,0,0,0.0000
188,Pakistan,Asia,Southern Asia,South Asia,0.01556863,0.01416746,0.00140118,0.0069
189,Palau,Oceania,Micronesia,Oceania,0,0,0,0.0000
190,Palmyra Atoll,Americas,Northern America,North America,0,0,0,0.0000
191,Panama,Americas,Central America,Central & South America,284056.4229,258491.351,25565.07186,43101.5489
192,Papua New Guinea,Oceania,Melanesia,Oceania,31534.79508,28696.66434,2838.130743,9260.3654
193,Paracel Islands,Asia,South-Eastern Asia,East Asia,0,0,0,0.0000
194,Paraguay,Americas,South America,Central & South America,245996.1689,223856.5202,22139.64873,37333.4881
195,Peru,Americas,South America,Central & South America,57125.82836,51984.50537,5141.32299,8668.4319
196,Philippines,Asia,South-Eastern Asia,East Asia,2201525.671,2003388.418,198137.2528,966315.5174
197,Pitcairn,Oceania,Polynesia,Oceania,0,0,0,0.0000
198,Poland,Europe,Eastern Europe,Eastern Europe,15574448.92,14172748.93,1401699.987,3246085.6644
199,Portugal,Europe,Southern Europe,Western Europe,3024101.08,2751932.065,272169.0149,634820.6567
200,Puerto Rico,Americas,Caribbean,Central & South America,60307.78283,54880.08364,5427.699189,9150.8539
201,Qatar,Asia,Western Asia,West Asia & Northern Africa,0,0,0,0.0000
202,Republic of Korea,Asia,Eastern Asia,East Asia,13728398.57,12492843.08,1235555.495,5970334.7554
203,Romania,Europe,Eastern Europe,Eastern Europe,3483014.908,3169543.651,313471.2566,725947.3990
204,Russian Federation,Europe,Eastern Europe,Russian Federation,14351153.03,13059549.64,1291603.391,3980249.6401
205,Rwanda,Africa,Eastern Africa,Sub-Saharan Africa,9627.549697,8761.070417,866.4792799,3717.1129
206,R?union,Africa,Eastern Africa,Sub-Saharan Africa,0,0,0,0.0000
207,Saint Helena,Africa,Western Africa,Sub-Saharan Africa,0,0,0,0.0000
208,Saint Kitts and Nevis,Americas,Caribbean,Central & South America,7325.485352,6666.191895,659.293457,1111.5389
209,Saint Lucia,Americas,Caribbean,Central & South America,17153.29028,15609.49457,1543.795715,2602.7696
210,Saint Pierre et Miquelon,Americas,Northern America,Oceania,0,0,0,0.0000
211,Saint Vincent and the Grenadines,Americas,Caribbean,Central & South America,6416.667566,5839.1677,577.4998661,973.6387
212,Samoa,Oceania,Polynesia,Oceania,0,0,0,0.0000
213,San Marino,Europe,Southern Europe,Western Europe,0,0,0,0.0000
214,Sao Tome and Principe,Africa,Middle Africa,Sub-Saharan Africa,0,0,0,0.0000
215,Saudi Arabia,Asia,Western Asia,West Asia & Northern Africa,0,0,0,0.0000
216,Scarborough Reef,Asia,South-Eastern Asia,East Asia,0,0,0,0.0000
217,Senegal,Africa,Western Africa,Sub-Saharan Africa,6.37799326,5.80397362,0.57401964,2.4625
218,Senkaku Islands,Asia,Eastern Asia,East Asia,0,0,0,0.0000
220,Seychelles,Africa,Eastern Africa,Sub-Saharan Africa,0,0,0,0.0000
221,Sierra Leone,Africa,Western Africa,Sub-Saharan Africa,587.8858601,534.9761441,52.90971597,226.9777
222,Singapore,Asia,South-Eastern Asia,East Asia,460643.4883,419185.584,41457.9043,204445.9951
223,Slovakia,Europe,Eastern Europe,Eastern Europe,1189401.729,1082355.607,107046.1218,247898.8224
224,Slovenia,Europe,Southern Europe,Western Europe,399432.5109,363483.5935,35948.91747,83845.5091
225,Solomon Islands,Oceania,Melanesia,Oceania,4336.319087,3946.050469,390.268618,1273.3524
226,Somalia,Africa,Eastern Africa,Sub-Saharan Africa,3963.419656,3606.712011,356.7076444,1530.2417
227,South Africa,Africa,Southern Africa,Sub-Saharan Africa,1342703.028,1221859.791,120843.2375,518405.9106
228,South Georgia and the South Sandwich Islands,Antarctica,,,0,0,0,0.0000
229,Spain,Europe,Southern Europe,Western Europe,37866129.64,34685375.09,3180754.552,8136669.0900
230,Spratly Islands,Asia,South-Eastern Asia,East Asia,0,0,0,0.0000
231,Sri Lanka,Asia,Southern Asia,South Asia,19878.62052,18089.5452,1789.075313,8818.3786
233,Suriname,Americas,South America,Central & South America,17682.95919,16091.49332,1591.465873,2684.9544
234,Svalbard and Jan Mayen Islands,Europe,Northern Europe,Western Europe,0,0,0,0.0000
235,Swaziland,Africa,Southern Africa,Sub-Saharan Africa,9324.489584,8485.285738,839.2038457,3600.1041
236,Sweden,Europe,Northern Europe,Western Europe,2844778.528,2577369.398,267409.1301,595382.1210
237,Switzerland,Europe,Western Europe,Western Europe,2465822.11,2243898.191,221923.9187,517669.0375
238,Syrian Arab Republic,Asia,Western Asia,West Asia & Northern Africa,0,0,0,0.0000
239,Tajikistan,Asia,Central Asia,West Asia & Northern Africa,13.86999496,12.62169571,1.24829925,6.0319
240,Thailand,Asia,South-Eastern Asia,East Asia,7500483.22,6825439.938,675043.2816,3328720.2039
241,The former Yugoslav Republic of Macedonia,Europe,Southern Europe,Western Europe,165231.9783,150361.1039,14870.87433,34683.2813
242,Timor-Leste,Asia,South-Eastern Asia,East Asia,10006.12975,9105.57833,900.5514239,4440.9904
243,Togo,Africa,Western Africa,Sub-Saharan Africa,5370.06878,4886.762751,483.3060283,2073.3367
244,Tokelau,Oceania,Polynesia,Oceania,0,0,0,0.0000
245,Tonga,Oceania,Polynesia,Oceania,0,0,0,0.0000
246,Trinidad and Tobago,Americas,Caribbean,Central & South America,71922.21747,65449.22093,6472.996543,10913.1804
247,Tromelin Island,Africa,Eastern Africa,Sub-Saharan Africa,0,0,0,0.0000
248,Tunisia,Africa,Northern Africa,West Asia & Northern Africa,4251.436824,3868.807615,382.6292093,1641.4425
249,Turkey,Asia,Western Asia,West Asia & Northern Africa,1994.357074,1814.865011,179.4920628,884.7192
250,Turkmenistan,Asia,Central Asia,West Asia & Northern Africa,15583.97341,14181.41628,1402.55713,6777.3046
251,Turks and Caicos islands,Americas,Caribbean,Central & South America,0,0,0,0.0000
252,Tuvalu,Oceania,Polynesia,Oceania,0,0,0,0.0000
253,Uganda,Africa,Eastern Africa,Sub-Saharan Africa,37856.1017,34449.05368,3407.048022,14615.9101
254,Ukraine,Europe,Eastern Europe,Eastern Europe,790119.5892,719008.8468,71110.74238,164838.6725
255,United Arab Emirates,Asia,Western Asia,West Asia & Northern Africa,0,0,0,0.0000
256,U.K. of Great Britain and Northern Ireland,Europe,Northern Europe,Western Europe,8296235.49,7624240.66,671994.8301,1709433.9217
257,United Republic of Tanzania,Africa,Eastern Africa,Sub-Saharan Africa,2.48821282,2.26427388,0.22393894,0.9607
258,United States Virgin Islands,Americas,Caribbean,Central & South America,0,0,0,0.0000
259,United States of America,Americas,Northern America,North America,112377777.2,102263780.1,10113997.04,45867083.4436
260,Uruguay,Americas,South America,Central & South America,165509.1848,150613.3622,14895.82263,25113.7839
261,Uzbekistan,Asia,Central Asia,West Asia & Northern Africa,8242.619836,7500.784291,741.8355449,3584.6278
262,Vanuatu,Oceania,Melanesia,Oceania,18654.6582,16975.73953,1678.918671,5477.9075
263,Venezuela,Americas,South America,Central & South America,3162015.582,2877434.282,284581.2993,479791.1912
264,Viet Nam,Asia,South-Eastern Asia,East Asia,2748121.155,2500790.329,247330.8266,1206860.6825
265,Wake Island,Oceania,Micronesia,Oceania,0,0,0,0.0000
266,Wallis and Futuna,Oceania,Polynesia,Oceania,0,0,0,0.0000
267,West Bank,Asia,Western Asia,West Asia & Northern Africa,222.4806519,202.4573975,20.02325439,98.6948
268,Western Sahara,Africa,Northern Africa,West Asia & Northern Africa,0,0,0,0.0000
269,Yemen,Asia,Western Asia,West Asia & Northern Africa,0,0,0,0.0000
270,Zambia,Africa,Eastern Africa,Sub-Saharan Africa,55234.54851,50263.44099,4971.107519,21325.5758
271,Zimbabwe,Africa,Eastern Africa,Sub-Saharan Africa,1478.050399,1345.025902,133.0244969,570.6623
2647,Montenegro,Europe,Southern Europe,Western Europe,3294.095048,2997.626582,296.4684651,691.4687
2648,Serbia,Europe,Southern Europe,Western Europe,2979873.901,2711685.332,268188.5682,625496.5014
33364,Hong Kong,Asia,Eastern Asia,East Asia,0,0,0,0.0000
40760,Hala'ib triangle,Africa,Northern Africa,West Asia & Northern Africa,0,0,0,0.0000
40762,Ma'tan al-Sarra,Africa,Northern Africa,West Asia & Northern Africa,0,0,0,0.0000
40765,Egypt,Africa,Northern Africa,West Asia & Northern Africa,4952.995644,4507.226157,445.7694873,1912.3084
40781,Jammu and Kashmir,Asia,Eastern Asia,East Asia,0,0,0,0.0000
61013,Ilemi triangle,Africa,Northern Africa,West Asia & Northern Africa,0,0,0,0.0000
74578,Azores Islands,Europe,Southern Europe,Western Europe,0,0,0,0.0000
