ADM0_CODE,ADM0_NAME,CONTINENT,REGION,REG_ANNEX5,ninput,noutput,nlosses,CHICKENBRL
1,Afghanistan,Asia,Southern Asia,South Asia,83403.14072,69891.83243,13511.30829,9083.1292
2,Aksai Chin,Asia,Eastern Asia,East Asia,215.4898992,174.1158292,41.37406991,22.7123
3,Albania,Europe,Southern Europe,Western Europe,371201.5265,322202.9138,48998.61272,22658.0246
4,Algeria,Africa,Northern Africa,West Asia & Northern Africa,13874103.31,11210275.06,2663828.25,1174316.2048
5,American Samoa,Oceania,Polynesia,Oceania,0,0,0,0.0000
6,Sudan,Africa,Northern Africa,West Asia & Northern Africa,1489987.798,1203910.098,286077.7005,126113.8678
7,Andorra,Europe,Southern Europe,Western Europe,5530.428101,4689.803146,840.6249542,328.0664
8,Angola,Africa,Middle Africa,Sub-Saharan Africa,2615167.849,2113055.543,502112.3067,221350.0877
9,Anguilla,Americas,Caribbean,Central & South America,112344.2891,99761.73438,12582.55469,6161.8877
10,Antarctica,Antarctica,,,0,0,0,0.0000
11,Antigua and Barbuda,Americas,Caribbean,Central & South America,20714.49304,18394.46985,2320.023193,1136.1537
12,Argentina,Americas,South America,Central & South America,21468781.14,19064277.92,2404503.22,1226129.8275
13,Armenia,Asia,Western Asia,West Asia & Northern Africa,49806.10171,40243.32869,9562.77302,5249.0642
14,Aruba,Americas,Caribbean,Central & South America,223.8470116,198.7761498,25.07086182,12.2776
15,Arunachal Pradesh,Asia,Eastern Asia,East Asia,250384.9293,202311.0157,48073.91354,26391.0431
16,Ashmore and Cartier Islands,Oceania,Australia and New Zealand,Oceania,0,0,0,0.0000
17,Australia,Oceania,Australia and New Zealand,Oceania,21704103.48,18405079.46,3299024.015,2891469.9886
18,Austria,Europe,Western Europe,Western Europe,2823088.518,2422209.891,400878.6263,162330.5238
19,Azerbaijan,Asia,Western Asia,West Asia & Northern Africa,2795081.622,2342278.318,452803.3042,308159.7387
20,Bahamas,Americas,Caribbean,Central & South America,753341.3479,668967.0782,84374.26972,41319.4530
21,Bahrain,Asia,Western Asia,West Asia & Northern Africa,108723.3446,91110.16235,17613.18225,11987.1991
22,Baker Island,Americas,Northern America,North America,0,0,0,0.0000
23,Bangladesh,Asia,Southern Asia,South Asia,6019765.686,5044563.633,975202.0528,655320.2098
24,Barbados,Americas,Caribbean,Central & South America,942250.2534,836718.2207,105532.0327,51680.7777
25,Bassas da India,Africa,Eastern Africa,Sub-Saharan Africa,0,0,0,0.0000
26,Belarus,Europe,Eastern Europe,Eastern Europe,5760455.972,4942471.111,817984.8612,323215.3033
27,Belgium,Europe,Western Europe,Western Europe,9083648.423,7884606.562,1199041.861,522270.7650
28,Belize,Americas,Central America,Central & South America,382426.8041,339595.0071,42831.79699,20975.4418
29,Benin,Africa,Western Africa,Sub-Saharan Africa,554915.314,448371.5538,106543.7602,46968.5162
30,Bermuda,Americas,Northern America,North America,0,0,0,0.0000
31,Bhutan,Asia,Southern Asia,South Asia,16604.29568,13914.39985,2689.895831,1807.5678
32,Bird Island,Americas,Caribbean,Central & South America,0,0,0,0.0000
33,Bolivia,Americas,South America,Central & South America,42651706.35,37874715.71,4776990.639,2339939.8950
34,Bosnia and Herzegovina,Europe,Southern Europe,Western Europe,3585047.231,3040120.022,544927.2087,212665.9338
35,Botswana,Africa,Southern Africa,Sub-Saharan Africa,661316.5583,534343.7573,126972.8011,55974.4104
36,Bouvet Island,Antarctica,,,0,0,0,0.0000
37,Brazil,Americas,South America,Central & South America,324110379.4,287810020.8,36300358.62,53075488.5327
38,British Indian Ocean Territory,Africa,Eastern Africa,South Asia,0,0,0,0.0000
39,British Virgin Islands,Americas,Caribbean,Central & South America,0,0,0,0.0000
40,Brunei Darussalam,Asia,South-Eastern Asia,East Asia,3500259.281,2933217.283,567041.9981,390401.2579
41,Bulgaria,Europe,Eastern Europe,Eastern Europe,2217593.237,1902694.957,314898.2799,124408.6490
42,Burkina Faso,Africa,Western Africa,Sub-Saharan Africa,88392.75129,71421.34,16971.41129,7481.6396
43,Burundi,Africa,Eastern Africa,Sub-Saharan Africa,92482.78976,74726.0914,17756.69836,7827.8240
44,Cambodia,Asia,South-Eastern Asia,East Asia,1143544.702,958290.4568,185254.2451,127545.2088
45,Cameroon,Africa,Middle Africa,Sub-Saharan Africa,2636502.846,2130294.214,506208.6318,223155.9021
46,Canada,Americas,Northern America,North America,41594472.85,34856168.17,6738304.687,3628137.4389
47,Cape Verde,Africa,Western Africa,Sub-Saharan Africa,0,0,0,0.0000
48,Cayman Islands,Americas,Caribbean,Central & South America,0,0,0,0.0000
49,Central African Republic,Africa,Middle Africa,Sub-Saharan Africa,354883.8741,286746.1588,68137.71535,30037.6806
50,Chad,Africa,Middle Africa,Sub-Saharan Africa,9795.483469,7914.75031,1880.733159,829.0983
51,Chile,Americas,South America,Central & South America,10635790.62,9444582.102,1191208.518,583444.4117
52,China/India,Asia,Eastern Asia,East Asia,3071.786932,2482.0037,589.7832315,323.7619
53,China,Asia,Eastern Asia,East Asia,406525770.5,340668595.5,65857174.96,47284471.1853
54,Christmas Island,Asia,South-Eastern Asia,East Asia,204.4356995,171.3171234,33.11857605,22.8017
55,Clipperton Island,Americas,Central America,Central & South America,0,0,0,0.0000
56,Cocos (Keeling) Islands,Asia,South-Eastern Asia,East Asia,0,0,0,0.0000
57,Colombia,Americas,South America,Central & South America,27847753.46,24728805.35,3118948.107,1527714.7634
58,Comoros,Africa,Eastern Africa,Sub-Saharan Africa,16010.10431,12936.16345,3073.940857,1355.1092
59,Congo,Africa,Middle Africa,Sub-Saharan Africa,354009.6724,286039.8044,67969.8681,29963.6872
60,Cook Islands,Oceania,Polynesia,Oceania,0,0,0,0.0000
61,Costa Rica,Americas,Central America,Central & South America,3480530.475,3090711.095,389819.3806,190901.0126
62,Croatia,Europe,Southern Europe,Western Europe,510494.5854,432899.4056,77595.17984,30278.0907
63,Cuba,Americas,Caribbean,Central & South America,34.0358139,30.22380297,3.81201094,1.8668
64,Cyprus,Asia,Western Asia,West Asia & Northern Africa,706351.1421,570731.6974,135619.4447,74442.3339
65,Czech Republic,Europe,Eastern Europe,Eastern Europe,5242480.031,4498047.783,744432.248,294132.7304
66,C?te d'Ivoire,Africa,Western Africa,Sub-Saharan Africa,2301143.191,1859323.6,441819.5905,194770.7656
67,Dem People's Rep of Korea,Asia,Eastern Asia,East Asia,450598.4496,364083.5324,86514.91719,47526.5305
68,Democratic Republic of the Congo,Africa,Middle Africa,Sub-Saharan Africa,306287.9805,247480.678,58807.30254,25924.4819
69,Denmark,Europe,Northern Europe,Western Europe,3506466.621,2973483.642,532982.9788,199522.3913
70,Djibouti,Africa,Eastern Africa,Sub-Saharan Africa,2812347.617,2272376.732,539970.8848,238039.5553
71,Dominica,Americas,Caribbean,Central & South America,28332.05917,25158.86831,3173.190865,1553.9638
72,Dominican Republic,Americas,Caribbean,Central & South America,20492424.4,18197273.23,2295151.171,1123973.6787
73,Ecuador,Americas,South America,Central & South America,15569775.6,13825960.85,1743814.752,854105.6177
74,South Sudan,Africa,Northern Africa,West Asia & Northern Africa,1374781.689,1110823.562,263958.1269,116362.7214
75,El Salvador,Americas,Central America,Central & South America,2205729.194,1958687.553,247041.6418,120980.3906
76,Equatorial Guinea,Africa,Middle Africa,Sub-Saharan Africa,24664.68583,19929.06532,4735.620511,2087.6405
77,Eritrea,Africa,Eastern Africa,Sub-Saharan Africa,14195.77224,11470.18319,2725.589053,1201.5426
78,Estonia,Europe,Northern Europe,Western Europe,338269.725,286852.7206,51417.00434,19250.2625
79,Ethiopia,Africa,Eastern Africa,Sub-Saharan Africa,283978.5571,229454.6662,54523.89085,24036.1932
80,Europa Island,Africa,Eastern Africa,Sub-Saharan Africa,0,0,0,0.0000
81,Falkland Islands (Malvinas),Americas,South America,Central & South America,1292.143946,1147.423838,144.7201075,70.8827
82,Faroe Islands,Europe,Northern Europe,Western Europe,1351.684324,1146.228289,205.4560356,76.9126
83,Fiji,Oceania,Melanesia,Oceania,611515.4565,518565.0874,92950.36916,52190.9519
84,Finland,Europe,Northern Europe,Western Europe,1058376.339,855168.0484,203208.2905,56075.1449
85,France,Europe,Western Europe,Western Europe,28494923.59,24448643.86,4046279.737,1670900.5283
86,French Guiana,Americas,South America,Central & South America,18824.04544,16715.7526,2108.29284,1032.6239
87,French Polynesia,Oceania,Polynesia,Oceania,0,0,0,0.0000
88,French Southern and Antarctic Territories,Antarctica,,,0,0,0,0.0000
89,Gabon,Africa,Middle Africa,Sub-Saharan Africa,168464.3071,136119.1541,32345.15303,14258.9658
90,Gambia,Africa,Western Africa,Sub-Saharan Africa,26056.45017,21053.61019,5002.839982,2205.4407
91,Gaza Strip,Asia,Western Asia,West Asia & Northern Africa,225266.2573,188773.1191,36493.13818,24836.5375
92,Georgia,Asia,Western Asia,West Asia & Northern Africa,129501.9293,108522.6167,20979.3126,14275.9202
93,Germany,Europe,Western Europe,Western Europe,22537545.57,19111838.43,3425707.145,1261065.0540
94,Ghana,Africa,Western Africa,Sub-Saharan Africa,1275673.261,1030743.952,244929.309,107974.0973
95,Gibraltar,Europe,Southern Europe,Western Europe,0,0,0,0.0000
96,Glorioso Island,Africa,Eastern Africa,Sub-Saharan Africa,0,0,0,0.0000
97,Greece,Europe,Southern Europe,Western Europe,5229383.966,4434517.544,794866.4221,310207.6431
98,Greenland,Americas,Northern America,North America,0,0,0,0.0000
99,Grenada,Americas,Caribbean,Central & South America,14631.2812,12992.57796,1638.703239,802.5002
100,Guadeloupe,Americas,Caribbean,Central & South America,0.53317649,0.47346073,0.05971576,0.0292
101,Guam,Oceania,Micronesia,Oceania,365.2269211,309.7124214,55.51449966,31.1710
102,Abyei,Africa,Northern Africa,West Asia & Northern Africa,98.12691832,79.28654575,18.84037256,8.3055
103,Guatemala,Americas,Central America,Central & South America,2807893.273,2493409.258,314484.0144,154008.0363
104,Guernsey,Europe,Northern Europe,Western Europe,649.0001831,550.3521729,98.64801025,36.9289
105,Guinea-Bissau,Africa,Western Africa,Sub-Saharan Africa,60594.15705,48960.07645,11634.0806,5128.7423
106,Guinea,Africa,Western Africa,Sub-Saharan Africa,155549.3733,125683.8884,29865.48492,13165.8347
107,Guyana,Americas,South America,Central & South America,4093018.438,3634600.467,458417.9709,225015.8694
108,Haiti,Americas,Caribbean,Central & South America,294382.4291,261411.5986,32970.83047,16133.9780
109,Heard Island and McDonald Islands,Antarctica,,,0,0,0,0.0000
110,Holy See,Europe,Southern Europe,Western Europe,0,0,0,0.0000
111,Honduras,Americas,Central America,Central & South America,3660531.555,3250552.077,409979.4774,200773.7503
112,Howland Island,Americas,Northern America,North America,0,0,0,0.0000
113,Hungary,Europe,Eastern Europe,Eastern Europe,6506767.839,5582806.676,923961.1632,364443.6281
114,Iceland,Europe,Northern Europe,Western Europe,54529.72686,46241.2077,8288.519156,3102.8105
115,India,Asia,Southern Asia,South Asia,76542605.69,61846422.94,14696182.75,7966961.3877
116,Indonesia,Asia,South-Eastern Asia,East Asia,151250631.6,122210505.7,29040125.93,14011243.2840
117,Iran  (Islamic Republic of),Asia,Southern Asia,South Asia,175736789.7,147267429.9,28469359.89,19139382.1418
118,Iraq,Asia,Western Asia,West Asia & Northern Africa,5185023.317,4345049.534,839973.7829,571670.2877
119,Ireland,Europe,Northern Europe,Western Europe,3328680.083,2822720.656,505959.427,189414.5043
120,Isle of Man,Europe,Northern Europe,Western Europe,13777.7298,11683.51462,2094.215179,783.9703
121,Israel,Asia,Western Asia,West Asia & Northern Africa,10695300.39,8641802.355,2053498.034,1127098.1199
122,Italy,Europe,Southern Europe,Western Europe,23837945.47,20214577.59,3623367.875,1414127.7980
123,Jamaica,Americas,Caribbean,Central & South America,3767959.454,3345948.042,422011.4122,206665.9873
126,Japan,Asia,Eastern Asia,East Asia,35916339.96,30097892.82,5818447.132,2654347.9734
127,Jarvis Island,Americas,Northern America,North America,0,0,0,0.0000
128,Jersey,Europe,Northern Europe,Western Europe,3365.308044,2853.781189,511.5268555,191.4903
129,Johnston Atoll,Americas,Northern America,North America,0,0,0,0.0000
130,Jordan,Asia,Western Asia,West Asia & Northern Africa,5505532.905,4613636.54,891896.3646,607007.7974
131,Juan de Nova Island,Africa,Eastern Africa,Sub-Saharan Africa,0,0,0,0.0000
132,Kazakhstan,Asia,Central Asia,West Asia & Northern Africa,2755149.007,2308814.861,446334.1465,303547.9620
133,Kenya,Africa,Eastern Africa,Sub-Saharan Africa,291782.9639,235760.6257,56022.33818,24695.0200
134,Kingman Reef,Americas,Northern America,North America,0,0,0,0.0000
135,Kiribati,Oceania,Micronesia,Oceania,63926.06055,54209.29688,9716.763672,5455.8911
136,Kuril islands,Asia,Eastern Asia,East Asia,57017.00715,46069.74002,10947.26713,6009.5092
137,Kuwait,Asia,Western Asia,West Asia & Northern Africa,3912601.87,3278760.445,633841.425,431380.5586
138,Kyrgyzstan,Asia,Central Asia,West Asia & Northern Africa,74260.69224,62230.46002,12030.23222,8187.4435
139,Lao People's Democratic Republic,Asia,South-Eastern Asia,East Asia,879933.0285,737383.877,142549.1515,98150.7924
140,Latvia,Europe,Northern Europe,Western Europe,432122.6219,366439.9791,65682.64275,24590.8081
141,Lebanon,Asia,Western Asia,West Asia & Northern Africa,8309759.109,6714285.067,1595474.042,875765.3640
142,Lesotho,Africa,Southern Africa,Sub-Saharan Africa,458.815028,370.7225363,88.0924917,38.8345
144,Liberia,Africa,Western Africa,Sub-Saharan Africa,114303.4723,92357.20209,21946.27019,9674.7463
145,Libya,Africa,Northern Africa,West Asia & Northern Africa,5028372.171,4062924.547,965447.6238,425605.8026
146,Liechtenstein,Europe,Western Europe,Western Europe,0,0,0,0.0000
147,Lithuania,Europe,Northern Europe,Western Europe,1812548.368,1537040.991,275507.3767,103149.2938
148,Luxembourg,Europe,Western Europe,Western Europe,2188.753101,1877.950113,310.8029881,125.5873
149,Macau,Asia,Eastern Asia,East Asia,0,0,0,0.0000
150,Madagascar,Africa,Eastern Africa,Sub-Saharan Africa,1944133.063,1570859.46,373273.6034,164553.1183
151,Madeira Islands,Europe,Southern Europe,Western Europe,0,0,0,0.0000
152,Malawi,Africa,Eastern Africa,Sub-Saharan Africa,366427.4317,296073.3581,70354.07363,31014.7373
153,Malaysia,Asia,South-Eastern Asia,East Asia,52256180.93,42222992.65,10033188.28,5571255.7599
154,Maldives,Asia,Southern Asia,South Asia,0,0,0,0.0000
155,Mali,Africa,Western Africa,Sub-Saharan Africa,345033.5858,278787.1249,66246.46088,29203.9434
156,Malta,Europe,Southern Europe,Western Europe,137931.5689,116965.9635,20965.60541,8182.1371
157,Marshall Islands,Oceania,Micronesia,Oceania,0,0,0,0.0000
158,Martinique,Americas,Caribbean,Central & South America,20360.54417,18080.16372,2280.380447,1116.7403
159,Mauritania,Africa,Western Africa,Sub-Saharan Africa,169969.0968,137335.0244,32634.07239,14386.3326
160,Mauritius,Africa,Eastern Africa,Sub-Saharan Africa,0,0,0,0.0000
161,Mayotte,Africa,Eastern Africa,Sub-Saharan Africa,26284.34666,21237.75106,5046.595604,2224.7300
162,Mexico,Americas,Central America,Central & South America,79711189.35,70783537.13,8927652.227,4382488.1728
163,Micronesia (Federated States of),Oceania,Micronesia,Oceania,15177.40152,12870.43619,2306.965332,1295.3443
164,Midway Island,Americas,Northern America,North America,0,0,0,0.0000
165,"Moldova, Republic of",Europe,Eastern Europe,Eastern Europe,2910571.995,2497270.711,413301.2847,163285.2793
166,Monaco,Europe,Western Europe,Western Europe,0,0,0,0.0000
167,Mongolia,Asia,Eastern Asia,East Asia,34335.3108,28772.99052,5562.320289,3784.7834
168,Montserrat,Americas,Caribbean,Central & South America,0.02441915,0.02168421,0.00273494,0.0013
169,Morocco,Africa,Northern Africa,West Asia & Northern Africa,24260487.86,19602473.74,4658014.118,2053397.0439
170,Mozambique,Africa,Eastern Africa,Sub-Saharan Africa,404227.4189,326615.7418,77611.6771,34214.1613
171,Myanmar,Asia,South-Eastern Asia,East Asia,6694115.272,5408844.923,1285270.349,713720.4920
172,Namibia,Africa,Southern Africa,Sub-Saharan Africa,375540.443,303436.6637,72103.77932,31786.0708
173,Nauru,Oceania,Micronesia,Oceania,0,0,0,0.0000
174,Navassa Island,Americas,Northern America,North America,0,0,0,0.0000
175,Nepal,Asia,Southern Asia,South Asia,566062.503,474360.3771,91702.12589,61625.2465
176,Netherlands Antilles,Americas,Caribbean,Central & South America,0.0976704,0.08673132,0.01093908,0.0054
177,Netherlands,Europe,Western Europe,Western Europe,20137718.12,17278161.75,2859556.371,1164782.6265
178,New Caledonia,Oceania,Melanesia,Oceania,0.00340805,0.00289002,0.00051802,0.0003
179,New Zealand,Oceania,Australia and New Zealand,Oceania,3276121.165,2778150.758,497970.4073,127979.2603
180,Nicaragua,Americas,Central America,Central & South America,3469818.394,3081198.782,388619.6124,190313.4770
181,Niger,Africa,Western Africa,Sub-Saharan Africa,96238.49671,77760.70315,18477.79356,8145.7103
182,Nigeria,Africa,Western Africa,Sub-Saharan Africa,3543763.282,2757047.824,786715.4585,286108.8323
183,Niue,Oceania,Polynesia,Oceania,0,0,0,0.0000
184,Norfolk Island,Oceania,Australia and New Zealand,Oceania,476525.3125,404093.4688,72431.84375,40669.9531
185,Northern Mariana Islands,Oceania,Micronesia,Oceania,445.7445068,377.9913254,67.75318146,38.0429
186,Norway,Europe,Northern Europe,Western Europe,800009.9328,678408.4167,121601.5161,45521.7503
187,Oman,Asia,Western Asia,West Asia & Northern Africa,0,0,0,0.0000
188,Pakistan,Asia,Southern Asia,South Asia,35438512.4,29697473.36,5741039.048,3859478.0717
189,Palau,Oceania,Micronesia,Oceania,57334.08612,48619.30478,8714.781342,4893.2868
190,Palmyra Atoll,Americas,Northern America,North America,0,0,0,0.0000
191,Panama,Americas,Central America,Central & South America,4214236.974,3742242.463,471994.5116,231143.5310
192,Papua New Guinea,Oceania,Melanesia,Oceania,400618.4075,339724.4038,60894.0037,34194.2679
193,Paracel Islands,Asia,South-Eastern Asia,East Asia,0,0,0,0.0000
194,Paraguay,Americas,South America,Central & South America,430130.9687,381956.3047,48174.66402,23609.1031
195,Peru,Americas,South America,Central & South America,28387071.05,25207719.41,3179351.644,1557342.6235
196,Philippines,Asia,South-Eastern Asia,East Asia,9902063.717,8297929.374,1604134.343,1101175.1009
197,Pitcairn,Oceania,Polynesia,Oceania,0,0,0,0.0000
198,Poland,Europe,Eastern Europe,Eastern Europe,25530037.02,21649471.16,3880565.863,1435600.5501
199,Portugal,Europe,Southern Europe,Western Europe,8447730.381,7163675.241,1284055.141,501121.5628
200,Puerto Rico,Americas,Caribbean,Central & South America,3384119.573,3005098.205,379021.3684,185613.0475
201,Qatar,Asia,Western Asia,West Asia & Northern Africa,226573.7451,189868.7987,36704.94647,24975.2091
202,Republic of Korea,Asia,Eastern Asia,East Asia,24453502.45,19758429.13,4695073.324,2577162.9031
203,Romania,Europe,Eastern Europe,Eastern Europe,14374237.16,12333095.21,2041141.956,806414.9676
204,Russian Federation,Europe,Eastern Europe,Russian Federation,69439961.53,59579485.64,9860475.89,5074376.5682
205,Rwanda,Africa,Eastern Africa,Sub-Saharan Africa,50138.82167,40512.16623,9626.655444,4243.7936
206,R?union,Africa,Eastern Africa,Sub-Saharan Africa,0,0,0,0.0000
207,Saint Helena,Africa,Western Africa,Sub-Saharan Africa,0.00964828,0.00779581,0.00185247,0.0008
208,Saint Kitts and Nevis,Americas,Caribbean,Central & South America,6418.451416,5699.585205,718.8662109,352.0408
209,Saint Lucia,Americas,Caribbean,Central & South America,61368.32532,54495.07492,6873.250397,3365.9455
210,Saint Pierre et Miquelon,Americas,Northern America,Oceania,0,0,0,0.0000
211,Saint Vincent and the Grenadines,Americas,Caribbean,Central & South America,18426.87115,16363.06274,2063.808411,1010.6817
212,Samoa,Oceania,Polynesia,Oceania,0,0,0,0.0000
213,San Marino,Europe,Southern Europe,Western Europe,17929.92578,15204.57617,2725.349609,1063.6079
214,Sao Tome and Principe,Africa,Middle Africa,Sub-Saharan Africa,25596.18682,20681.71746,4914.46936,2166.4835
215,Saudi Arabia,Asia,Western Asia,West Asia & Northern Africa,33419438.1,28005489.1,5413949.001,3684631.4212
216,Scarborough Reef,Asia,South-Eastern Asia,East Asia,0,0,0,0.0000
217,Senegal,Africa,Western Africa,Sub-Saharan Africa,1957231.55,1581442.986,375788.5638,165661.7839
218,Senkaku Islands,Asia,Eastern Asia,East Asia,0,0,0,0.0000
220,Seychelles,Africa,Eastern Africa,Sub-Saharan Africa,0,0,0,0.0000
221,Sierra Leone,Africa,Western Africa,Sub-Saharan Africa,359806.6125,290723.7314,69082.88106,30454.3457
222,Singapore,Asia,South-Eastern Asia,East Asia,869693.3286,728803.0348,140890.2938,97001.2092
223,Slovakia,Europe,Eastern Europe,Eastern Europe,2272367.755,1949691.492,322676.2634,127482.4391
224,Slovenia,Europe,Southern Europe,Western Europe,609251.2253,516645.0325,92606.1928,36140.9411
225,Solomon Islands,Oceania,Melanesia,Oceania,11165.33912,9468.20762,1697.131504,952.9271
226,Somalia,Africa,Eastern Africa,Sub-Saharan Africa,450847.0139,364284.3755,86562.63838,38160.0842
227,South Africa,Africa,Southern Africa,Sub-Saharan Africa,26095912.65,21085496.51,5010416.147,2208917.3347
228,South Georgia and the South Sandwich Islands,Antarctica,,,0,0,0,0.0000
229,Spain,Europe,Southern Europe,Western Europe,26705773.22,22646495.4,4059277.813,1584181.2056
230,Spratly Islands,Asia,South-Eastern Asia,East Asia,0,0,0,0.0000
231,Sri Lanka,Asia,Southern Asia,South Asia,2348103.845,1967711.024,380392.8208,255723.3545
233,Suriname,Americas,South America,Central & South America,1586403.199,1408726.056,177677.1426,87138.0653
234,Svalbard and Jan Mayen Islands,Europe,Northern Europe,Western Europe,266.217391,225.7523461,40.46504488,15.1481
235,Swaziland,Africa,Southern Africa,Sub-Saharan Africa,533861.2269,431359.8563,102501.3706,45186.4805
236,Sweden,Europe,Northern Europe,Western Europe,1473829.265,1249807.206,224022.0581,83863.0569
237,Switzerland,Europe,Western Europe,Western Europe,1938065.732,1662860.358,275205.3737,111487.6093
238,Syrian Arab Republic,Asia,Western Asia,West Asia & Northern Africa,3972528.76,3209803.134,762725.6259,418664.7379
239,Tajikistan,Asia,Central Asia,West Asia & Northern Africa,0,0,0,0.0000
240,Thailand,Asia,South-Eastern Asia,East Asia,33033969.32,27682466.31,5351503.007,3684627.8554
241,The former Yugoslav Republic of Macedonia,Europe,Southern Europe,Western Europe,49240.87244,41756.25943,7484.613009,2920.9485
242,Timor-Leste,Asia,South-Eastern Asia,East Asia,30192.79997,25301.56641,4891.23356,3367.5526
243,Togo,Africa,Western Africa,Sub-Saharan Africa,1232504.695,995863.7579,236640.9375,104320.2725
244,Tokelau,Oceania,Polynesia,Oceania,0,0,0,0.0000
245,Tonga,Oceania,Polynesia,Oceania,0,0,0,0.0000
246,Trinidad and Tobago,Americas,Caribbean,Central & South America,9751157.253,8659027.79,1092129.464,534833.9336
247,Tromelin Island,Africa,Eastern Africa,Sub-Saharan Africa,0,0,0,0.0000
248,Tunisia,Africa,Northern Africa,West Asia & Northern Africa,5156719.409,4166629.121,990090.2874,436469.2358
249,Turkey,Asia,Western Asia,West Asia & Northern Africa,50579591.36,42385697.47,8193893.887,5576790.4369
250,Turkmenistan,Asia,Central Asia,West Asia & Northern Africa,1131122.427,947880.5885,183241.8381,124708.6465
251,Turks and Caicos islands,Americas,Caribbean,Central & South America,1150.74096,1021.857975,128.8829852,63.1161
252,Tuvalu,Oceania,Polynesia,Oceania,0,0,0,0.0000
253,Uganda,Africa,Eastern Africa,Sub-Saharan Africa,653140.5829,527737.565,125403.0178,55282.3883
254,Ukraine,Europe,Eastern Europe,Eastern Europe,10070387.46,8640392.238,1429995.218,565158.3621
255,United Arab Emirates,Asia,Western Asia,West Asia & Northern Africa,3575919.719,2996620.737,579298.9822,394236.8798
256,U.K. of Great Britain and Northern Ireland,Europe,Northern Europe,Western Europe,37848721.35,30581765.66,7266955.685,2028790.3518
257,United Republic of Tanzania,Africa,Eastern Africa,Sub-Saharan Africa,1734224.633,1401253.452,332971.1815,146786.2885
258,United States Virgin Islands,Americas,Caribbean,Central & South America,0.00881867,0.00783097,0.00098769,0.0005
259,United States of America,Americas,Northern America,North America,545654508.7,457258478.3,88396030.4,57890022.6524
260,Uruguay,Americas,South America,Central & South America,2350227.793,2087002.29,263225.5026,128925.6060
261,Uzbekistan,Asia,Central Asia,West Asia & Northern Africa,487774.968,408755.4234,79019.54458,53778.2251
262,Vanuatu,Oceania,Melanesia,Oceania,98324.80006,83379.43002,14945.37004,8391.7173
263,Venezuela,Americas,South America,Central & South America,28616104.23,25411100.9,3205003.327,1569784.4206
264,Viet Nam,Asia,South-Eastern Asia,East Asia,14093908.02,11810694.89,2283213.127,1571715.3554
265,Wake Island,Oceania,Micronesia,Oceania,0,0,0,0.0000
266,Wallis and Futuna,Oceania,Polynesia,Oceania,0,0,0,0.0000
267,West Bank,Asia,Western Asia,West Asia & Northern Africa,753070.9917,631073.4804,121997.5113,83029.1944
268,Western Sahara,Africa,Northern Africa,West Asia & Northern Africa,2215687.073,1790275.058,425412.015,187537.6822
269,Yemen,Asia,Western Asia,West Asia & Northern Africa,12563460.64,10528180.01,2035280.631,1385173.5578
270,Zambia,Africa,Eastern Africa,Sub-Saharan Africa,1344993.506,1086754.707,258238.7998,113841.4230
271,Zimbabwe,Africa,Eastern Africa,Sub-Saharan Africa,4044900.399,3268279.384,776621.0149,342363.9018
2647,Montenegro,Europe,Southern Europe,Western Europe,90022.68914,76339.23956,13683.44958,5340.1693
2648,Serbia,Europe,Southern Europe,Western Europe,5281984.644,4479122.925,802861.7187,313311.2122
33364,Hong Kong,Asia,Eastern Asia,East Asia,119182.551,96299.49527,22883.05576,13252.1605
40760,Hala'ib triangle,Africa,Northern Africa,West Asia & Northern Africa,947.9327264,765.9296173,182.0031091,80.2339
40762,Ma'tan al-Sarra,Africa,Northern Africa,West Asia & Northern Africa,306.5362053,247.6812449,58.85496044,25.9455
40765,Egypt,Africa,Northern Africa,West Asia & Northern Africa,12853033.84,10385251,2467782.838,1087891.9984
40781,Jammu and Kashmir,Asia,Eastern Asia,East Asia,3688678.394,2980452.008,708226.3852,388781.3196
61013,Ilemi triangle,Africa,Northern Africa,West Asia & Northern Africa,2572.638241,2078.691659,493.946582,217.7503
74578,Azores Islands,Europe,Southern Europe,Western Europe,0,0,0,0.0000
