ADM0_CODE,ADM0_NAME,CONTINENT,REGION,REG_ANNEX5,ninput,noutput,nlosses,PIGSBCK
1,Afghanistan,Asia,Southern Asia,South Asia,40.4822207,36.0291762,4.4530445,0.0000
2,Aksai Chin,Asia,Eastern Asia,East Asia,0,0,0,0.0000
3,Albania,Europe,Southern Europe,Western Europe,67351.99773,59943.27745,7408.720283,0.0000
4,Algeria,Africa,Northern Africa,West Asia & Northern Africa,1254.097575,1116.146821,137.950754,0.0000
5,American Samoa,Oceania,Polynesia,Oceania,0,0,0,0.0000
6,Sudan,Africa,Northern Africa,West Asia & Northern Africa,137.513493,122.3870086,15.1264845,0.0000
7,Andorra,Europe,Southern Europe,Western Europe,0,0,0,0.0000
8,Angola,Africa,Middle Africa,Sub-Saharan Africa,598781.4667,532915.4965,65865.9702,0.0000
9,Anguilla,Americas,Caribbean,Central & South America,0,0,0,0.0000
10,Antarctica,Antarctica,,,0,0,0,0.0000
11,Antigua and Barbuda,Americas,Caribbean,Central & South America,388.4369383,345.7088985,42.7280397,0.0000
12,Argentina,Americas,South America,Central & South America,478449.4874,425820.0381,52629.44929,0.0000
13,Armenia,Asia,Western Asia,West Asia & Northern Africa,44733.28138,39812.62029,4920.661089,0.0000
14,Aruba,Americas,Caribbean,Central & South America,0,0,0,0.0000
15,Arunachal Pradesh,Asia,Eastern Asia,East Asia,9.2587008,8.2402438,1.0184571,0.0000
16,Ashmore and Cartier Islands,Oceania,Australia and New Zealand,Oceania,0,0,0,0.0000
17,Australia,Oceania,Australia and New Zealand,Oceania,120101.0949,106889.9724,13211.12249,0.0000
18,Austria,Europe,Western Europe,Western Europe,0,0,0,0.0000
19,Azerbaijan,Asia,Western Asia,West Asia & Northern Africa,1935.870783,1722.924965,212.9458183,0.0000
20,Bahamas,Americas,Caribbean,Central & South America,342.6206508,304.9323794,37.6882714,0.0000
21,Bahrain,Asia,Western Asia,West Asia & Northern Africa,0,0,0,0.0000
22,Baker Island,Americas,Northern America,North America,0,0,0,0.0000
23,Bangladesh,Asia,Southern Asia,South Asia,3384.619228,3012.311111,372.3081174,0.0000
24,Barbados,Americas,Caribbean,Central & South America,1859.984924,1655.386536,204.5983887,0.0000
25,Bassas da India,Africa,Eastern Africa,Sub-Saharan Africa,0,0,0,0.0000
26,Belarus,Europe,Eastern Europe,Eastern Europe,898225.6505,799420.8111,98804.83948,0.0000
27,Belgium,Europe,Western Europe,Western Europe,0,0,0,0.0000
28,Belize,Americas,Central America,Central & South America,7069.778957,6292.103068,777.6758889,0.0000
29,Benin,Africa,Western Africa,Sub-Saharan Africa,166077.8846,147809.3155,18268.56911,0.0000
30,Bermuda,Americas,Northern America,North America,0,0,0,0.0000
31,Bhutan,Asia,Southern Asia,South Asia,8901.245284,7922.108246,979.137038,0.0000
32,Bird Island,Americas,Caribbean,Central & South America,0,0,0,0.0000
33,Bolivia,Americas,South America,Central & South America,498076.8788,443288.4132,54788.46558,0.0000
34,Bosnia and Herzegovina,Europe,Southern Europe,Western Europe,238449.8966,212220.405,26229.49159,0.0000
35,Botswana,Africa,Southern Africa,Sub-Saharan Africa,7234.787026,6438.960317,795.8267091,0.0000
36,Bouvet Island,Antarctica,,,0,0,0,0.0000
37,Brazil,Americas,South America,Central & South America,12845578.51,11432564.68,1413013.823,0.0000
38,British Indian Ocean Territory,Africa,Eastern Africa,South Asia,0,0,0,0.0000
39,British Virgin Islands,Americas,Caribbean,Central & South America,0,0,0,0.0000
40,Brunei Darussalam,Asia,South-Eastern Asia,East Asia,35.8519616,31.9082451,3.9437165,0.0000
41,Bulgaria,Europe,Eastern Europe,Eastern Europe,162264.4975,144415.4001,17849.0974,0.0000
42,Burkina Faso,Africa,Western Africa,Sub-Saharan Africa,1129593.725,1005338.4,124255.3259,0.0000
43,Burundi,Africa,Eastern Africa,Sub-Saharan Africa,123488.054,109904.3664,13583.68762,0.0000
44,Cambodia,Asia,South-Eastern Asia,East Asia,1405452.241,1250852.474,154599.7673,0.0000
45,Cameroon,Africa,Middle Africa,Sub-Saharan Africa,563823.1984,501802.6398,62020.55867,0.0000
46,Canada,Americas,Northern America,North America,0,0,0,0.0000
47,Cape Verde,Africa,Western Africa,Sub-Saharan Africa,132695.8863,118099.3369,14596.54941,0.0000
48,Cayman Islands,Americas,Caribbean,Central & South America,0,0,0,0.0000
49,Central African Republic,Africa,Middle Africa,Sub-Saharan Africa,580915.3846,517014.6844,63900.70021,0.0000
50,Chad,Africa,Middle Africa,Sub-Saharan Africa,17642.23602,15701.5898,1940.646223,0.0000
51,Chile,Americas,South America,Central & South America,127514.7394,113488.1154,14026.62392,0.0000
52,China/India,Asia,Eastern Asia,East Asia,0,0,0,0.0000
53,China,Asia,Eastern Asia,East Asia,250053640.1,222547736.1,27505903.99,0.0000
54,Christmas Island,Asia,South-Eastern Asia,East Asia,0,0,0,0.0000
55,Clipperton Island,Americas,Central America,Central & South America,0,0,0,0.0000
56,Cocos (Keeling) Islands,Asia,South-Eastern Asia,East Asia,0,0,0,0.0000
57,Colombia,Americas,South America,Central & South America,2431124.623,2163700.88,267423.7434,0.0000
58,Comoros,Africa,Eastern Africa,Sub-Saharan Africa,0,0,0,0.0000
59,Congo,Africa,Middle Africa,Sub-Saharan Africa,32973.33826,29346.27025,3627.068007,0.0000
60,Cook Islands,Oceania,Polynesia,Oceania,35078.87891,31220.20117,3858.677734,0.0000
61,Costa Rica,Americas,Central America,Central & South America,41395.61525,36842.09722,4553.518032,0.0000
62,Croatia,Europe,Southern Europe,Western Europe,330406.502,294061.7818,36344.72023,0.0000
63,Cuba,Americas,Caribbean,Central & South America,1498955.029,1334069.95,164885.0798,0.0000
64,Cyprus,Asia,Western Asia,West Asia & Northern Africa,1675.408533,1491.113586,184.2949465,0.0000
65,Czech Republic,Europe,Eastern Europe,Eastern Europe,0,0,0,0.0000
66,C?te d'Ivoire,Africa,Western Africa,Sub-Saharan Africa,107943.6724,96069.86668,11873.80576,0.0000
67,Dem People's Rep of Korea,Asia,Eastern Asia,East Asia,1820158.648,1619941.169,200217.4785,0.0000
68,Democratic Republic of the Congo,Africa,Middle Africa,Sub-Saharan Africa,367336.8655,326929.8042,40407.06135,0.0000
69,Denmark,Europe,Northern Europe,Western Europe,0,0,0,0.0000
70,Djibouti,Africa,Eastern Africa,Sub-Saharan Africa,0,0,0,0.0000
71,Dominica,Americas,Caribbean,Central & South America,1180.171601,1050.35272,129.8188815,0.0000
72,Dominican Republic,Americas,Caribbean,Central & South America,210446.2959,187297.199,23149.0969,0.0000
73,Ecuador,Americas,South America,Central & South America,535365.7456,476475.5075,58890.23802,0.0000
74,South Sudan,Africa,Northern Africa,West Asia & Northern Africa,99.6284883,88.6693548,10.9591335,0.0000
75,El Salvador,Americas,Central America,Central & South America,213726.8752,190216.9162,23509.95899,0.0000
76,Equatorial Guinea,Africa,Middle Africa,Sub-Saharan Africa,285.7566347,254.3233979,31.4332369,0.0000
77,Eritrea,Africa,Eastern Africa,Sub-Saharan Africa,4.8772644,4.3407652,0.5364992,0.0000
78,Estonia,Europe,Northern Europe,Western Europe,3584.283323,3190.012116,394.2712063,0.0000
79,Ethiopia,Africa,Eastern Africa,Sub-Saharan Africa,16669.55105,14835.90019,1833.650867,0.0000
80,Europa Island,Africa,Eastern Africa,Sub-Saharan Africa,0,0,0,0.0000
81,Falkland Islands (Malvinas),Americas,South America,Central & South America,2.1183102,1.885296,0.2330142,0.0000
82,Faroe Islands,Europe,Northern Europe,Western Europe,0,0,0,0.0000
83,Fiji,Oceania,Melanesia,Oceania,98692.17218,87836.03077,10856.14142,0.0000
84,Finland,Europe,Northern Europe,Western Europe,0,0,0,0.0000
85,France,Europe,Western Europe,Western Europe,0,0,0,0.0000
86,French Guiana,Americas,South America,Central & South America,4100.571952,3649.508945,451.0630072,0.0000
87,French Polynesia,Oceania,Polynesia,Oceania,3632.946769,3233.322763,399.6240061,0.0000
88,French Southern and Antarctic Territories,Antarctica,,,0,0,0,0.0000
89,Gabon,Africa,Middle Africa,Sub-Saharan Africa,25502.6748,22697.3804,2805.294399,0.0000
90,Gambia,Africa,Western Africa,Sub-Saharan Africa,14150.23624,12593.70995,1556.526282,0.0000
91,Gaza Strip,Asia,Western Asia,West Asia & Northern Africa,17.4586849,15.538229,1.9204559,0.0000
92,Georgia,Asia,Western Asia,West Asia & Northern Africa,72317.85908,64362.89407,7954.965011,0.0000
93,Germany,Europe,Western Europe,Western Europe,0,0,0,0.0000
94,Ghana,Africa,Western Africa,Sub-Saharan Africa,183536.5328,163347.5113,20189.02152,0.0000
95,Gibraltar,Europe,Southern Europe,Western Europe,0,0,0,0.0000
96,Glorioso Island,Africa,Eastern Africa,Sub-Saharan Africa,0,0,0,0.0000
97,Greece,Europe,Southern Europe,Western Europe,45175.12277,40205.85859,4969.264175,0.0000
98,Greenland,Americas,Northern America,North America,0,0,0,0.0000
99,Grenada,Americas,Caribbean,Central & South America,859.6710739,765.1072311,94.5638428,0.0000
100,Guadeloupe,Americas,Caribbean,Central & South America,15374.88663,13683.64875,1691.237877,0.0000
101,Guam,Oceania,Micronesia,Oceania,438.1917334,389.9906654,48.2010679,0.0000
102,Abyei,Africa,Northern Africa,West Asia & Northern Africa,0,0,0,0.0000
103,Guatemala,Americas,Central America,Central & South America,1236084.917,1100115.562,135969.3545,0.0000
104,Guernsey,Europe,Northern Europe,Western Europe,0,0,0,0.0000
105,Guinea-Bissau,Africa,Western Africa,Sub-Saharan Africa,208658.4485,185706.0178,22952.43066,0.0000
106,Guinea,Africa,Western Africa,Sub-Saharan Africa,47370.54653,42159.78563,5210.760906,0.0000
107,Guyana,Americas,South America,Central & South America,9982.978316,8884.850678,1098.127637,0.0000
108,Haiti,Americas,Caribbean,Central & South America,889877.1694,791990.6681,97886.50131,0.0000
109,Heard Island and McDonald Islands,Antarctica,,,0,0,0,0.0000
110,Holy See,Europe,Southern Europe,Western Europe,0,0,0,0.0000
111,Honduras,Americas,Central America,Central & South America,114789.6331,102162.7714,12626.86176,0.0000
112,Howland Island,Americas,Northern America,North America,0,0,0,0.0000
113,Hungary,Europe,Eastern Europe,Eastern Europe,484642.901,431332.1759,53310.72516,0.0000
114,Iceland,Europe,Northern Europe,Western Europe,0,0,0,0.0000
115,India,Asia,Southern Asia,South Asia,6698639.68,5961789.22,736850.46,0.0000
116,Indonesia,Asia,South-Eastern Asia,East Asia,4170875.782,3712079.376,458796.4054,0.0000
117,Iran  (Islamic Republic of),Asia,Southern Asia,South Asia,21.6321458,19.2526102,2.3795356,0.0000
118,Iraq,Asia,Western Asia,West Asia & Northern Africa,0,0,0,0.0000
119,Ireland,Europe,Northern Europe,Western Europe,0,0,0,0.0000
120,Isle of Man,Europe,Northern Europe,Western Europe,0,0,0,0.0000
121,Israel,Asia,Western Asia,West Asia & Northern Africa,15457.68122,13757.33607,1700.345142,0.0000
122,Italy,Europe,Southern Europe,Western Europe,0,0,0,0.0000
123,Jamaica,Americas,Caribbean,Central & South America,104148.7049,92692.3461,11456.35876,0.0000
126,Japan,Asia,Eastern Asia,East Asia,534978.3727,476130.745,58847.62766,0.0000
127,Jarvis Island,Americas,Northern America,North America,0,0,0,0.0000
128,Jersey,Europe,Northern Europe,Western Europe,0,0,0,0.0000
129,Johnston Atoll,Americas,Northern America,North America,0,0,0,0.0000
130,Jordan,Asia,Western Asia,West Asia & Northern Africa,3.7085403,3.3006009,0.4079394,0.0000
131,Juan de Nova Island,Africa,Eastern Africa,Sub-Saharan Africa,0,0,0,0.0000
132,Kazakhstan,Asia,Central Asia,West Asia & Northern Africa,310154.2126,276037.245,34116.96766,0.0000
133,Kenya,Africa,Eastern Africa,Sub-Saharan Africa,111814.5146,99514.91634,12299.59828,0.0000
134,Kingman Reef,Americas,Northern America,North America,0,0,0,0.0000
135,Kiribati,Oceania,Micronesia,Oceania,0,0,0,0.0000
136,Kuril islands,Asia,Eastern Asia,East Asia,0,0,0,0.0000
137,Kuwait,Asia,Western Asia,West Asia & Northern Africa,0,0,0,0.0000
138,Kyrgyzstan,Asia,Central Asia,West Asia & Northern Africa,45329.22028,40343.00543,4986.214848,0.0000
139,Lao People's Democratic Republic,Asia,South-Eastern Asia,East Asia,1989596.697,1770741.035,218855.6621,0.0000
140,Latvia,Europe,Northern Europe,Western Europe,45187.76895,40217.1138,4970.65515,0.0000
141,Lebanon,Asia,Western Asia,West Asia & Northern Africa,1549.601087,1379.144946,170.4561412,0.0000
142,Lesotho,Africa,Southern Africa,Sub-Saharan Africa,36661.4731,32628.71084,4032.762259,0.0000
144,Liberia,Africa,Western Africa,Sub-Saharan Africa,145793.782,129756.4637,16037.31832,0.0000
145,Libya,Africa,Northern Africa,West Asia & Northern Africa,1.7417646,1.5501704,0.1915942,0.0000
146,Liechtenstein,Europe,Western Europe,Western Europe,25.2202568,22.4460287,2.7742281,0.0000
147,Lithuania,Europe,Northern Europe,Western Europe,197352.629,175643.837,21708.79198,0.0000
148,Luxembourg,Europe,Western Europe,Western Europe,0,0,0,0.0000
149,Macau,Asia,Eastern Asia,East Asia,0,0,0,0.0000
150,Madagascar,Africa,Eastern Africa,Sub-Saharan Africa,426454.0865,379544.1305,46909.95598,0.0000
151,Madeira Islands,Europe,Southern Europe,Western Europe,0,0,0,0.0000
152,Malawi,Africa,Eastern Africa,Sub-Saharan Africa,911676.9033,811392.4319,100284.4715,0.0000
153,Malaysia,Asia,South-Eastern Asia,East Asia,476.6166831,424.1888341,52.427849,0.0000
154,Maldives,Asia,Southern Asia,South Asia,0,0,0,0.0000
155,Mali,Africa,Western Africa,Sub-Saharan Africa,26534.57927,23615.77522,2918.804055,0.0000
156,Malta,Europe,Southern Europe,Western Europe,0,0,0,0.0000
157,Marshall Islands,Oceania,Micronesia,Oceania,0,0,0,0.0000
158,Martinique,Americas,Caribbean,Central & South America,2148.510368,1912.174225,236.3361435,0.0000
159,Mauritania,Africa,Western Africa,Sub-Saharan Africa,385.2558975,342.877739,42.3781586,0.0000
160,Mauritius,Africa,Eastern Africa,Sub-Saharan Africa,12542.44478,11162.7756,1379.669188,0.0000
161,Mayotte,Africa,Eastern Africa,Sub-Saharan Africa,0,0,0,0.0000
162,Mexico,Americas,Central America,Central & South America,7270224.1,6470499.346,799724.7534,0.0000
163,Micronesia (Federated States of),Oceania,Micronesia,Oceania,26004.32199,23143.84547,2860.476517,0.0000
164,Midway Island,Americas,Northern America,North America,0,0,0,0.0000
165,"Moldova, Republic of",Europe,Eastern Europe,Eastern Europe,318742.3186,283680.6587,35061.65994,0.0000
166,Monaco,Europe,Western Europe,Western Europe,0,0,0,0.0000
167,Mongolia,Asia,Eastern Asia,East Asia,15230.60757,13555.24041,1675.367161,0.0000
168,Montserrat,Americas,Caribbean,Central & South America,0,0,0,0.0000
169,Morocco,Africa,Northern Africa,West Asia & Northern Africa,2949.368159,2624.937615,324.4305443,0.0000
170,Mozambique,Africa,Eastern Africa,Sub-Saharan Africa,717874.1978,638908.0265,78966.17134,0.0000
171,Myanmar,Asia,South-Eastern Asia,East Asia,7639505.415,6799159.715,840345.7001,0.0000
172,Namibia,Africa,Southern Africa,Sub-Saharan Africa,23790.05451,21173.1479,2616.906611,0.0000
173,Nauru,Oceania,Micronesia,Oceania,0,0,0,0.0000
174,Navassa Island,Americas,Northern America,North America,0,0,0,0.0000
175,Nepal,Asia,Southern Asia,South Asia,555230.079,494154.7634,61075.31566,0.0000
176,Netherlands Antilles,Americas,Caribbean,Central & South America,2553.218018,2272.364014,280.8540039,0.0000
177,Netherlands,Europe,Western Europe,Western Europe,0,0,0,0.0000
178,New Caledonia,Oceania,Melanesia,Oceania,40082.61869,35673.52988,4409.088813,0.0000
179,New Zealand,Oceania,Australia and New Zealand,Oceania,25683.43175,22858.25383,2825.177923,0.0000
180,Nicaragua,Americas,Central America,Central & South America,323264.8993,287705.7559,35559.14342,0.0000
181,Niger,Africa,Western Africa,Sub-Saharan Africa,15346.64837,13658.51683,1688.131539,0.0000
182,Nigeria,Africa,Western Africa,Sub-Saharan Africa,3821298.536,3400955.636,420342.8996,0.0000
183,Niue,Oceania,Polynesia,Oceania,1220.529724,1086.271393,134.2583313,0.0000
184,Norfolk Island,Oceania,Australia and New Zealand,Oceania,0,0,0,0.0000
185,Northern Mariana Islands,Oceania,Micronesia,Oceania,0,0,0,0.0000
186,Norway,Europe,Northern Europe,Western Europe,0,0,0,0.0000
187,Oman,Asia,Western Asia,West Asia & Northern Africa,0,0,0,0.0000
188,Pakistan,Asia,Southern Asia,South Asia,225.4088519,200.6138725,24.7949793,0.0000
189,Palau,Oceania,Micronesia,Oceania,0,0,0,0.0000
190,Palmyra Atoll,Americas,Northern America,North America,0,0,0,0.0000
191,Panama,Americas,Central America,Central & South America,98826.01501,87955.15262,10870.86238,0.0000
192,Papua New Guinea,Oceania,Melanesia,Oceania,1921695.872,1710309.302,211386.57,0.0000
193,Paracel Islands,Asia,South-Eastern Asia,East Asia,0,0,0,0.0000
194,Paraguay,Americas,South America,Central & South America,777167.523,691679.0891,85488.43385,0.0000
195,Peru,Americas,South America,Central & South America,3035383.35,2701491.139,333892.2101,0.0000
196,Philippines,Asia,South-Eastern Asia,East Asia,12684924.25,11289582.43,1395341.822,0.0000
197,Pitcairn,Oceania,Polynesia,Oceania,0,0,0,0.0000
198,Poland,Europe,Eastern Europe,Eastern Europe,712425.7036,634058.8658,78366.83779,0.0000
199,Portugal,Europe,Southern Europe,Western Europe,99749.89608,88777.40641,10972.48967,0.0000
200,Puerto Rico,Americas,Caribbean,Central & South America,8218.304449,7314.290848,904.0136008,0.0000
201,Qatar,Asia,Western Asia,West Asia & Northern Africa,0,0,0,0.0000
202,Republic of Korea,Asia,Eastern Asia,East Asia,0,0,0,0.0000
203,Romania,Europe,Eastern Europe,Eastern Europe,3506931.064,3121168.594,385762.4708,0.0000
204,Russian Federation,Europe,Eastern Europe,Russian Federation,7131475.689,6347013.261,784462.4286,0.0000
205,Rwanda,Africa,Eastern Africa,Sub-Saharan Africa,354367.2774,315386.8723,38980.40506,0.0000
206,R?union,Africa,Eastern Africa,Sub-Saharan Africa,20090.1839,17880.26319,2209.92071,0.0000
207,Saint Helena,Africa,Western Africa,Sub-Saharan Africa,349.4157947,310.9800432,38.4357516,0.0000
208,Saint Kitts and Nevis,Americas,Caribbean,Central & South America,961.8508911,856.0472412,105.8036499,0.0000
209,Saint Lucia,Americas,Caribbean,Central & South America,5380.104744,4788.293068,591.811676,0.0000
210,Saint Pierre et Miquelon,Americas,Northern America,Oceania,0,0,0,0.0000
211,Saint Vincent and the Grenadines,Americas,Caribbean,Central & South America,2304.506104,2051.010346,253.4957581,0.0000
212,Samoa,Oceania,Polynesia,Oceania,176919.6511,157458.4919,19461.15919,0.0000
213,San Marino,Europe,Southern Europe,Western Europe,0,0,0,0.0000
214,Sao Tome and Principe,Africa,Middle Africa,Sub-Saharan Africa,1440.915904,1282.415102,158.5008019,0.0000
215,Saudi Arabia,Asia,Western Asia,West Asia & Northern Africa,0,0,0,0.0000
216,Scarborough Reef,Asia,South-Eastern Asia,East Asia,0,0,0,0.0000
217,Senegal,Africa,Western Africa,Sub-Saharan Africa,159101.8839,141600.6741,17501.20982,0.0000
218,Senkaku Islands,Asia,Eastern Asia,East Asia,0,0,0,0.0000
220,Seychelles,Africa,Eastern Africa,Sub-Saharan Africa,0,0,0,0.0000
221,Sierra Leone,Africa,Western Africa,Sub-Saharan Africa,25365.66289,22575.43964,2790.223249,0.0000
222,Singapore,Asia,South-Eastern Asia,East Asia,0,0,0,0.0000
223,Slovakia,Europe,Eastern Europe,Eastern Europe,33505.96565,29820.3091,3685.656551,0.0000
224,Slovenia,Europe,Southern Europe,Western Europe,83448.84705,74269.47216,9179.374893,0.0000
225,Solomon Islands,Oceania,Melanesia,Oceania,46733.10643,41592.46445,5140.641978,0.0000
226,Somalia,Africa,Eastern Africa,Sub-Saharan Africa,568.0615707,505.5747889,62.4867818,0.0000
227,South Africa,Africa,Southern Africa,Sub-Saharan Africa,271885.1893,241977.814,29907.37527,0.0000
228,South Georgia and the South Sandwich Islands,Antarctica,,,0,0,0,0.0000
229,Spain,Europe,Southern Europe,Western Europe,0,0,0,0.0000
230,Spratly Islands,Asia,South-Eastern Asia,East Asia,0,0,0,0.0000
231,Sri Lanka,Asia,Southern Asia,South Asia,45408.81802,40413.84745,4994.970576,0.0000
233,Suriname,Americas,South America,Central & South America,12401.02702,11036.91402,1364.112999,0.0000
234,Svalbard and Jan Mayen Islands,Europe,Northern Europe,Western Europe,0,0,0,0.0000
235,Swaziland,Africa,Southern Africa,Sub-Saharan Africa,14043.37174,12498.60067,1544.771071,0.0000
236,Sweden,Europe,Northern Europe,Western Europe,0,0,0,0.0000
237,Switzerland,Europe,Western Europe,Western Europe,0,0,0,0.0000
238,Syrian Arab Republic,Asia,Western Asia,West Asia & Northern Africa,7.8137276,6.9542179,0.8595097,0.0000
239,Tajikistan,Asia,Central Asia,West Asia & Northern Africa,570.5406744,507.781189,62.7594854,0.0000
240,Thailand,Asia,South-Eastern Asia,East Asia,1306592.557,1162867.358,143725.1991,0.0000
241,The former Yugoslav Republic of Macedonia,Europe,Southern Europe,Western Europe,57063.76211,50786.74768,6277.014435,0.0000
242,Timor-Leste,Asia,South-Eastern Asia,East Asia,321434.5401,286076.7335,35357.80664,0.0000
243,Togo,Africa,Western Africa,Sub-Saharan Africa,300970.0869,267863.375,33106.71189,0.0000
244,Tokelau,Oceania,Polynesia,Oceania,0,0,0,0.0000
245,Tonga,Oceania,Polynesia,Oceania,55544.06836,49434.21875,6109.849609,0.0000
246,Trinidad and Tobago,Americas,Caribbean,Central & South America,4103.386829,3652.014249,451.3725796,0.0000
247,Tromelin Island,Africa,Eastern Africa,Sub-Saharan Africa,0,0,0,0.0000
248,Tunisia,Africa,Northern Africa,West Asia & Northern Africa,1120.992379,997.6832012,123.3091779,0.0000
249,Turkey,Asia,Western Asia,West Asia & Northern Africa,333.1724853,296.5235065,36.6489788,0.0000
250,Turkmenistan,Asia,Central Asia,West Asia & Northern Africa,10779.84497,9594.061818,1185.783154,0.0000
251,Turks and Caicos islands,Americas,Caribbean,Central & South America,0,0,0,0.0000
252,Tuvalu,Oceania,Polynesia,Oceania,0,0,0,0.0000
253,Uganda,Africa,Eastern Africa,Sub-Saharan Africa,1199768.739,1067794.164,131974.5748,0.0000
254,Ukraine,Europe,Eastern Europe,Eastern Europe,5277454.321,4696934.266,580520.0551,0.0000
255,United Arab Emirates,Asia,Western Asia,West Asia & Northern Africa,0,0,0,0.0000
256,U.K. of Great Britain and Northern Ireland,Europe,Northern Europe,Western Europe,0,0,0,0.0000
257,United Republic of Tanzania,Africa,Eastern Africa,Sub-Saharan Africa,233872.8082,208146.7956,25726.01266,0.0000
258,United States Virgin Islands,Americas,Caribbean,Central & South America,0,0,0,0.0000
259,United States of America,Americas,Northern America,North America,0,0,0,0.0000
260,Uruguay,Americas,South America,Central & South America,49918.98306,44427.89419,5491.088869,0.0000
261,Uzbekistan,Asia,Central Asia,West Asia & Northern Africa,63556.23458,56565.04802,6991.186562,0.0000
262,Vanuatu,Oceania,Melanesia,Oceania,62091.15569,55261.12725,6830.028441,0.0000
263,Venezuela,Americas,South America,Central & South America,825833.2338,734991.5665,90841.66733,0.0000
264,Viet Nam,Asia,South-Eastern Asia,East Asia,19214721.44,17101101.78,2113619.662,0.0000
265,Wake Island,Oceania,Micronesia,Oceania,0,0,0,0.0000
266,Wallis and Futuna,Oceania,Polynesia,Oceania,0,0,0,0.0000
267,West Bank,Asia,Western Asia,West Asia & Northern Africa,0,0,0,0.0000
268,Western Sahara,Africa,Northern Africa,West Asia & Northern Africa,0,0,0,0.0000
269,Yemen,Asia,Western Asia,West Asia & Northern Africa,0,0,0,0.0000
270,Zambia,Africa,Eastern Africa,Sub-Saharan Africa,366027.0338,325764.0553,40262.9785,0.0000
271,Zimbabwe,Africa,Eastern Africa,Sub-Saharan Africa,181648.2289,161666.9208,19981.30803,0.0000
2647,Montenegro,Europe,Southern Europe,Western Europe,8792.041695,7824.917089,967.1246052,0.0000
2648,Serbia,Europe,Southern Europe,Western Europe,1077216.323,958722.5144,118493.8089,0.0000
33364,Hong Kong,Asia,Eastern Asia,East Asia,0,0,0,0.0000
40760,Hala'ib triangle,Africa,Northern Africa,West Asia & Northern Africa,0,0,0,0.0000
40762,Ma'tan al-Sarra,Africa,Northern Africa,West Asia & Northern Africa,0,0,0,0.0000
40765,Egypt,Africa,Northern Africa,West Asia & Northern Africa,3352.89319,2984.074889,368.8183012,0.0000
40781,Jammu and Kashmir,Asia,Eastern Asia,East Asia,0,0,0,0.0000
61013,Ilemi triangle,Africa,Northern Africa,West Asia & Northern Africa,0,0,0,0.0000
74578,Azores Islands,Europe,Southern Europe,Western Europe,0,0,0,0.0000
