ADM0_CODE,ADM0_NAME,CONTINENT,REGION,REG_ANNEX5,Area,Crop_total_input,Crop_manure_input ,Crop_residue_input ,Crop_fertilizer_input ,Crop_BNF_input,Crop_atmospheric_input,Crop_total_output,Crop_total_stock_change,Crop_total_loss,Crop_total_ammonia,Crop_total_nitrous_oxide,crop_total_runoff_leaching,Blending_transport_concentrate,Feed_transport_processing,Field_operations,Trade
1,Afghanistan,Asia,Southern Asia,South Asia,43622.0301,1474181.691,422981.0232,481421.6652,146260.7502,328539.3525,94978.9045,2833307.002,-1559153.213,200027.9001,147364.4476,10276.5611,42386.8915,0,7905.1893,81073.8454,0
2,Aksai Chin,Asia,Eastern Asia,East Asia,2.2736,49.894,0.13,29.2227,0,18.3537,2.1877,173.1175,-126.55,3.3266,2.9483,0.2944,0.084,0,27.237,1.0163,0
3,Albania,Europe,Southern Europe,Western Europe,0,0.0033,0.0014,0.0004,0.0005,0.0008,0.0002,0.0054,-0.0027,0.0005,0.0004,0,0.0002,0,0,0,0
4,Algeria,Africa,Northern Africa,West Asia & Northern Africa,0,0,0,0,0,0,0,0,0,0,0,0,0,0,0,0,0
5,American Samoa,Oceania,Polynesia,Oceania,0,0,0,0,0,0,0,0,0,0,0,0,0,0,0,0,0
6,Sudan,Africa,Northern Africa,West Asia & Northern Africa,0,0,0,0,0,0,0,0,0,0,0,0,0,0,0,0,0
7,Andorra,Europe,Southern Europe,Western Europe,6.369,167.589,32.1783,6.926,0,63.6901,64.7945,758.8855,-599.6376,8.341,7.1283,0.475,0.7378,0,27.2946,8.2513,0
8,Angola,Africa,Middle Africa,Sub-Saharan Africa,76158.1671,5886886.999,4755419.48,317773.7579,104700.9512,601540.4287,107452.3939,9257353.3,-5697779.766,2327313.089,993331.4593,65426.6149,1268555.46,0,2823.9913,10321.9997,0
9,Anguilla,Americas,Caribbean,Central & South America,0,0,0,0,0,0,0,0,0,0,0,0,0,0,0,0,0
10,Antarctica,Antarctica,,,0,0,0,0,0,0,0,0,0,0,0,0,0,0,0,0,0
11,Antigua and Barbuda,Americas,Caribbean,Central & South America,1.6334,88.4064,50.7731,23.7846,3.3756,8.1669,2.3062,81.0521,-6.8943,14.2486,12.8706,0.7838,0.5941,0,0,0,0
12,Argentina,Americas,South America,Central & South America,132430.4067,6808490.994,2036486.57,1315452.519,2001312.537,1139556.373,315683.0924,19534677.98,-13965143.68,1238956.686,738973.8257,65865.4011,434117.4467,0,10806.361,223573.4912,0
13,Armenia,Asia,Western Asia,West Asia & Northern Africa,0,0,0,0,0,0,0,0,0,0,0,0,0,0,0,0,0
14,Aruba,Americas,Caribbean,Central & South America,0,0,0,0,0,0,0,0,0,0,0,0,0,0,0,0,0
15,Arunachal Pradesh,Asia,Eastern Asia,East Asia,6788.5426,232023.8942,48632.1104,115885.4111,0,36172.7348,31333.6343,443370.2933,-239741.1645,28394.7655,21314.9635,1310.5891,5769.2131,0,2931.0866,111.8101,0
16,Ashmore and Cartier Islands,Oceania,Australia and New Zealand,Oceania,0,0,0,0,0,0,0,0,0,0,0,0,0,0,0,0,0
17,Australia,Oceania,Australia and New Zealand,Oceania,191950.1782,13404485.28,4859348.812,849238.7426,4271282.841,3242750.672,181864.228,15610734.35,-6962534.092,4756284.98,1483921.934,167512.3497,3104836.952,5018.6992,28666.4132,79868.7151,0
18,Austria,Europe,Western Europe,Western Europe,0,0,0,0,0,0,0,0,0,0,0,0,0,0,0,0,0
19,Azerbaijan,Asia,Western Asia,West Asia & Northern Africa,4797.4241,306447.0894,169086.9516,44486.1548,21470.049,37106.1088,34297.8249,456601.019,-205108.2389,54954.3149,40413.0113,2705.214,11836.0907,0,1322.8315,7117.6589,0
20,Bahamas,Americas,Caribbean,Central & South America,0,0,0,0,0,0,0,0,0,0,0,0,0,0,0,0,0
21,Bahrain,Asia,Western Asia,West Asia & Northern Africa,26.5809,4758.7487,529.4258,650.8095,3273.5585,132.9047,172.0502,1971.2586,824.2594,1963.2306,498.3219,55.1907,1409.718,0,31.8824,30.8867,0
22,Baker Island,Americas,Northern America,North America,0,0,0,0,0,0,0,0,0,0,0,0,0,0,0,0,0
23,Bangladesh,Asia,Southern Asia,South Asia,0,0,0,0,0,0,0,0,0,0,0,0,0,0,0,0,0
24,Barbados,Americas,Caribbean,Central & South America,0,0,0,0,0,0,0,0,0,0,0,0,0,0,0,0,0
25,Bassas da India,Africa,Eastern Africa,Sub-Saharan Africa,0,0,0,0,0,0,0,0,0,0,0,0,0,0,0,0,0
26,Belarus,Europe,Eastern Europe,Eastern Europe,0,0,0,0,0,0,0,0,0,0,0,0,0,0,0,0,0
27,Belgium,Europe,Western Europe,Western Europe,0,0,0,0,0,0,0,0,0,0,0,0,0,0,0,0,0
28,Belize,Americas,Central America,Central & South America,4.9029,312.5133,41.3393,53.4041,163.0077,36.0497,18.7126,720.685,-495.6782,87.5065,29.909,3.1707,54.4267,0,0.9398,1.7436,0
29,Benin,Africa,Western Africa,Sub-Saharan Africa,9277.207,302829.6002,98434.5789,73263.6839,16019.6618,61319.8522,53791.8181,1090821.806,-825428.553,37436.3425,28615.2502,2262.7128,6558.3787,0,232.5608,438.89,0
30,Bermuda,Americas,Northern America,North America,0,0,0,0,0,0,0,0,0,0,0,0,0,0,0,0,0
31,Bhutan,Asia,Southern Asia,South Asia,1689.7357,73534.0062,11829.1517,27762.2612,15481.6447,10280.5143,8180.4351,146649.1339,-81716.991,8601.8635,6690.2209,482.1033,1429.5393,0,712.4933,9162.7196,0
32,Bird Island,Americas,Caribbean,Central & South America,0,0,0,0,0,0,0,0,0,0,0,0,0,0,0,0,0
33,Bolivia,Americas,South America,Central & South America,21770.3431,1239103.334,767730.5561,220258.3318,41648.5922,175675.3479,33790.4957,3209096.58,-2207109.953,237116.7162,179736.8054,12464.1381,44915.7747,0,6512.323,44932.5568,0
34,Bosnia and Herzegovina,Europe,Southern Europe,Western Europe,562.0747,66411.4604,18975.3729,10189.6442,12087.486,19370.0375,5788.9206,139190.5818,-82061.119,9281.9976,6022.7877,486.0172,2773.1927,37.4535,388.4551,1009.8509,0
35,Botswana,Africa,Southern Africa,Sub-Saharan Africa,111005.8945,4917703.258,828806.7907,313857.7599,2537078.314,851449.459,386510.8471,5444297.795,-2824676.624,2298082.119,450854.9617,54563.722,1792663.448,0,28.5274,139.8095,0
36,Bouvet Island,Antarctica,,,0,0,0,0,0,0,0,0,0,0,0,0,0,0,0,0,0
37,Brazil,Americas,South America,Central & South America,0,0,0,0,0,0,0,0,0,0,0,0,0,0,0,0,0
38,British Indian Ocean Territory,Africa,Eastern Africa,South Asia,0,0,0,0,0,0,0,0,0,0,0,0,0,0,0,0,0
39,British Virgin Islands,Americas,Caribbean,Central & South America,28.3456,3716.8877,2775.3755,435.7017,206.822,141.7281,157.2604,1218.009,434.6426,2064.2361,619.3275,44.7595,0,0,18.8889,19.3967,0
40,Brunei Darussalam,Asia,South-Eastern Asia,East Asia,58.722,12818.4104,7638.7474,971.4294,3646.0685,316.3362,245.8289,5356.7345,1382.8771,6078.7986,1989.4992,120.5112,3968.7881,0,53.8911,367.4779,0
41,Bulgaria,Europe,Eastern Europe,Eastern Europe,0,0,0,0,0,0,0,0,0,0,0,0,0,0,0,0,0
42,Burkina Faso,Africa,Western Africa,Sub-Saharan Africa,61960.6133,2835949.403,1704938.509,251450.2919,127849.2882,505967.1701,245744.1456,7444646.12,-5315656.669,706959.9559,378917.6587,31514.327,296527.9698,0,31.3599,7864.1123,0
43,Burundi,Africa,Eastern Africa,Sub-Saharan Africa,2133.4666,124139.0661,73098.9517,22000.5285,2519.2528,12265.1763,14255.1651,152334.1765,-63328.7205,35133.6182,17071.7688,1010.9754,17050.876,0,20.5421,1169.734,0
44,Cambodia,Asia,South-Eastern Asia,East Asia,33.5974,1773.0503,465.8425,553.9391,307.3592,217.2808,228.6285,4709.2574,-3145.5481,209.341,179.2983,12.1159,17.9267,0,16.9182,298.5161,0
45,Cameroon,Africa,Middle Africa,Sub-Saharan Africa,7509.5381,1203815.914,1016923.142,46408.2112,8751.3322,65129.5413,66603.6701,1844482.011,-934188.1712,293522.0899,208900.5969,15026.2615,69595.2333,0,2137.6455,1105.7207,0
46,Canada,Americas,Northern America,North America,833.6995,67903.4621,12170.8945,10048.9064,36685.5038,7794.3235,1203.8345,127368.0736,-76417.8764,16953.2653,7107.6199,679.6154,9135.5649,0,467.002,1492.7833,0
47,Cape Verde,Africa,Western Africa,Sub-Saharan Africa,0,0,0,0,0,0,0,0,0,0,0,0,0,0,0,0,0
48,Cayman Islands,Americas,Caribbean,Central & South America,0,0,0,0,0,0,0,0,0,0,0,0,0,0,0,0,0
49,Central African Republic,Africa,Middle Africa,Sub-Saharan Africa,28552.8421,1771809.862,1186846.986,145787.7857,196.4422,281825.4632,157153.1795,13285832.12,-11802691.14,288668.8086,251967.8211,24648.593,12052.3963,0,2391.6808,1035.291,0
50,Chad,Africa,Middle Africa,Sub-Saharan Africa,83523.9022,4007019.826,2738846.654,379015.8855,0,661583.5844,227573.729,7262783.896,-4175350.084,919586.0073,585670.9227,41873.4018,292041.6939,0,12843.8249,8579.3946,0
51,Chile,Americas,South America,Central & South America,0,0,0,0,0,0,0,0,0,0,0,0,0,0,0,0,0
52,China/India,Asia,Eastern Asia,East Asia,225.3366,5798.1206,281.8843,591.4404,2352.9259,2204.7462,367.1236,26464.4344,-21551.5406,885.2271,350.8135,37.1447,497.2689,0,280.7051,136.585,0
53,China,Asia,Eastern Asia,East Asia,1919769.6,300674497.8,56909674.03,44683635.8,168763976.4,12812332.94,17504871.03,256529228.3,-46475199.66,90620468.98,32726696.39,2995126.664,54898504.83,0,1343455.592,6906034.606,0
54,Christmas Island,Asia,South-Eastern Asia,East Asia,0,0,0,0,0,0,0,0,0,0,0,0,0,0,0,0,0
55,Clipperton Island,Americas,Central America,Central & South America,0,0,0,0,0,0,0,0,0,0,0,0,0,0,0,0,0
56,Cocos (Keeling) Islands,Asia,South-Eastern Asia,East Asia,0,0,0,0,0,0,0,0,0,0,0,0,0,0,0,0,0
57,Colombia,Americas,South America,Central & South America,42032.0606,6509719.024,1654551.91,502842.8876,3957157.948,318211.1222,76955.0012,6356172.022,-2898300.616,3051847.519,776910.4646,78745.3942,2193687.764,0,3674.8852,102683.2892,0
58,Comoros,Africa,Eastern Africa,Sub-Saharan Africa,2145.8113,67420.0588,13281.6114,39167.3358,0,10729.0564,4242.0543,129595.4027,-69845.4084,7670.065,6573.0558,460.6025,636.4067,0,0,0,0
59,Congo,Africa,Middle Africa,Sub-Saharan Africa,5324.8149,113171.8661,12855.4002,37518.5155,2595.2743,37443.0779,22759.598,968361.0258,-867467.1666,12278.0066,6582.4591,592.2364,5103.3111,0,307.4134,899.5642,0
60,Cook Islands,Oceania,Polynesia,Oceania,0,0,0,0,0,0,0,0,0,0,0,0,0,0,0,0,0
61,Costa Rica,Americas,Central America,Central & South America,27.7911,3689.3373,2150.4039,301.217,861.1797,262.0571,114.4796,10688.5076,-8006.1945,1007.0243,546.3205,44.6846,383.0552,0,16.6406,64.8423,0
62,Croatia,Europe,Southern Europe,Western Europe,0,0.0043,0.0002,0.0006,0.0024,0.0007,0.0004,0.0051,-0.0019,0.0012,0.0004,0,0.0008,0,0,0.0001,0
63,Cuba,Americas,Caribbean,Central & South America,6506.6073,365532.4044,86981.6341,91786.6353,114478.9619,42986.8656,29298.3106,500916.4988,-191259.4488,55875.3694,38022.8866,3225.948,14619.9711,0,2031.4165,20476.9183,0
64,Cyprus,Asia,Western Asia,West Asia & Northern Africa,0,0,0,0,0,0,0,0,0,0,0,0,0,0,0,0,0
65,Czech Republic,Europe,Eastern Europe,Eastern Europe,0,0,0,0,0,0,0,0,0,0,0,0,0,0,0,0,0
66,C?te d'Ivoire,Africa,Western Africa,Sub-Saharan Africa,4452.1519,186251.3576,90944.1773,29037.4365,2861.9887,40439.4604,22968.2978,1206637.912,-1047132.432,26745.8782,21378.778,1880.0079,3487.0933,0,753.6707,1627.8073,0
67,Dem People's Rep of Korea,Asia,Eastern Asia,East Asia,126675.4864,6441850.84,1697888.102,2014839.656,145469.8834,662890.7382,1920762.374,8067971.704,-2491941.671,865820.8065,555608.5667,36280.1217,273932.1181,0,46012.3077,302719.1333,0
68,Democratic Republic of the Congo,Africa,Middle Africa,Sub-Saharan Africa,77670.5195,3765830.888,2239192.575,581490.1176,29893.2175,471544.6486,443710.0544,7398572.78,-4739856.83,1107114.731,508976.8472,33391.669,564746.2479,0,6608.4544,27280.8286,0
69,Denmark,Europe,Northern Europe,Western Europe,7.5149,1139.6209,370.9106,181.8882,318.8738,194.523,73.4253,1635.8074,-707.0523,210.8658,124.2583,9.4852,76.7634,0.7426,6.1236,9.9237,0
70,Djibouti,Africa,Eastern Africa,Sub-Saharan Africa,5434.9263,248749.0868,164842.9497,7316.2748,0,54349.2632,22240.5938,673534.1554,-476962.1556,52177.0811,33700.217,2032.6302,16444.2343,0,368.3789,8.3416,0
71,Dominica,Americas,Caribbean,Central & South America,457.444,22663.5965,9291.3037,5511.2963,3840.4137,3130.3758,890.2078,18032.4953,764.9416,3866.1602,2793.4317,193.0774,879.6512,0,101.1879,91.9954,0
72,Dominican Republic,Americas,Caribbean,Central & South America,2871.4758,246126.5231,94958.2063,40618.5736,82775.2602,19804.2542,7970.2286,471676.2252,-303139.5535,77589.8519,31331.025,2615.1382,43643.6876,0,1324.8665,4356.6675,0
73,Ecuador,Americas,South America,Central & South America,0,0,0,0,0,0,0,0,0,0,0,0,0,0,0,0,0
74,South Sudan,Africa,Northern Africa,West Asia & Northern Africa,0,0,0,0,0,0,0,0,0,0,0,0,0,0,0,0,0
75,El Salvador,Americas,Central America,Central & South America,173.7068,21131.9947,4542.7595,2787.3603,11488.8781,1091.5257,1221.471,23280.4234,-9203.9494,7055.5208,2336.1758,244.5655,4474.7795,0,44.7528,352.6344,0
76,Equatorial Guinea,Africa,Middle Africa,Sub-Saharan Africa,8.668,240.7592,81.3016,43.0639,0,86.6796,29.7141,4152.2894,-3934.2705,22.7402,20.5667,2.0391,0.1344,0,11.2508,1.0183,0
77,Eritrea,Africa,Eastern Africa,Sub-Saharan Africa,60743.0717,1423350.265,477647.9717,377564.1635,28639.626,392633.5261,146864.9725,2365438.273,-1114380,172291.9807,136149.9744,9728.3547,26072.5751,0,262.5023,690.3867,0
78,Estonia,Europe,Northern Europe,Western Europe,0,0,0,0,0,0,0,0,0,0,0,0,0,0,0,0,0
79,Ethiopia,Africa,Eastern Africa,Sub-Saharan Africa,358810.0385,13679934.88,5810043.15,2017633.01,911574.2581,3095073.898,1845610.232,33851892.19,-22351848.39,2179891.009,1454929.437,110297.4972,614664.0972,0,6370.0833,940.6338,0
80,Europa Island,Africa,Eastern Africa,Sub-Saharan Africa,0,0,0,0,0,0,0,0,0,0,0,0,0,0,0,0,0
81,Falkland Islands (Malvinas),Americas,South America,Central & South America,0,11.9667,1.9921,1.6853,7.0158,0.4363,0.8372,6.679,1.0111,4.2767,1.2685,0.1287,2.7248,0,0.1206,0.1245,0
82,Faroe Islands,Europe,Northern Europe,Western Europe,2.7594,453.2201,132.1852,99.3502,167.6006,28.0965,25.9877,321.2804,18.759,113.1807,53.1321,4.4118,55.6368,0.6682,3.7921,4.5123,0
83,Fiji,Oceania,Melanesia,Oceania,880.25,69525.3683,6864.5898,14724,41751.1549,5287.6631,897.9602,45954.9857,7427.4749,16142.9075,7020.4332,697.0656,8401.2103,191.0565,676.9605,1193.6599,0
84,Finland,Europe,Northern Europe,Western Europe,89.8541,10069.6183,2292.369,1305.5102,4553.0696,1425.0673,493.6021,20184.4053,-11502.4724,1387.6854,1044.3318,85.4776,257.8761,5.3063,98.5741,203.86,0
85,France,Europe,Western Europe,Western Europe,0,0,0,0,0,0,0,0,0,0,0,0,0,0,0,0,0
86,French Guiana,Americas,South America,Central & South America,72.6108,1729.4436,332.2048,634.9275,0,697.9487,64.3624,2024.5218,-606.6304,311.552,129.9337,9.9068,171.7115,0,2.147,145.3202,0
87,French Polynesia,Oceania,Polynesia,Oceania,0,0,0,0,0,0,0,0,0,0,0,0,0,0,0,0,0
88,French Southern and Antarctic Territories,Antarctica,,,0,0,0,0,0,0,0,0,0,0,0,0,0,0,0,0,0
89,Gabon,Africa,Middle Africa,Sub-Saharan Africa,671.5335,15250.0903,2428.7459,4362.128,150.0754,6199.203,2109.9379,265267.5558,-251049.8534,1032.3883,936.9695,89.3845,6.0344,0,108.9757,35.8225,0
90,Gambia,Africa,Western Africa,Sub-Saharan Africa,1820.6655,61646.8462,21575.6389,20159.115,6269.6472,10888.0005,2754.4474,150213.1195,-96638.6799,8072.4044,6958.0039,515.989,598.4116,0,50.8535,4751.131,0
91,Gaza Strip,Asia,Western Asia,West Asia & Northern Africa,0,0,0,0,0,0,0,0,0,0,0,0,0,0,0,0,0
92,Georgia,Asia,Western Asia,West Asia & Northern Africa,0,0,0,0,0,0,0,0,0,0,0,0,0,0,0,0,0
93,Germany,Europe,Western Europe,Western Europe,386.2512,88731.3561,27076.6469,4177.1439,24174.0505,23938.162,9365.3533,181673.727,-105476.619,12534.2478,8250.4488,727.6233,3556.1758,46.4581,230.9795,581.0649,0
94,Ghana,Africa,Western Africa,Sub-Saharan Africa,35531.0996,1780615.821,986881.2922,269705.6755,44860.304,268985.039,210183.5339,5988436.884,-4506468.283,298647.1927,228832.8494,19552.071,50262.2687,0,4162.5447,5275.9836,0
95,Gibraltar,Europe,Southern Europe,Western Europe,0,0,0,0,0,0,0,0,0,0,0,0,0,0,0,0,0
96,Glorioso Island,Africa,Eastern Africa,Sub-Saharan Africa,0,0,0,0,0,0,0,0,0,0,0,0,0,0,0,0,0
97,Greece,Europe,Southern Europe,Western Europe,0,0.003,0.001,0.0003,0.001,0.0006,0.0001,0.0041,-0.0018,0.0007,0.0003,0,0.0004,0,0,0,0
98,Greenland,Americas,Northern America,North America,0,0,0,0,0,0,0,0,0,0,0,0,0,0,0,0,0
99,Grenada,Americas,Caribbean,Central & South America,262.2832,6931.2749,2548.7373,2547.3076,0,1649.7694,185.4605,8328.8423,-2291.525,893.9575,764.4782,51.5493,77.9299,0,0,0,0
100,Guadeloupe,Americas,Caribbean,Central & South America,677.5211,15643.7727,5358.9107,5604.0433,0,3724.2264,956.5921,13489.402,17.9837,2136.3867,1632.1864,112.5888,391.6114,0,125.5613,784.2417,0
101,Guam,Oceania,Micronesia,Oceania,0,0,0,0,0,0,0,0,0,0,0,0,0,0,0,0,0
102,Abyei,Africa,Northern Africa,West Asia & Northern Africa,0,0,0,0,0,0,0,0,0,0,0,0,0,0,0,0,0
103,Guatemala,Americas,Central America,Central & South America,1184.3313,154014.9704,78770.6212,12052.3415,48404.9595,8395.1287,6391.9186,250810.7125,-154063.4774,57267.7354,21799.854,1821.342,33646.5389,0,831.0343,2104.148,0
104,Guernsey,Europe,Northern Europe,Western Europe,6.0542,497.3963,138.7066,249.9641,0,30.2712,78.4544,774.0542,-333.3653,56.7074,52.7377,3.8873,0.0824,0,0,0,0
105,Guinea-Bissau,Africa,Western Africa,Sub-Saharan Africa,41.5141,1382.0049,703.7458,285.1035,0,300.1896,92.966,5902.7062,-4723.6993,202.998,169.2595,13.806,19.9325,0,0.8078,23.5687,0
106,Guinea,Africa,Western Africa,Sub-Saharan Africa,8905.0232,446277.374,251198.6724,81029.7146,3207.9674,69910.7783,40930.2366,1901750.515,-1531357.601,75884.4515,58663.5041,4769.2811,12451.6682,0,971.8368,12615.4961,0
107,Guyana,Americas,South America,Central & South America,3760.8214,195119.4828,32861.2022,55322.8922,72866.4328,26094.6925,7974.2678,321794.1473,-165278.0487,38603.3861,19391.1732,1676.2075,17536.0041,0,259.6514,3825.3629,0
108,Haiti,Americas,Caribbean,Central & South America,2653.6655,69652.8788,28544.8078,21230.1199,0,14800.0275,5077.9239,122765.6279,-63143.2215,10030.4713,7831.9736,538.9278,1659.5701,0,120.3094,2071.7779,0
109,Heard Island and McDonald Islands,Antarctica,,,0,0,0,0,0,0,0,0,0,0,0,0,0,0,0,0,0
110,Holy See,Europe,Southern Europe,Western Europe,0,0,0,0,0,0,0,0,0,0,0,0,0,0,0,0,0
111,Honduras,Americas,Central America,Central & South America,511.3271,69581.0161,42940.0923,4364.4246,17398.5402,3137.1258,1740.829,56603.158,-18939.8819,31917.7367,10764.315,870.2952,14304.3,0,66.5316,746.8834,0
112,Howland Island,Americas,Northern America,North America,0,0,0,0,0,0,0,0,0,0,0,0,0,0,0,0,0
113,Hungary,Europe,Eastern Europe,Eastern Europe,67.1184,8101.8747,1036.8596,1304.8552,2456.3553,2283.9952,1019.8095,18902.5624,-11796.1234,995.4357,583.493,53.3838,358.5589,4.7181,57.8549,125.2341,0
114,Iceland,Europe,Northern Europe,Western Europe,26.1375,1043.8473,137.9946,95.315,344.6174,427.6788,38.2415,3253.2585,-2329.4297,120.0185,71.5922,6.1224,42.3039,0.8432,8.5521,33.4125,0
115,India,Asia,Southern Asia,South Asia,284608.4625,39120399.44,6518602.605,4518199.226,21809406.52,1830634.352,4443556.352,23305519.59,-251054.8384,16065934.59,3936481.098,355520.6568,11771002.4,0,58903.3383,1588746.367,0
116,Indonesia,Asia,South-Eastern Asia,East Asia,7531.4519,1182525.411,301799.6521,185877.1603,624731.7823,43703.8136,26413.0061,1103065.614,-289545.7517,369005.5461,141420.8243,9829.0911,217508.5884,0,3539.9604,66248.9779,0
117,Iran  (Islamic Republic of),Asia,Southern Asia,South Asia,260324.7406,28090964.76,5225279.116,4757949.363,15324991.39,1868203.373,914541.3376,19599561.73,681816.9821,7809586.022,3053349.916,266995.3541,4489229.542,34801.2211,78726.1701,480362.6396,15815.9616
118,Iraq,Asia,Western Asia,West Asia & Northern Africa,0,0,0,0,0,0,0,0,0,0,0,0,0,0,0,0,0
119,Ireland,Europe,Northern Europe,Western Europe,111.1766,25115.1211,9400.543,1254.67,7868.4373,5866.6195,724.8517,46133.8798,-25089.8514,4071.0931,2792.4193,233.5987,1045.0751,9.2513,61.1655,129.6896,0
120,Isle of Man,Europe,Northern Europe,Western Europe,0.5435,23.5416,12.9715,2.105,0,5.435,3.0302,227.3399,-206.9548,3.1565,2.8048,0.1523,0.1994,0,0,0,0
121,Israel,Asia,Western Asia,West Asia & Northern Africa,0,0,0,0,0,0,0,0,0,0,0,0,0,0,0,0,0
122,Italy,Europe,Southern Europe,Western Europe,0,0,0,0,0,0,0,0,0,0,0,0,0,0,0,0,0
123,Jamaica,Americas,Caribbean,Central & South America,0,0,0,0,0,0,0,0,0,0,0,0,0,0,0,0,0
126,Japan,Asia,Eastern Asia,East Asia,213.6537,24817.5584,9460.133,2888.4668,9478.5577,1816.3512,1174.0498,29965.2619,-11220.3515,6072.6479,3128.7291,276.8409,2666.0147,0,137.3768,405.9422,0
127,Jarvis Island,Americas,Northern America,North America,0,0,0,0,0,0,0,0,0,0,0,0,0,0,0,0,0
128,Jersey,Europe,Northern Europe,Western Europe,0,0,0,0,0,0,0,0,0,0,0,0,0,0,0,0,0
129,Johnston Atoll,Americas,Northern America,North America,0,0,0,0,0,0,0,0,0,0,0,0,0,0,0,0,0
130,Jordan,Asia,Western Asia,West Asia & Northern Africa,0,0,0,0,0,0,0,0,0,0,0,0,0,0,0,0,0
131,Juan de Nova Island,Africa,Eastern Africa,Sub-Saharan Africa,0,0,0,0,0,0,0,0,0,0,0,0,0,0,0,0,0
132,Kazakhstan,Asia,Central Asia,West Asia & Northern Africa,112407.8683,2687482.307,612671.6658,1009969.826,106106.3338,732060.2262,226674.2792,6640604.251,-4229563.446,276441.4605,234141.9525,17140.1172,25159.3953,0,2176.2068,227254.6464,0
133,Kenya,Africa,Eastern Africa,Sub-Saharan Africa,296020.2683,21105510.66,14012010.1,1613496.855,1325541.294,2478074.006,1676388.432,45978149.69,-31672871.28,6800232.208,3096305.803,230298.5111,3473628.189,0,9403.6748,66039.313,0
134,Kingman Reef,Americas,Northern America,North America,0,0,0,0,0,0,0,0,0,0,0,0,0,0,0,0,0
135,Kiribati,Oceania,Micronesia,Oceania,131.9387,17284.8506,920.9278,2403.527,12708.1709,659.6934,592.5326,7110.8547,2759.63,7414.3662,1695.3554,202.0164,5516.9944,29.9997,103.1821,175.8725,0
136,Kuril islands,Asia,Eastern Asia,East Asia,0.7759,31.1718,3.4414,23.2989,0,4.2674,0.1642,139.431,-111.5614,3.3022,3.0182,0.2728,0.0113,0,12.7521,0.0564,0
137,Kuwait,Asia,Western Asia,West Asia & Northern Africa,18927.8076,1532443.781,1034704.094,31502.796,233361.076,193781.9064,39093.9295,390978.51,384415.7469,757049.557,233427.1986,17096.6292,506525.7117,170.967,1642.9443,11346.2534,0
138,Kyrgyzstan,Asia,Central Asia,West Asia & Northern Africa,21055.49,938979.33,371432.3805,158242.4533,168655.4579,164406.925,76242.1158,2026669.068,-1277474.029,189784.2924,106976.2675,7727.8831,75080.142,0,1504.2725,30378.2489,0
139,Lao People's Democratic Republic,Asia,South-Eastern Asia,East Asia,4371.7312,279348.2162,135040.9401,66926.7292,13476.2002,31408.8456,32495.502,949346.831,-713294.6557,43296.0391,35048.4811,2309.9058,5937.652,0,4606.9849,15963.8405,0
140,Latvia,Europe,Northern Europe,Western Europe,0,0,0,0,0,0,0,0,0,0,0,0,0,0,0,0,0
141,Lebanon,Asia,Western Asia,West Asia & Northern Africa,0,0,0,0,0,0,0,0,0,0,0,0,0,0,0,0,0
142,Lesotho,Africa,Southern Africa,Sub-Saharan Africa,13637.6906,407343.2997,163945.0014,64559.6259,0,111666.1138,67172.5534,2963228.085,-2611368.793,55483.9996,39244.9627,2621.3507,13617.6859,0,0,14.3195,0
144,Liberia,Africa,Western Africa,Sub-Saharan Africa,2040.7226,90222.646,49906.8,14444.1969,0,11169.3444,14702.3104,116220.5189,-52165.3973,26167.5291,11425.7803,731.4395,14010.3086,0,48.7825,645.267,0
145,Libya,Africa,Northern Africa,West Asia & Northern Africa,90757.3951,6515471.855,4832174.853,276615.5268,594645.0499,712790.7521,99246.2394,1260108.009,1751660.049,3503704.658,1053561.033,75065.6977,2375077.484,0,6774.3489,169482.5899,0
146,Liechtenstein,Europe,Western Europe,Western Europe,6.7202,676.4285,433.4495,36.8283,0,80.9606,125.1901,446.3334,-20.2999,250.395,90.3727,6.537,153.4852,0.5371,4.5667,9.248,0
147,Lithuania,Europe,Northern Europe,Western Europe,0,0,0,0,0,0,0,0,0,0,0,0,0,0,0,0,0
148,Luxembourg,Europe,Western Europe,Western Europe,3.5153,1353.3356,594.5313,65.3746,325.4822,250.4113,117.5362,1907.2832,-792.0036,238.056,157.9919,15.2654,64.7987,0.4428,2.7684,4.9116,0
149,Macau,Asia,Eastern Asia,East Asia,0,0,0,0,0,0,0,0,0,0,0,0,0,0,0,0,0
150,Madagascar,Africa,Eastern Africa,Sub-Saharan Africa,11695.1033,374412.5042,159759.3055,96149.6402,4674.4289,99263.0292,14566.1024,2950067.546,-2626051.099,50396.0475,42034.2684,2871.0671,5490.712,0,385.7811,10386.4246,0
151,Madeira Islands,Europe,Southern Europe,Western Europe,0,0,0,0,0,0,0,0,0,0,0,0,0,0,0,0,0
152,Malawi,Africa,Eastern Africa,Sub-Saharan Africa,38816.8068,3039920.5,1643871.15,374688.0759,667271.2912,243593.7601,110496.1811,3190819.633,-903121.7623,752222.5878,432970.1579,34282.6237,284969.7993,0,3921.8778,4133.5759,0
153,Malaysia,Asia,South-Eastern Asia,East Asia,5871.6365,776574.0856,147229.2945,96964.3753,468220.8721,33947.1129,30212.4407,721261.5227,-255951.8295,311264.3923,85964.3831,8047.3823,217216.0586,0,3072.2131,18518.4039,0
154,Maldives,Asia,Southern Asia,South Asia,0,0,0,0,0,0,0,0,0,0,0,0,0,0,0,0,0
155,Mali,Africa,Western Africa,Sub-Saharan Africa,0,0,0,0,0,0,0,0,0,0,0,0,0,0,0,0,0
156,Malta,Europe,Southern Europe,Western Europe,0,0,0,0,0,0,0,0,0,0,0,0,0,0,0,0,0
157,Marshall Islands,Oceania,Micronesia,Oceania,0,0,0,0,0,0,0,0,0,0,0,0,0,0,0,0,0
158,Martinique,Americas,Caribbean,Central & South America,0,126.6595,21.5459,60.8749,0,43.0219,1.2168,249.8344,-134.8426,11.6677,10.3967,0.8276,0.4435,0,0,0,0
159,Mauritania,Africa,Western Africa,Sub-Saharan Africa,118596.315,19763138.53,18315371.59,398072.1325,0,921481.7563,128212.3291,3697618.379,5547576.723,10517942.98,3702881.334,238241.7556,6576818.891,0,31937.7331,15222.1438,0
160,Mauritius,Africa,Eastern Africa,Sub-Saharan Africa,0,0,0,0,0,0,0,0,0,0,0,0,0,0,0,0,0
161,Mayotte,Africa,Eastern Africa,Sub-Saharan Africa,0,0,0,0,0,0,0,0,0,0,0,0,0,0,0,0,0
162,Mexico,Americas,Central America,Central & South America,166472.4827,15108825.26,3329307.92,1728730.5,7648421.147,1353988.624,1048376.857,21110644.45,-10893504.07,4891684.767,1603576.746,164934.0319,3123173.844,0,25549.3099,223293.2581,0
163,Micronesia (Federated States of),Oceania,Micronesia,Oceania,26.288,8561.9246,5366.9335,551.0599,2375.0817,131.4399,137.4097,1491.2706,2546.0027,4524.6515,1366.0009,105.9986,3019.3844,5.9417,20.6089,41.4579,0
164,Midway Island,Americas,Northern America,North America,0,0,0,0,0,0,0,0,0,0,0,0,0,0,0,0,0
165,"Moldova, Republic of",Europe,Eastern Europe,Eastern Europe,0,0,0,0,0,0,0,0,0,0,0,0,0,0,0,0,0
166,Monaco,Europe,Western Europe,Western Europe,0,0,0,0,0,0,0,0,0,0,0,0,0,0,0,0,0
167,Mongolia,Asia,Eastern Asia,East Asia,128179.107,8544984.263,1391270.599,1764233.201,4127190.951,862708.1442,399581.3602,9257384.03,-3064522.34,2352122.6,867396.5709,83876.1514,1400849.901,0,70085.0002,52740.8182,0
168,Montserrat,Americas,Caribbean,Central & South America,25.2746,1371.6247,206.5308,1003.0355,0,126.3732,35.6853,3716.8496,-2503.7223,158.4975,141.6097,12.1316,4.7562,0,0,0,0
169,Morocco,Africa,Northern Africa,West Asia & Northern Africa,33229.6815,946686.3331,328801.8135,90693.5099,174309.7947,300769.062,52112.1358,817171.729,-58873.6828,188388.2492,92260.6947,6616.3301,89511.2249,0,1952.1665,14842.5028,0
170,Mozambique,Africa,Eastern Africa,Sub-Saharan Africa,63941.6193,1809212.658,457070.004,533548.4192,196818.3028,450628.002,171147.8965,10303132.1,-8708864.595,214945.1741,164450.6738,14525.0555,35969.4464,0,2864.929,21609.8197,0
171,Myanmar,Asia,South-Eastern Asia,East Asia,4290.7148,280681.3533,106505.9166,74598.496,32382.9263,28421.6449,38772.3727,691026.0211,-450382.849,40038.1845,31999.3256,2131.3795,5906.9278,0,2844.9051,17800.7244,0
172,Namibia,Africa,Southern Africa,Sub-Saharan Africa,167562.4469,3626511.105,1126420.907,638593.3294,151822.7375,1482600.762,227073.3126,7216930.107,-4546711.547,956292.5313,304325.7978,25572.4942,626394.2271,0,8323.3181,2240.7613,0
173,Nauru,Oceania,Micronesia,Oceania,0,0,0,0,0,0,0,0,0,0,0,0,0,0,0,0,0
174,Navassa Island,Americas,Northern America,North America,0,0,0,0,0,0,0,0,0,0,0,0,0,0,0,0,0
175,Nepal,Asia,Southern Asia,South Asia,62867.0633,5635818.624,2226823.155,914508.1864,959330.9279,371369.8101,1163786.527,5761238.932,-1587278.43,1461858.099,632748.5411,51692.3026,777417.2648,0,25757.4154,171750.8593,0
176,Netherlands Antilles,Americas,Caribbean,Central & South America,0,0,0,0,0,0,0,0,0,0,0,0,0,0,0,0,0
177,Netherlands,Europe,Western Europe,Western Europe,0,0,0,0,0,0,0,0,0,0,0,0,0,0,0,0,0
178,New Caledonia,Oceania,Melanesia,Oceania,35.6027,3908.1154,187.1692,633.5971,2832.501,218.4841,36.364,2059.1533,512.7921,1336.17,384.0436,43.3996,781.257,7.5505,33.086,45.9259,2.5112
179,New Zealand,Oceania,Australia and New Zealand,Oceania,979.8599,302091.3992,189921.2196,12302.7706,43821.6545,54946.2334,1099.5196,395189.7892,-153682.6627,60584.2712,43596.6861,4391.6063,12593.4374,108.1834,489.3505,981.3995,0
180,Nicaragua,Americas,Central America,Central & South America,71.6801,6099.4455,3325.9112,636.5365,1302.0614,478.8648,356.0716,12028.8085,-7649.5604,1720.1973,859.042,79.3873,781.768,0,12.5878,114.119,0
181,Niger,Africa,Western Africa,Sub-Saharan Africa,27870.0183,1170582.108,790694.9542,138860.6353,4267.4021,196961.9166,39797.1899,1347289.911,-550470.9726,373763.1654,172451.7968,11464.7206,189846.6376,0,4120.6857,4808.639,0
182,Nigeria,Africa,Western Africa,Sub-Saharan Africa,117407.065,8565418.422,6166166.407,536112.3854,119581.0765,1034314.332,709244.2543,17835371.72,-11465754.12,2195800.754,1298802.659,86063.4757,810934.621,0,14167.5529,25575.0976,0
183,Niue,Oceania,Polynesia,Oceania,0,0,0,0,0,0,0,0,0,0,0,0,0,0,0,0,0
184,Norfolk Island,Oceania,Australia and New Zealand,Oceania,0,0,0,0,0,0,0,0,0,0,0,0,0,0,0,0,0
185,Northern Mariana Islands,Oceania,Micronesia,Oceania,0,0,0,0,0,0,0,0,0,0,0,0,0,0,0,0,0
186,Norway,Europe,Northern Europe,Western Europe,0,0,0,0,0,0,0,0,0,0,0,0,0,0,0,0,0
187,Oman,Asia,Western Asia,West Asia & Northern Africa,0,0,0,0,0,0,0,0,0,0,0,0,0,0,0,0,0
188,Pakistan,Asia,Southern Asia,South Asia,1578477.806,119345096.4,52489383.2,7300848.651,35973119.97,14375262.12,9206482.146,44015216.75,20733557.15,54596322.39,14825273.51,1196052.141,38574996.76,0,57567.8321,956235.8499,0
189,Palau,Oceania,Micronesia,Oceania,0,0,0,0,0,0,0,0,0,0,0,0,0,0,0,0,0
190,Palmyra Atoll,Americas,Northern America,North America,0,0,0,0,0,0,0,0,0,0,0,0,0,0,0,0,0
191,Panama,Americas,Central America,Central & South America,175.6745,11532.2861,4472.8132,1691.434,3718.0961,1012.5658,637.377,12408.2817,-4451.2195,3575.2236,1435.5156,110.967,2028.372,0,16.5939,444.6137,0
192,Papua New Guinea,Oceania,Melanesia,Oceania,0,0,0,0,0,0,0,0,0,0,0,0,0,0,0,0,0
193,Paracel Islands,Asia,South-Eastern Asia,East Asia,0,0,0,0,0,0,0,0,0,0,0,0,0,0,0,0,0
194,Paraguay,Americas,South America,Central & South America,2016.8737,154282.7097,81703.5331,28444.0479,20315.5089,16559.6673,7259.9527,452706.6119,-324369.1608,25945.2573,21216.6622,1931.4225,2797.1727,0,175.0992,4106.1282,0
195,Peru,Americas,South America,Central & South America,40003.3184,2138118.354,731196.5141,344874.5295,680801.5112,330027.7457,51218.0759,3931133.987,-2244116.221,451100.5866,248806.9065,18768.651,183525.0255,0,8977.7081,88072.5087,0
196,Philippines,Asia,South-Eastern Asia,East Asia,15561.0902,1493998.942,272867.2232,313504.0071,763815.9183,89244.3771,54567.37,1504899.803,-313909.4081,303008.5206,162305.4369,12643.4135,127644.3042,0,6240.7179,46734.2216,0
197,Pitcairn,Oceania,Polynesia,Oceania,0,0,0,0,0,0,0,0,0,0,0,0,0,0,0,0,0
198,Poland,Europe,Eastern Europe,Eastern Europe,0,0,0,0,0,0,0,0,0,0,0,0,0,0,0,0,0
199,Portugal,Europe,Southern Europe,Western Europe,6296.6152,720949.9651,245044.108,63972.2607,163962.7064,207936.6412,40034.2552,1468362.54,-862835.669,115423.094,71802.319,6554.3614,37066.414,403.4624,3652.3003,9744.9277,0
200,Puerto Rico,Americas,Caribbean,Central & South America,9.2767,674.5399,466.2349,110.8621,0,61.4686,35.9743,1861.1058,-1317.1466,130.5808,104.3332,6.0565,20.191,0,1.6863,0.2708,0
201,Qatar,Asia,Western Asia,West Asia & Northern Africa,0,0,0,0,0,0,0,0,0,0,0,0,0,0,0,0,0
202,Republic of Korea,Asia,Eastern Asia,East Asia,832.0392,158178.8661,65600.4521,11186.0402,65196.6384,6854.273,9341.4612,115833.2695,-22384.0903,64729.6873,20758.3584,1799.6548,42170.4719,0,625.953,1704.0452,0
203,Romania,Europe,Eastern Europe,Eastern Europe,6409.8505,784203.9777,272497.1376,84522.7081,150263.8564,186498.1651,90422.1206,1414439.381,-762349.3104,132113.9131,77978.0848,6294.4488,47841.3795,348.0345,3945.3661,11775.0686,0
204,Russian Federation,Europe,Eastern Europe,Russian Federation,3522.5823,219149.0892,32431.6025,36476.574,57218.7544,79349.369,13672.789,553438.1816,-357204.1591,22915.0664,15855.853,1367.8184,4688.9819,125.1718,1358.1166,4985.8695,0
205,Rwanda,Africa,Eastern Africa,Sub-Saharan Africa,2559.9276,108269.7015,56401.2716,22389.3725,404.1472,13962.4728,15112.4358,142765.8279,-54747.0816,20250.9606,13559.6066,960.605,5730.7499,0,0,1.5252,0
206,R?union,Africa,Eastern Africa,Sub-Saharan Africa,0,0,0,0,0,0,0,0,0,0,0,0,0,0,0,0,0
207,Saint Helena,Africa,Western Africa,Sub-Saharan Africa,0,0,0,0,0,0,0,0,0,0,0,0,0,0,0,0,0
208,Saint Kitts and Nevis,Americas,Caribbean,Central & South America,0,0,0,0,0,0,0,0,0,0,0,0,0,0,0,0,0
209,Saint Lucia,Americas,Caribbean,Central & South America,0,0,0,0,0,0,0,0,0,0,0,0,0,0,0,0,0
210,Saint Pierre et Miquelon,Americas,Northern America,Oceania,0,0,0,0,0,0,0,0,0,0,0,0,0,0,0,0,0
211,Saint Vincent and the Grenadines,Americas,Caribbean,Central & South America,15.6353,1074.9867,316.269,356.7806,0,390.8814,11.0557,1464.2509,-502.9518,113.6875,98.9319,6.7907,7.965,0,0,0,0
212,Samoa,Oceania,Polynesia,Oceania,0,0,0,0,0,0,0,0,0,0,0,0,0,0,0,0,0
213,San Marino,Europe,Southern Europe,Western Europe,0,0,0,0,0,0,0,0,0,0,0,0,0,0,0,0,0
214,Sao Tome and Principe,Africa,Middle Africa,Sub-Saharan Africa,44.8092,1059.3237,264.0667,418.663,0,224.0458,152.5483,1316.6968,-367.5265,110.1534,94.6796,6.8921,8.5816,0,0,0,0
215,Saudi Arabia,Asia,Western Asia,West Asia & Northern Africa,0,0,0,0,0,0,0,0,0,0,0,0,0,0,0,0,0
216,Scarborough Reef,Asia,South-Eastern Asia,East Asia,0,0,0,0,0,0,0,0,0,0,0,0,0,0,0,0,0
217,Senegal,Africa,Western Africa,Sub-Saharan Africa,17316.7916,1889129.296,1560112.182,111303.5604,41100.5417,139254.9965,37357.9464,2354368.344,-1132124.056,666884.8735,327262.834,33781.6199,305840.4125,0,1040.4193,6415.6164,0
218,Senkaku Islands,Asia,Eastern Asia,East Asia,0,0,0,0,0,0,0,0,0,0,0,0,0,0,0,0,0
220,Seychelles,Africa,Eastern Africa,Sub-Saharan Africa,0,0,0,0,0,0,0,0,0,0,0,0,0,0,0,0,0
221,Sierra Leone,Africa,Western Africa,Sub-Saharan Africa,4338.0265,339962.7281,229096.417,59455.9164,0,29639.4462,21770.96,677259.5533,-436602.7782,99305.9711,51764.8693,3075.9856,44465.11,0,1800.3204,14743.1956,0
222,Singapore,Asia,South-Eastern Asia,East Asia,1.7062,577.087,544.6981,1.421,0,17.062,13.9059,130.5061,142.5557,304.0251,109.0817,6.9001,188.0433,0,1.3731,0.7634,0
223,Slovakia,Europe,Eastern Europe,Eastern Europe,0,0,0,0,0,0,0,0,0,0,0,0,0,0,0,0,0
224,Slovenia,Europe,Southern Europe,Western Europe,365.1513,64004.2091,15692.1739,7523.199,20589.8241,13828.5951,6370.4172,102680.4016,-50242.4661,11566.2744,5949.7371,530.6363,5085.901,28.2597,311.762,641.1776,0
225,Solomon Islands,Oceania,Melanesia,Oceania,1103.7101,137790.149,5386.9661,15404.0787,109038.4199,6924.5546,1036.1208,64955.954,18110.61,54723.5845,13521.6429,1597.572,38939.9957,298.9139,1080.9676,1217.3989,111.8463
226,Somalia,Africa,Eastern Africa,Sub-Saharan Africa,0,0,0,0,0,0,0,0,0,0,0,0,0,0,0,0,0
227,South Africa,Africa,Southern Africa,Sub-Saharan Africa,202737.8361,14807535.88,9043637.461,900948.0776,2445840.864,1908414.791,508694.1635,16258613.95,-6820073.865,5368995.151,2143406.363,162745.8571,3062842.922,0,24751.7439,91023.8154,0
228,South Georgia and the South Sandwich Islands,Antarctica,,,0,0,0,0,0,0,0,0,0,0,0,0,0,0,0,0,0
229,Spain,Europe,Southern Europe,Western Europe,9571.7616,1099529.03,369319.2235,96515.7347,326301.9719,248331.5736,59060.5326,1814824.156,-931398.2279,216103.099,116145.6151,9458.9563,90498.5274,356.8592,6696.167,29594.1282,0
230,Spratly Islands,Asia,South-Eastern Asia,East Asia,0,0,0,0,0,0,0,0,0,0,0,0,0,0,0,0,0
231,Sri Lanka,Asia,Southern Asia,South Asia,0,0,0,0,0,0,0,0,0,0,0,0,0,0,0,0,0
233,Suriname,Americas,South America,Central & South America,42.4235,7046.476,432.4766,1144.5657,4674.5256,709.6839,85.2243,8314.4345,-3151.2606,1883.3021,668.4044,61.6095,1153.2881,0,35.0519,202.3792,0
234,Svalbard and Jan Mayen Islands,Europe,Northern Europe,Western Europe,0,0,0,0,0,0,0,0,0,0,0,0,0,0,0,0,0
235,Swaziland,Africa,Southern Africa,Sub-Saharan Africa,5806.2167,284660.8208,162778.7772,46513.0839,0,46230.1339,29138.8235,1081495.791,-852264.6338,55429.6512,37207.0647,3218.2925,15004.2945,0,0,247.6876,0
236,Sweden,Europe,Northern Europe,Western Europe,5.1106,318.7085,63.8756,40.6656,111.4383,87.2036,15.5253,841.3765,-553.5655,30.8975,27.9855,2.1801,0.7319,0.1982,3.5387,10.5455,0
237,Switzerland,Europe,Western Europe,Western Europe,0,0.0076,0.0026,0.0004,0.0018,0.0018,0.0009,0.0145,-0.0082,0.0013,0.0007,0.0001,0.0005,0,0,0.0001,0
238,Syrian Arab Republic,Asia,Western Asia,West Asia & Northern Africa,0,0,0,0,0,0,0,0,0,0,0,0,0,0,0,0,0
239,Tajikistan,Asia,Central Asia,West Asia & Northern Africa,35051.4843,2188004.032,763882.0261,267827.8757,728988.5365,283119.9076,144185.7158,3244205.645,-1674734.867,618533.2546,252458.0467,22208.711,343866.4989,0,2457.725,43748.5344,0
240,Thailand,Asia,South-Eastern Asia,East Asia,1560.5738,213953.5357,14265.1771,29597.6694,152426.4662,9383.2375,8280.9881,165104.6343,-38783.2671,87632.1683,21055.4494,2141.3365,64290.8119,0,988.1425,11578.6995,0
241,The former Yugoslav Republic of Macedonia,Europe,Southern Europe,Western Europe,0,0,0,0,0,0,0,0,0,0,0,0,0,0,0,0,0
242,Timor-Leste,Asia,South-Eastern Asia,East Asia,104.7781,3442.632,558.2763,1687.5384,410.4647,532.0568,254.2958,6033.9762,-2984.6422,393.2981,321.4556,24.2105,47.6321,0,22.8268,200.3564,0
243,Togo,Africa,Western Africa,Sub-Saharan Africa,9617.9237,272576.5851,58210.4386,72428.2561,20907.0931,64501.8228,56528.9811,1147701.72,-900525.6917,25400.563,20975.6229,1794.0254,2630.915,0,23.7542,955.0358,0
244,Tokelau,Oceania,Polynesia,Oceania,0,0,0,0,0,0,0,0,0,0,0,0,0,0,0,0,0
245,Tonga,Oceania,Polynesia,Oceania,0,0,0,0,0,0,0,0,0,0,0,0,0,0,0,0,0
246,Trinidad and Tobago,Americas,Caribbean,Central & South America,183.2774,66125.5788,39519.4355,2821.0733,22106.6772,952.9689,725.4247,11655.5843,17224.6495,37245.3445,10396.662,708.8186,26139.8639,0,54.7819,43.1987,0
247,Tromelin Island,Africa,Eastern Africa,Sub-Saharan Africa,0,0,0,0,0,0,0,0,0,0,0,0,0,0,0,0,0
248,Tunisia,Africa,Northern Africa,West Asia & Northern Africa,3390.7231,903660.7993,831900.7128,15009.8962,17425.8647,28724.6225,10599.6441,102989.2663,296251.5354,504419.9906,169623.7162,11137.2654,323658.9936,0,461.0877,3971.5626,0
249,Turkey,Asia,Western Asia,West Asia & Northern Africa,0,0,0,0,0,0,0,0,0,0,0,0,0,0,0,0,0
250,Turkmenistan,Asia,Central Asia,West Asia & Northern Africa,160205.2542,4740295.592,1704531.942,1634242.518,0,1089228.944,312292.1582,8291542.203,-4157673.157,606426.4667,504330.6363,34016.5172,68079.3141,0,9707.277,251038.4165,0
251,Turks and Caicos islands,Americas,Caribbean,Central & South America,0,0,0,0,0,0,0,0,0,0,0,0,0,0,0,0,0
252,Tuvalu,Oceania,Polynesia,Oceania,0,0,0,0,0,0,0,0,0,0,0,0,0,0,0,0,0
253,Uganda,Africa,Eastern Africa,Sub-Saharan Africa,28834.3332,3739892.38,2989314.907,317505.2521,36035.8437,193385.1463,203651.6211,3715771.905,-1365001.637,1389122.514,633217.0787,43472.3423,712432.8713,0,36698.2461,3636.9053,0
254,Ukraine,Europe,Eastern Europe,Eastern Europe,0,0,0,0,0,0,0,0,0,0,0,0,0,0,0,0,0
255,United Arab Emirates,Asia,Western Asia,West Asia & Northern Africa,14611.5342,2678075.916,1070505.324,283779.9784,1168487.474,125417.2243,29885.8812,1372760.229,279392.1771,1025923.469,359327.8012,30093.7415,636342.3482,0,5508.6209,6611.7384,0
256,U.K. of Great Britain and Northern Ireland,Europe,Northern Europe,Western Europe,354.9927,68089.5655,24549.9336,4908.136,19128.246,16160.0571,3343.1923,129705.4615,-72466.917,10851.0209,7313.625,622.9364,2912.7468,26.5562,221.5861,484.3813,0
257,United Republic of Tanzania,Africa,Eastern Africa,Sub-Saharan Africa,52398.7288,4560848.746,3362481.747,400607.1926,159283.8664,362648.8815,275827.388,7841544.364,-4321357.68,1040662.274,728485.4335,46090.9628,266085.8908,0,3856.9547,15839.3677,0
258,United States Virgin Islands,Americas,Caribbean,Central & South America,0,0,0,0,0,0,0,0,0,0,0,0,0,0,0,0,0
259,United States of America,Americas,Northern America,North America,64079.2742,4045808.224,1549807.427,803101.1564,664929.193,609934.1934,418036.2038,9741972.371,-6272190.041,576025.8748,456764.5189,32407.1066,86854.2488,0,20533.6486,71338.4093,0
260,Uruguay,Americas,South America,Central & South America,122.4458,11587.088,3920.4671,2136.6444,3301.311,1216.4604,1012.2052,33194.4391,-23430.0227,1822.6715,1327.889,116.1602,378.6223,0,20.1889,267.3574,0
261,Uzbekistan,Asia,Central Asia,West Asia & Northern Africa,0,0,0,0,0,0,0,0,0,0,0,0,0,0,0,0,0
262,Vanuatu,Oceania,Melanesia,Oceania,175.5179,13834.3029,814.526,1757.3117,10258.9149,877.5895,125.9609,4883.3493,2394.5914,6556.3626,1364.5279,166.284,4801.4292,19.0527,68.5211,262.6474,0
263,Venezuela,Americas,South America,Central & South America,31155.6471,3067865.184,871117.6236,321431.4945,1528420.532,230812.0489,116083.4738,4625849.628,-2758366.432,1200381.923,359208.7275,35418.8994,803818.2696,0,1457.7974,25197.1543,0
264,Viet Nam,Asia,South-Eastern Asia,East Asia,8162.8923,1160241.075,211062.6483,164939.1693,673706.1758,52182.2434,58350.8249,1426954.928,-690306.7104,423592.8429,126077.0636,9293.1251,288144.98,0,5013.0267,95267.049,0
265,Wake Island,Oceania,Micronesia,Oceania,0,0,0,0,0,0,0,0,0,0,0,0,0,0,0,0,0
266,Wallis and Futuna,Oceania,Polynesia,Oceania,0,0,0,0,0,0,0,0,0,0,0,0,0,0,0,0,0
267,West Bank,Asia,Western Asia,West Asia & Northern Africa,0,0,0,0,0,0,0,0,0,0,0,0,0,0,0,0,0
268,Western Sahara,Africa,Northern Africa,West Asia & Northern Africa,0,0,0,0,0,0,0,0,0,0,0,0,0,0,0,0,0
269,Yemen,Asia,Western Asia,West Asia & Northern Africa,294961.4953,11079920.02,4318665.461,2005585.942,2073507.227,2179776.917,502384.3953,9694951.202,-810784.7467,2195753.578,1271642.409,92652.4258,831457.8457,0,17843.6825,200509.4454,0
270,Zambia,Africa,Eastern Africa,Sub-Saharan Africa,26740.8334,1609627.839,793680.2581,260002.3354,252806.651,216608.4745,86530.128,5859044.159,-4590949.844,341533.5303,210016.9521,16749.8822,114766.6876,0,4163.0255,12403.928,0
271,Zimbabwe,Africa,Eastern Africa,Sub-Saharan Africa,33828.437,1726742.498,878492.471,182086.466,275281.4499,251561.882,139320.2331,4420745.889,-3191777.261,497773.8662,221435.2896,22134.7034,254203.8687,0,6818.836,212.0338,0
2647,Montenegro,Europe,Southern Europe,Western Europe,243.5533,29599.7955,6054.1152,4222.3302,8624.9214,8170.9736,2527.4552,58090.9816,-33441.449,4950.2617,2495.5483,218.568,2236.1454,15.8601,156.0612,407.2884,0
2648,Serbia,Europe,Southern Europe,Western Europe,880.7239,113576.6971,27622.9114,15350.7553,31385.6288,29892.7762,9324.6236,212796.3451,-118400.1115,19180.4639,10198.2208,892.7966,8089.4465,57.3152,574.6474,1590.7571,0
33364,Hong Kong,Asia,Eastern Asia,East Asia,173.831,56526.8796,16121.84,4207.7387,32235.8089,890.3267,3071.1672,15354.3206,12566.6641,28605.8945,6868.7227,673.9977,21063.1741,0,1.3192,1.0392,0
40760,Hala'ib triangle,Africa,Northern Africa,West Asia & Northern Africa,0,0,0,0,0,0,0,0,0,0,0,0,0,0,46.8072,0,0
40762,Ma'tan al-Sarra,Africa,Northern Africa,West Asia & Northern Africa,0,0,0,0,0,0,0,0,0,0,0,0,0,0,25.1462,0,0
40765,Egypt,Africa,Northern Africa,West Asia & Northern Africa,2813.0148,409652.3624,109318.0677,43006.8442,225204.006,22031.9546,10091.4932,183012.1079,64714.1148,161926.1372,48684.6966,4503.9563,108737.4886,0,956.1597,5344.1247,0
40781,Jammu and Kashmir,Asia,Eastern Asia,East Asia,36457.9014,1997218.001,670056.4381,824560.363,0,215589.8009,287011.3912,3714643.531,-2037213.69,319788.1702,216467.3263,14330.052,88990.7892,0,25567.7678,2551.2686,0
61013,Ilemi triangle,Africa,Northern Africa,West Asia & Northern Africa,2626.3223,114983.8299,67390.5649,2641.1316,0,26263.223,18688.9091,242556.5543,-143270.7585,15698.0313,13742.227,1020.3466,935.4567,0,0,0,0
74578,Azores Islands,Europe,Southern Europe,Western Europe,0,0,0,0,0,0,0,0,0,0,0,0,0,0,0,0,0
