ADM0_CODE,ADM0_NAME,CONTINENT,REGION,REG_ANNEX5, Area , Crop_total_input , Crop_manure_input  , Crop_residue_input  , Crop_fertilizer_input  ,Crop_BNF_input,Crop_atmospheric_input, Crop_total_output , Crop_total_stock_change , Crop_total_loss , Crop_total_ammonia , Crop_total_nitrous_oxide , crop_total_runoff_leaching , Blending_transport_concentrate , Feed_transport_processing , Field_operations ,Trade
1,Afghanistan,Asia,Southern Asia,South Asia,33797.44157,1232169.484,465908.1528,328685.5667,99152.16325,263019.1343,75404.47143,2183377.774,-1168685.695,217477.4009,135965.4045,9713.57383,71798.42579,0,6307.48592,35909.234,0
2,Aksai Chin,Asia,Eastern Asia,East Asia,0,0,0,0,0,0,0,0,0,0,0,0,0,0,0,0,0
3,Albania,Europe,Southern Europe,Western Europe,0,0.00359,0.00121,0.00052,0.00057,0.00101,0.00027,0.00683,-0.00377,0.00052,0.00035,0.00003,0.00014,0,0.00002,0.00006,0
4,Algeria,Africa,Northern Africa,West Asia & Northern Africa,0,0,0,0,0,0,0,0,0,0,0,0,0,0,0,0,0
5,American Samoa,Oceania,Polynesia,Oceania,0,0,0,0,0,0,0,0,0,0,0,0,0,0,0,0,0
6,Sudan,Africa,Northern Africa,West Asia & Northern Africa,0,0,0,0,0,0,0,0,0,0,0,0,0,0,0,0,0
7,Andorra,Europe,Southern Europe,Western Europe,0,0,0,0,0,0,0,0,0,0,0,0,0,0,0,0,0
8,Angola,Africa,Middle Africa,Sub-Saharan Africa,16192.37501,433688.7535,193994.382,69663.97926,22438.08407,127523.5264,20068.77892,2123912.894,-1766168.586,75944.45024,48009.08264,3790.59336,24144.77447,0,258.47568,1727.74822,0
9,Anguilla,Americas,Caribbean,Central & South America,0,0,0,0,0,0,0,0,0,0,0,0,0,0,0,0,0
10,Antarctica,Antarctica,,,0,0,0,0,0,0,0,0,0,0,0,0,0,0,0,0,0
11,Antigua and Barbuda,Americas,Caribbean,Central & South America,252.8981,14387.33789,7055.56689,3156.948,2086.40363,1264.49054,823.9281,8727.18213,2309.72131,3350.43408,1935.44849,132.67916,1282.30627,0,134.20425,324.09335,0
12,Argentina,Americas,South America,Central & South America,5849.97717,383003.1731,97532.94786,106908.7581,115611.6995,48227.33736,14722.43232,1365201.165,-1035704.65,53506.6533,41758.63535,4099.89532,7648.12251,0,502.76774,10739.03578,0
13,Armenia,Asia,Western Asia,West Asia & Northern Africa,0,0,0,0,0,0,0,0,0,0,0,0,0,0,0,0,0
14,Aruba,Americas,Caribbean,Central & South America,0,0,0,0,0,0,0,0,0,0,0,0,0,0,0,0,0
15,Arunachal Pradesh,Asia,Eastern Asia,East Asia,2261.95543,98419.12374,33259.49539,42942.29416,0,12723.83236,9493.50191,186180.1156,-102969.0242,15208.03792,10946.1286,499.02388,3762.88575,0,1391.93545,101.19947,0
16,Ashmore and Cartier Islands,Oceania,Australia and New Zealand,Oceania,0,0,0,0,0,0,0,0,0,0,0,0,0,0,0,0,0
17,Australia,Oceania,Australia and New Zealand,Oceania,56385.24604,5630602.627,2056863.161,376735.7589,1849515.936,1254906.066,92581.6591,7344088.641,-3554967.582,1841481.572,633997.8109,70980.5354,1136503.264,2174.72428,12287.96071,30788.67132,0
18,Austria,Europe,Western Europe,Western Europe,0,0,0,0,0,0,0,0,0,0,0,0,0,0,0,0,0
19,Azerbaijan,Asia,Western Asia,West Asia & Northern Africa,10023.06114,608046.7667,311232.2616,100364.6443,51954.11122,73538.51182,70957.2313,1010009.079,-515793.9901,113831.6781,77478.32847,5398.32396,30955.02702,0,2722.8772,16610.08198,0
20,Bahamas,Americas,Caribbean,Central & South America,0,0,0,0,0,0,0,0,0,0,0,0,0,0,0,0,0
21,Bahrain,Asia,Western Asia,West Asia & Northern Africa,3.32875,595.94191,66.30041,81.5014,409.95034,16.64376,21.54599,246.86229,103.0985,245.98111,62.40525,6.91251,176.66334,0,3.99266,3.86796,0
22,Baker Island,Americas,Northern America,North America,0,0,0,0,0,0,0,0,0,0,0,0,0,0,0,0,0
23,Bangladesh,Asia,Southern Asia,South Asia,0,0,0,0,0,0,0,0,0,0,0,0,0,0,0,0,0
24,Barbados,Americas,Caribbean,Central & South America,64.45814,10508.66577,5743.08664,1410.32237,2784.37677,516.026,54.85388,5179.55466,1758.90546,3570.20554,1568.08729,113.64841,1888.46988,0,0,0,0
25,Bassas da India,Africa,Eastern Africa,Sub-Saharan Africa,0,0,0,0,0,0,0,0,0,0,0,0,0,0,0,0,0
26,Belarus,Europe,Eastern Europe,Eastern Europe,0,0,0,0,0,0,0,0,0,0,0,0,0,0,0,0,0
27,Belgium,Europe,Western Europe,Western Europe,0,0,0,0,0,0,0,0,0,0,0,0,0,0,0,0,0
28,Belize,Americas,Central America,Central & South America,0,48.50809,5.69918,9.70368,22.76197,6.96528,3.37798,190.96714,-153.25611,10.79707,4.3864,0.4558,5.95486,0,0.19933,0.33327,0
29,Benin,Africa,Western Africa,Sub-Saharan Africa,49762.75458,2148694.644,528018.4622,501934.2897,501746.9239,304484.0405,312510.9308,4580736.211,-2810222.959,378181.4062,205971.8116,17696.06182,154513.5275,0,12531.6193,5781.09521,0
30,Bermuda,Americas,Northern America,North America,0,0,0,0,0,0,0,0,0,0,0,0,0,0,0,0,0
31,Bhutan,Asia,Southern Asia,South Asia,1042.13754,56054.52556,14389.37709,21124.89087,10084.98629,5737.84603,4717.42592,89122.05113,-40758.70618,7691.18131,5998.86307,329.35219,1362.96612,0,418.57325,8777.60723,0
32,Bird Island,Americas,Caribbean,Central & South America,0,0,0,0,0,0,0,0,0,0,0,0,0,0,0,0,0
33,Bolivia,Americas,South America,Central & South America,590.90477,42962.41298,30972.69434,4564.8993,766.96581,5200.49999,1457.35377,105739.5851,-73369.48922,10592.3186,6727.72542,473.61189,3390.98101,0,182.93181,1067.87389,0
34,Bosnia and Herzegovina,Europe,Southern Europe,Western Europe,1279.97429,128115.5029,26405.74163,21456.57198,25660.93617,41575.7182,13016.53625,293009.3567,-180667.6733,15773.81853,9992.89934,872.46128,4908.45806,78.828,791.68054,2205.31638,0
35,Botswana,Africa,Southern Africa,Sub-Saharan Africa,35550.08891,1223288.552,247693.6604,70280.31663,476736.8149,307115.3219,121462.4397,1931673.503,-1158032.386,449647.4349,104240.4458,12246.63643,333160.3537,0,0.89401,75.98462,0
36,Bouvet Island,Antarctica,,,0,0,0,0,0,0,0,0,0,0,0,0,0,0,0,0,0
37,Brazil,Americas,South America,Central & South America,0,0,0,0,0,0,0,0,0,0,0,0,0,0,0,0,0
38,British Indian Ocean Territory,Africa,Eastern Africa,South Asia,0,0,0,0,0,0,0,0,0,0,0,0,0,0,0,0,0
39,British Virgin Islands,Americas,Caribbean,Central & South America,0,0,0,0,0,0,0,0,0,0,0,0,0,0,0,0,0
40,Brunei Darussalam,Asia,South-Eastern Asia,East Asia,18.67134,4279.11794,2613.01636,320.1405,1177.02746,93.3567,75.57684,912.66276,1227.61003,2138.84515,672.32007,37.48548,1429.03953,0,11.63109,175.52881,0
41,Bulgaria,Europe,Eastern Europe,Eastern Europe,0,0,0,0,0,0,0,0,0,0,0,0,0,0,0,0,0
42,Burkina Faso,Africa,Western Africa,Sub-Saharan Africa,125320.3541,6255720.027,3716513.348,763985.7069,319728.9392,969093.4313,486398.6194,16787910.67,-11759251.21,1227060.586,851674.1339,75615.51822,299770.9263,0,3.60501,15406.2934,0
43,Burundi,Africa,Eastern Africa,Sub-Saharan Africa,21818.47181,632544.5706,173126.6237,157934.0782,21825.78787,139378.5385,140279.5268,2033050.303,-1477209.405,76703.64055,52601.31249,4418.11571,19684.21382,0,122.3839,2163.1867,0
44,Cambodia,Asia,South-Eastern Asia,East Asia,75.33503,4237.54912,973.15974,1660.92046,701.62334,428.02797,473.81762,8108.58263,-4445.79403,574.76034,430.88633,25.15707,118.71694,0,28.59697,1269.46038,0
45,Cameroon,Africa,Middle Africa,Sub-Saharan Africa,1962.31606,216944.089,161387.8116,18364.27564,3101.55949,15906.31554,18184.11791,448278.331,-283713.1099,52378.86516,34424.14678,2680.72613,15273.99014,0,127.74037,312.20348,0
46,Canada,Americas,Northern America,North America,496.64159,43434.57983,3832.27791,8971.56444,23401.61183,4693.17942,2535.94666,91140.56604,-56451.26829,8745.28203,4003.77322,398.675,4342.69422,0,306.66711,879.92412,0
47,Cape Verde,Africa,Western Africa,Sub-Saharan Africa,0,0,0,0,0,0,0,0,0,0,0,0,0,0,0,0,0
48,Cayman Islands,Americas,Caribbean,Central & South America,8.94484,886.73651,587.28195,140.37197,78.36129,44.72418,35.99712,380.71422,170.4984,335.52386,139.32971,9.47116,186.72301,0,5.80309,6.27887,0
49,Central African Republic,Africa,Middle Africa,Sub-Saharan Africa,4091.68857,229973.4354,147348.3288,20043.61242,37.69658,40233.7333,22310.06325,1776897.046,-1584872.266,37948.66607,31477.79675,3135.5354,3335.33401,0,326.5816,201.67306,0
50,Chad,Africa,Middle Africa,Sub-Saharan Africa,27500.50069,1068673.855,582968.5993,113255.0057,0,237058.4126,135391.8093,4560973.521,-3669569.362,177269.6879,127919.2216,9741.24927,39609.2145,0,14.94883,1350.37632,0
51,Chile,Americas,South America,Central & South America,0,0,0,0,0,0,0,0,0,0,0,0,0,0,0,0,0
52,China/India,Asia,Eastern Asia,East Asia,0,0,0,0,0,0,0,0,0,0,0,0,0,0,0,0,0
53,China,Asia,Eastern Asia,East Asia,2730863.519,525871456.1,76896121.34,85575285.2,300027094.2,15532437.31,47840507.76,386722774.1,-16800480.84,155949162.9,53939462.34,5266840.546,96742859.81,0,2228945.631,7547040.464,0
54,Christmas Island,Asia,South-Eastern Asia,East Asia,0,0,0,0,0,0,0,0,0,0,0,0,0,0,0,0,0
55,Clipperton Island,Americas,Central America,Central & South America,0,0,0,0,0,0,0,0,0,0,0,0,0,0,0,0,0
56,Cocos (Keeling) Islands,Asia,South-Eastern Asia,East Asia,0,0,0,0,0,0,0,0,0,0,0,0,0,0,0,0,0
57,Colombia,Americas,South America,Central & South America,11767.94002,2091574.487,913121.5332,156032.3955,874057.5554,93127.85171,55235.15234,2746351.795,-1424351.425,769574.1344,285633.303,24718.98315,458967.5619,0,2496.62608,32088.37586,0
58,Comoros,Africa,Eastern Africa,Sub-Saharan Africa,75.23671,2899.78527,947.63834,1427.22801,0,376.18356,148.73545,4739.53794,-2253.33315,413.58048,332.25046,19.98881,61.34123,0,0,0,0
59,Congo,Africa,Middle Africa,Sub-Saharan Africa,207.77249,4401.11771,517.13608,1183.88566,43.25922,1835.40603,821.43075,66224.528,-62171.37702,347.96731,226.14171,19.46486,102.36075,0,22.32351,59.12223,0
60,Cook Islands,Oceania,Polynesia,Oceania,0,0,0,0,0,0,0,0,0,0,0,0,0,0,0,0,0
61,Costa Rica,Americas,Central America,Central & South America,7.21774,715.01706,292.80295,81.82101,243.07599,67.2801,30.03701,2537.69959,-2030.70588,208.02331,91.05029,7.41656,109.55645,0,3.21884,22.23592,0
62,Croatia,Europe,Southern Europe,Western Europe,0,0.00209,0.00013,0.00027,0.00102,0.00045,0.00021,0.00328,-0.00167,0.00048,0.00016,0.00002,0.00031,0,0.00001,0.00003,0
63,Cuba,Americas,Caribbean,Central & South America,19133.76612,1654250.795,805276.2127,260572.8499,371959.7782,126881.7872,89560.14269,2239910.241,-964788.1076,379128.6432,224308.5072,21951.69794,132858.0071,0,9336.50544,33384.70723,0
64,Cyprus,Asia,Western Asia,West Asia & Northern Africa,0,0,0,0,0,0,0,0,0,0,0,0,0,0,0,0,0
65,Czech Republic,Europe,Eastern Europe,Eastern Europe,0,0,0,0,0,0,0,0,0,0,0,0,0,0,0,0,0
66,C?te d'Ivoire,Africa,Western Africa,Sub-Saharan Africa,16661.72583,1016568.133,214320.3236,218048.1877,343641.3392,113947.8326,126610.4068,2747852.202,-1917654.389,186370.3285,99033.0177,9091.79082,78245.51995,0,10523.77089,7813.56033,0
67,Dem People's Rep of Korea,Asia,Eastern Asia,East Asia,50276.84496,3341176.139,1084410.134,1147221.49,92320.74283,265686.3698,751537.4332,4562735.587,-1685105.525,463546.0974,340836.2518,21774.07955,100935.7627,0,33336.46555,111579.1699,0
68,Democratic Republic of the Congo,Africa,Middle Africa,Sub-Saharan Africa,27482.98539,1251484.679,729622.5525,187270.7398,11000.96279,162114.2453,161476.2308,1949541.403,-1060158.147,362101.4906,165751.6737,12650.89385,183698.9143,0,1289.78625,7081.54944,0
69,Denmark,Europe,Northern Europe,Western Europe,19.99542,3275.79677,860.94823,437.80523,836.59643,932.07451,208.3724,7365.46507,-4641.67295,552.0046,299.62981,23.14023,229.23456,1.65451,16.01173,29.55675,0
70,Djibouti,Africa,Eastern Africa,Sub-Saharan Africa,0,0,0,0,0,0,0,0,0,0,0,0,0,0,0,0,0
71,Dominica,Americas,Caribbean,Central & South America,56.57323,2385.46851,815.08197,683.27191,466.13403,313.10291,107.8777,2204.21899,-181.79507,363.04437,277.957,20.1357,64.95168,0,11.59625,10.54279,0
72,Dominican Republic,Americas,Caribbean,Central & South America,3158.32112,270300.8468,96467.69722,44459.30612,100805.8364,20283.76157,8284.24683,402178.9647,-222478.2753,90600.16105,33820.05431,2994.38825,53785.71688,0,1536.25127,3811.19605,0
73,Ecuador,Americas,South America,Central & South America,0,0,0,0,0,0,0,0,0,0,0,0,0,0,0,0,0
74,South Sudan,Africa,Northern Africa,West Asia & Northern Africa,0,0,0,0,0,0,0,0,0,0,0,0,0,0,0,0,0
75,El Salvador,Americas,Central America,Central & South America,236.8856,28161.49471,5611.78813,3821.64975,15558.23088,1503.46056,1666.36605,31157.02277,-12557.85213,9562.32474,3060.3456,318.78053,6183.19867,0,72.16782,480.40579,0
76,Equatorial Guinea,Africa,Middle Africa,Sub-Saharan Africa,3.97438,87.38658,16.27017,17.84218,0,39.74384,13.53039,1661.24756,-1579.563,5.70201,5.03825,0.41785,0.24591,0,0.55408,0.27528,0
77,Eritrea,Africa,Eastern Africa,Sub-Saharan Africa,15462.85428,438788.3421,187861.7702,67643.2379,4088.33721,123966.0148,55228.98536,1403326.331,-1048393.127,83855.14403,44745.51086,3444.37043,35665.26289,0,0,390.048,0
78,Estonia,Europe,Northern Europe,Western Europe,0,0,0,0,0,0,0,0,0,0,0,0,0,0,0,0,0
79,Ethiopia,Africa,Eastern Africa,Sub-Saharan Africa,187974.3226,9700757.301,4466413.485,1646041.745,740243.4264,1476877.838,1371180.877,28126847.41,-20378965.87,1952875.739,1131911.221,97749.23665,723215.2737,0,775.2394,880.57917,0
80,Europa Island,Africa,Eastern Africa,Sub-Saharan Africa,0,0,0,0,0,0,0,0,0,0,0,0,0,0,0,0,0
81,Falkland Islands (Malvinas),Americas,South America,Central & South America,0,0.00006,0.00001,0.00001,0.00003,0,0,0.00003,0.00001,0.00002,0.00001,0,0.00001,0,0,0,0
82,Faroe Islands,Europe,Northern Europe,Western Europe,0,0,0,0,0,0,0,0,0,0,0,0,0,0,0,0,0
83,Fiji,Oceania,Melanesia,Oceania,843.0996,66591.09528,6574.87414,14102.58303,39989.07468,5064.50066,860.06239,44015.48552,6838.05312,15737.55715,6724.1405,669.71597,8342.75136,183.44255,637.64754,1143.28224,0
84,Finland,Europe,Northern Europe,Western Europe,9.45696,936.92607,141.6065,130.21949,456.80206,154.35737,53.94066,2188.53613,-1376.86864,125.25858,87.02346,7.6706,30.56453,0.52178,10.02753,21.11949,0
85,France,Europe,Western Europe,Western Europe,0,0,0,0,0,0,0,0,0,0,0,0,0,0,0,0,0
86,French Guiana,Americas,South America,Central & South America,0,0.02694,0.00234,0.004,0,0.01988,0.00072,0.0159,0.0028,0.00824,0.00087,0.00012,0.00726,0,0.00002,0.00118,0
87,French Polynesia,Oceania,Polynesia,Oceania,0,0,0,0,0,0,0,0,0,0,0,0,0,0,0,0,0
88,French Southern and Antarctic Territories,Antarctica,,,0,0,0,0,0,0,0,0,0,0,0,0,0,0,0,0,0
89,Gabon,Africa,Middle Africa,Sub-Saharan Africa,50.49668,1041.12032,81.79832,331.16926,12.55867,458.65591,156.93817,19609.76366,-18624.7582,56.11492,50.73246,4.58597,0.79649,0,7.3165,2.57787,0
90,Gambia,Africa,Western Africa,Sub-Saharan Africa,6319.45781,220037.9616,90218.2635,56059.67718,19206.57261,40774.4536,13778.99312,646250.4595,-458360.4839,32147.99392,25570.27803,1971.70791,4606.00826,0,41.46107,9072.49928,0
91,Gaza Strip,Asia,Western Asia,West Asia & Northern Africa,0,0,0,0,0,0,0,0,0,0,0,0,0,0,0,0,0
92,Georgia,Asia,Western Asia,West Asia & Northern Africa,0,0,0,0,0,0,0,0,0,0,0,0,0,0,0,0,0
93,Germany,Europe,Western Europe,Western Europe,1050.67302,190138.5908,27534.27486,11494.6326,60086.06865,65753.0575,25270.55822,499699.3319,-332447.5332,22886.79334,12664.92507,1083.70023,9138.16803,127.48645,619.21603,1540.38387,0
94,Ghana,Africa,Western Africa,Sub-Saharan Africa,55713.31833,3254485.227,1114470.749,691844.4233,688187.0764,373142.0623,386840.9954,6989412.482,-4370011.959,635084.692,360897.2915,31806.50292,242380.9016,0,21238.77361,11158.94766,0
95,Gibraltar,Europe,Southern Europe,Western Europe,0,0,0,0,0,0,0,0,0,0,0,0,0,0,0,0,0
96,Glorioso Island,Africa,Eastern Africa,Sub-Saharan Africa,0,0,0,0,0,0,0,0,0,0,0,0,0,0,0,0,0
97,Greece,Europe,Southern Europe,Western Europe,0,0.00414,0.00063,0.00058,0.00171,0.00101,0.00022,0.0071,-0.00369,0.00073,0.00035,0.00003,0.00034,0,0.00002,0.00005,0
98,Greenland,Americas,Northern America,North America,0,0,0,0,0,0,0,0,0,0,0,0,0,0,0,0,0
99,Grenada,Americas,Caribbean,Central & South America,106.10122,3086.34076,926.17734,1176.67249,201.09257,642.42647,139.97176,3873.72461,-1159.64038,372.25662,323.01195,23.23596,26.0087,0,20.70813,16.55287,0
100,Guadeloupe,Americas,Caribbean,Central & South America,270.97292,6057.54974,2144.99557,2097.58659,0,1432.38089,382.58669,4764.04245,442.96475,850.54247,638.75774,43.69601,168.08868,0,50.76065,314.1661,0
101,Guam,Oceania,Micronesia,Oceania,0,0,0,0,0,0,0,0,0,0,0,0,0,0,0,0,0
102,Abyei,Africa,Northern Africa,West Asia & Northern Africa,0,0,0,0,0,0,0,0,0,0,0,0,0,0,0,0,0
103,Guatemala,Americas,Central America,Central & South America,742.7663,83921.71791,29521.77173,9868.26263,36182.65969,4949.68119,3399.34334,127363.4153,-72672.88483,29231.18851,10509.44643,995.48325,17726.25851,0,375.95883,1460.8768,0
104,Guernsey,Europe,Northern Europe,Western Europe,0,27.36625,7.60844,16.11183,0,1.0151,2.63087,54.57646,-30.59874,3.38853,3.13287,0.23734,0.01831,0,0,0,0
105,Guinea-Bissau,Africa,Western Africa,Sub-Saharan Africa,175.35472,3956.61179,1209.26908,1391.78932,0.00102,1152.54153,203.01082,15667.01502,-12153.8922,443.48932,381.03286,25.75315,36.70335,0,10.77121,165.56349,0
106,Guinea,Africa,Western Africa,Sub-Saharan Africa,6819.34287,320602.7862,81852.69007,84422.08751,69256.53487,44316.97389,40754.49253,963499.4352,-685014.6462,42118.00145,31738.40077,2509.92715,7869.67347,0,3153.0471,7099.67414,0
107,Guyana,Americas,South America,Central & South America,183.0333,9243.08563,773.38563,3272.01397,3592.8781,1247.28488,357.52341,16507.88345,-8757.23932,1492.44168,841.16635,68.65289,582.62244,0,6.85368,685.53853,0
108,Haiti,Americas,Caribbean,Central & South America,13478.13065,438947.9576,166119.2247,112947.7732,52710.53882,74906.34808,32264.06723,619893.1805,-252970.3147,72025.0928,49789.67575,3803.57533,18431.84238,0,2566.87981,11549.66427,0
109,Heard Island and McDonald Islands,Antarctica,,,0,0,0,0,0,0,0,0,0,0,0,0,0,0,0,0,0
110,Holy See,Europe,Southern Europe,Western Europe,0,0,0,0,0,0,0,0,0,0,0,0,0,0,0,0,0
111,Honduras,Americas,Central America,Central & South America,173.94746,13962.59741,5018.79457,1663.34204,5145.4645,1162.69867,972.29762,28186.97227,-18730.79278,4506.41786,1684.63957,167.90147,2653.87683,0,41.09096,229.79379,0
112,Howland Island,Americas,Northern America,North America,0,0,0,0,0,0,0,0,0,0,0,0,0,0,0,0,0
113,Hungary,Europe,Eastern Europe,Eastern Europe,575.67639,64019.80561,4566.35547,10981.14996,20404.35648,19355.21227,8712.73188,159861.3781,-103705.2198,7863.64765,4051.82163,386.07533,3425.75074,39.89696,408.83144,919.91909,0
114,Iceland,Europe,Northern Europe,Western Europe,0,0.0655,0.00641,0.00575,0.02208,0.02879,0.00248,0.21735,-0.15865,0.0068,0.00407,0.00036,0.00237,0.00005,0.00061,0.0023,0
115,India,Asia,Southern Asia,South Asia,1472376.364,218299302.6,34582692.5,26268052.49,121464739.4,9008607.511,26975212.06,130030659.2,-2021106.86,90289750.35,21689817.7,2015500.695,66583867.47,0,540007.0558,7460759.981,0
116,Indonesia,Asia,South-Eastern Asia,East Asia,41025.50603,7034653.573,1930895.723,1184434.817,3505505.853,229627.895,184189.3331,5608366.78,-550531.3277,1976818.098,855173.2074,54567.94575,1066979.557,0,17042.92811,386645.417,0
117,Iran  (Islamic Republic of),Asia,Southern Asia,South Asia,94534.50572,10043469.15,3224521.438,1395308.519,4227383.613,766643.1216,429612.4141,9023042.187,-1920791.33,2941218.3,1207173.509,99434.23769,1634610.562,14730.73074,29299.37463,67914.03212,0
118,Iraq,Asia,Western Asia,West Asia & Northern Africa,0,0,0,0,0,0,0,0,0,0,0,0,0,0,0,0,0
119,Ireland,Europe,Northern Europe,Western Europe,46.79977,9339.49239,2331.78127,537.42795,3633.71349,2523.75947,312.81037,19915.74423,-11988.57323,1412.32158,883.47039,69.24485,459.60634,3.94611,27.35613,57.64302,0
120,Isle of Man,Europe,Northern Europe,Western Europe,0,1.59445,0.82601,0.16125,0,0.38984,0.21735,17.41461,-16.02636,0.20619,0.18133,0.00998,0.01488,0,0,0,0
121,Israel,Asia,Western Asia,West Asia & Northern Africa,0,0,0,0,0,0,0,0,0,0,0,0,0,0,0,0,0
122,Italy,Europe,Southern Europe,Western Europe,0,0,0,0,0,0,0,0,0,0,0,0,0,0,0,0,0
123,Jamaica,Americas,Caribbean,Central & South America,0,0,0,0,0,0,0,0,0,0,0,0,0,0,0,0,0
126,Japan,Asia,Eastern Asia,East Asia,219.59428,20217.16758,4592.31998,2894.83686,9581.41806,1875.53205,1273.0608,28684.72877,-13591.02939,5123.46799,2166.08953,199.47071,2756.51659,0,135.28851,414.10766,0
127,Jarvis Island,Americas,Northern America,North America,0,0,0,0,0,0,0,0,0,0,0,0,0,0,0,0,0
128,Jersey,Europe,Northern Europe,Western Europe,0,72.84924,28.6277,36.00305,0,2.28818,5.93032,130.6063,-67.83824,10.08118,9.32584,0.64713,0.10821,0,0,0,0
129,Johnston Atoll,Americas,Northern America,North America,0,0,0,0,0,0,0,0,0,0,0,0,0,0,0,0,0
130,Jordan,Asia,Western Asia,West Asia & Northern Africa,0,0,0,0,0,0,0,0,0,0,0,0,0,0,0,0,0
131,Juan de Nova Island,Africa,Eastern Africa,Sub-Saharan Africa,0,0,0,0,0,0,0,0,0,0,0,0,0,0,0,0,0
132,Kazakhstan,Asia,Central Asia,West Asia & Northern Africa,20214.38056,511671.6649,131440.1361,156085.9963,13062.25147,153884.2558,57199.03117,2055004.007,-1597031.68,53699.32975,43202.85175,3259.82545,7236.65278,0,478.16177,28253.41102,0
133,Kenya,Africa,Eastern Africa,Sub-Saharan Africa,135816.6568,10433414.54,6338311.928,1228287.044,1127942.809,947255.3007,791617.7012,21110759.23,-12956094.43,2278749.897,1503285.37,118153.3567,657311.182,0,6100.50361,48682.64178,0
134,Kingman Reef,Americas,Northern America,North America,0,0,0,0,0,0,0,0,0,0,0,0,0,0,0,0,0
135,Kiribati,Oceania,Micronesia,Oceania,0,0,0,0,0,0,0,0,0,0,0,0,0,0,0,0,0
136,Kuril islands,Asia,Eastern Asia,East Asia,0,7.45399,0.62866,5.83554,0,0.97033,0.01945,32.68603,-26.01156,0.77952,0.70929,0.06487,0.00537,0,3.20705,0.00668,0
137,Kuwait,Asia,Western Asia,West Asia & Northern Africa,1255.27159,204824.7795,167384.7708,2513.50994,18328.18201,13725.86718,2872.44246,33418.56038,60177.6236,111228.6208,35561.12704,2458.34882,73209.13522,13.63214,126.8375,718.30191,0
138,Kyrgyzstan,Asia,Central Asia,West Asia & Northern Africa,3381.36569,155881.1432,47712.99568,36532.44494,35597.20236,24008.69603,12029.80394,379545.5725,-251587.2584,27922.83031,16755.56408,1368.5591,9798.70692,0,754.37676,5268.18784,0
139,Lao People's Democratic Republic,Asia,South-Eastern Asia,East Asia,2845.43808,175175.7138,77740.44296,46111.90565,8383.3226,20146.87108,22793.17235,573711.3763,-424224.8828,25689.21849,20997.61164,1408.35046,3283.2566,0,2823.33616,11237.11129,0
140,Latvia,Europe,Northern Europe,Western Europe,0,0,0,0,0,0,0,0,0,0,0,0,0,0,0,0,0
141,Lebanon,Asia,Western Asia,West Asia & Northern Africa,0,0,0,0,0,0,0,0,0,0,0,0,0,0,0,0,0
142,Lesotho,Africa,Southern Africa,Sub-Saharan Africa,12622.58924,357752.5927,127187.4849,86296.36781,5.21224,79521.00037,64742.52683,1149959.653,-843312.1824,51105.12276,34067.65511,2642.81223,14394.65526,0,2010.60257,2616.82605,0
144,Liberia,Africa,Western Africa,Sub-Saharan Africa,7809.23248,426444.239,187177.9536,79375.608,64551.72515,43579.58873,51759.37359,508629.1796,-175517.7546,93332.81245,51828.32205,3282.69862,38221.79041,0,4446.90632,4987.73143,0
145,Libya,Africa,Northern Africa,West Asia & Northern Africa,12746.46385,407689.7955,74893.40261,73688.42554,155755.2418,80591.21358,22761.50996,389054.806,-89317.09989,107952.0902,37923.04785,3805.55438,66223.489,0,1124.88172,26119.0532,0
146,Liechtenstein,Europe,Western Europe,Western Europe,0,0,0,0,0,0,0,0,0,0,0,0,0,0,0,0,0
147,Lithuania,Europe,Northern Europe,Western Europe,0,0,0,0,0,0,0,0,0,0,0,0,0,0,0,0,0
148,Luxembourg,Europe,Western Europe,Western Europe,7.70653,1925.80096,249.47925,149.87012,699.2134,570.19852,257.03966,4364.43011,-2692.46218,253.83319,134.8042,12.00062,107.02837,1.01319,6.33448,10.80487,0
149,Macau,Asia,Eastern Asia,East Asia,0,0,0,0,0,0,0,0,0,0,0,0,0,0,0,0,0
150,Madagascar,Africa,Eastern Africa,Sub-Saharan Africa,1335.3339,39478.3961,12662.69125,14332.26323,797.81231,10265.2319,1420.39606,265047.9747,-230179.562,4609.98099,4045.54583,207.68971,356.74576,0,58.43528,2725.43875,0
151,Madeira Islands,Europe,Southern Europe,Western Europe,0,0,0,0,0,0,0,0,0,0,0,0,0,0,0,0,0
152,Malawi,Africa,Eastern Africa,Sub-Saharan Africa,21862.40833,1444386.384,577622.8435,271001.1064,403321.4594,130295.4737,62145.47572,2203648.387,-1039540.334,280278.3575,182956.8266,16729.18442,80592.34301,0,20.32299,1816.4028,0
153,Malaysia,Asia,South-Eastern Asia,East Asia,16301.65055,2092594.206,264226.0052,285102.1468,1357403.385,92406.68638,93456.02748,1808063.069,-548859.4816,833390.6301,217095.7526,20660.83941,595451.5506,0,7672.31097,66034.50679,0
154,Maldives,Asia,Southern Asia,South Asia,0,0,0,0,0,0,0,0,0,0,0,0,0,0,0,0,0
155,Mali,Africa,Western Africa,Sub-Saharan Africa,0,0,0,0,0,0,0,0,0,0,0,0,0,0,0,0,0
156,Malta,Europe,Southern Europe,Western Europe,0,0.00584,0.00312,0.00084,0.00144,0.00023,0.00022,0.00284,0.00101,0.002,0.00085,0.00006,0.00108,0.00001,0.00003,0.00002,0
157,Marshall Islands,Oceania,Micronesia,Oceania,0,0,0,0,0,0,0,0,0,0,0,0,0,0,0,0,0
158,Martinique,Americas,Caribbean,Central & South America,179.81821,5049.90774,2338.97918,1526.67762,0,1057.10153,127.14946,3791.00554,256.99226,1001.91003,620.46361,41.22749,340.21892,0,32.67221,199.76102,0
159,Mauritania,Africa,Western Africa,Sub-Saharan Africa,1569.2111,115376.8274,94702.26461,4613.63154,0,14484.37608,1576.55798,191174.4229,-125608.7758,49811.18177,19401.81571,1265.09929,29144.26251,0,134.50791,274.6364,0
160,Mauritius,Africa,Eastern Africa,Sub-Saharan Africa,0,0,0,0,0,0,0,0,0,0,0,0,0,0,0,0,0
161,Mayotte,Africa,Eastern Africa,Sub-Saharan Africa,0,0,0,0,0,0,0,0,0,0,0,0,0,0,0,0,0
162,Mexico,Americas,Central America,Central & South America,44888.56714,5319610.066,929382.4806,658822.9052,3088161.382,322517.832,320725.3688,5862375.573,-2430716.311,1887950.759,560574.9264,59640.94232,1267734.894,0,8267.06243,86269.44156,0
163,Micronesia (Federated States of),Oceania,Micronesia,Oceania,1.79098,583.31641,365.64444,37.54322,161.81223,8.95488,9.3616,101.59895,173.68814,308.0293,93.06443,7.21986,207.74501,0.40823,1.40407,2.82449,0
164,Midway Island,Americas,Northern America,North America,0,0,0,0,0,0,0,0,0,0,0,0,0,0,0,0,0
165,"Moldova, Republic of",Europe,Eastern Europe,Eastern Europe,0,0,0,0,0,0,0,0,0,0,0,0,0,0,0,0,0
166,Monaco,Europe,Western Europe,Western Europe,0,0,0,0,0,0,0,0,0,0,0,0,0,0,0,0,0
167,Mongolia,Asia,Eastern Asia,East Asia,32510.1159,1927894.606,454459.8355,325235.1681,794054.5445,260260.6791,93884.38243,3719829.459,-2307152.167,515217.3143,202820.9444,18172.88707,294223.4882,0,17376.26071,11329.98652,0
168,Montserrat,Americas,Caribbean,Central & South America,0,0,0,0,0,0,0,0,0,0,0,0,0,0,0,0,0
169,Morocco,Africa,Northern Africa,West Asia & Northern Africa,7828.46124,359217.8261,49073.30097,71378.67945,164776.6749,46357.54401,27631.62963,356026.1374,-87546.73775,90738.4237,33430.1957,3276.49454,54031.7343,0,612.80961,13790.5895,0
170,Mozambique,Africa,Eastern Africa,Sub-Saharan Africa,26651.37088,1085486.421,523615.5969,216955.4842,85226.41525,185142.1117,74546.81059,3873123.927,-3010349.056,222711.5802,134941.3095,11348.2749,76421.98197,0,3077.35577,7661.07789,0
171,Myanmar,Asia,South-Eastern Asia,East Asia,38854.66305,2882946.054,1207592.443,824092.5677,304318.4385,235110.2161,311832.3834,4557966.631,-2163859.429,488838.854,354359.5933,21688.18367,112791.079,0,15518.71923,254347.2369,0
172,Namibia,Africa,Southern Africa,Sub-Saharan Africa,9571.20254,237080.4657,81422.98447,29393.67849,2058.10711,93627.34826,30578.34492,1898958.41,-1686143.511,24265.60761,19429.77519,1900.39898,2935.43315,0,245.21784,145.86366,0
173,Nauru,Oceania,Micronesia,Oceania,0,0,0,0,0,0,0,0,0,0,0,0,0,0,0,0,0
174,Navassa Island,Americas,Northern America,North America,0,0,0,0,0,0,0,0,0,0,0,0,0,0,0,0,0
175,Nepal,Asia,Southern Asia,South Asia,75765.2457,6435660.175,2211915.99,1251061.269,1239246.345,427094.9452,1306341.609,6500429.114,-1599132.559,1534363.649,691413.9498,52143.01124,790806.6851,0,44272.14015,225417.8131,0
176,Netherlands Antilles,Americas,Caribbean,Central & South America,85.75772,4904.97559,843.34333,1367.39241,2076.08996,428.78857,189.36102,3779.94013,400.9713,724.06403,513.01691,44.1296,139.83575,0,58.25125,57.576,0
177,Netherlands,Europe,Western Europe,Western Europe,0,0,0,0,0,0,0,0,0,0,0,0,0,0,0,0,0
178,New Caledonia,Oceania,Melanesia,Oceania,15.87857,1742.99395,83.47625,282.58015,1263.27696,97.44248,16.21812,918.36892,229.91493,594.71008,171.28096,19.34685,404.08227,3.89942,16.54392,20.48266,1.13652
179,New Zealand,Oceania,Australia and New Zealand,Oceania,792.84978,352450.2073,258506.3197,10109.87,36724.63843,46249.68468,859.69496,333592.447,-65845.81645,84703.57692,56384.71434,5794.45715,22524.40447,86.75161,402.27819,840.63558,0
180,Nicaragua,Americas,Central America,Central & South America,82.52682,5302.39944,2062.80251,858.0831,1346.34362,585.90825,449.2619,15866.45445,-11675.06565,1111.01047,633.00317,57.61374,420.39355,0,15.67514,148.8072,0
181,Niger,Africa,Western Africa,Sub-Saharan Africa,33528.31445,1836771.36,1301575.741,162667.5832,4712.282,244980.1358,122835.5392,2855771.892,-1500106.261,481105.7761,277053.1555,18675.12815,185377.4786,0,10.82132,4207.85875,0
182,Nigeria,Africa,Western Africa,Sub-Saharan Africa,1215400.129,56739877.09,25340801,12066527.31,4215028.748,7847988.939,7269530.498,117680707.1,-71252289.98,10311459.94,6696315.786,581195.4613,3033948.764,0,79372.79993,292372.9877,0
183,Niue,Oceania,Polynesia,Oceania,0,0,0,0,0,0,0,0,0,0,0,0,0,0,0,0,0
184,Norfolk Island,Oceania,Australia and New Zealand,Oceania,0,0,0,0,0,0,0,0,0,0,0,0,0,0,0,0,0
185,Northern Mariana Islands,Oceania,Micronesia,Oceania,0,0,0,0,0,0,0,0,0,0,0,0,0,0,0,0,0
186,Norway,Europe,Northern Europe,Western Europe,0,0,0,0,0,0,0,0,0,0,0,0,0,0,0,0,0
187,Oman,Asia,Western Asia,West Asia & Northern Africa,0,0,0,0,0,0,0,0,0,0,0,0,0,0,0,0,0
188,Pakistan,Asia,Southern Asia,South Asia,1233766.609,138848570.4,51106158.69,11243909.71,59190471.65,10201795.48,7106235.393,74262102.03,2403154.76,62183314.11,17264669.93,1464304.725,43454339.24,0,185552.7971,1202624.183,0
189,Palau,Oceania,Micronesia,Oceania,0,0,0,0,0,0,0,0,0,0,0,0,0,0,0,0,0
190,Palmyra Atoll,Americas,Northern America,North America,0,0,0,0,0,0,0,0,0,0,0,0,0,0,0,0,0
191,Panama,Americas,Central America,Central & South America,92.59424,6141.82959,2552.02685,943.87428,1640.31904,634.75786,370.85161,12220.85224,-7635.71213,1556.68931,768.8247,64.74239,723.12223,0,9.66574,256.58277,0
192,Papua New Guinea,Oceania,Melanesia,Oceania,0,0,0,0,0,0,0,0,0,0,0,0,0,0,0,0,0
193,Paracel Islands,Asia,South-Eastern Asia,East Asia,0,0,0,0,0,0,0,0,0,0,0,0,0,0,0,0,0
194,Paraguay,Americas,South America,Central & South America,628.54054,44257.19617,18792.50466,9752.78747,7587.81133,4516.22775,3607.86524,123945.8901,-86579.90807,6891.21391,5492.56083,519.98323,878.66989,0,103.76033,1153.23521,0
195,Peru,Americas,South America,Central & South America,8390.40617,502918.8601,114107.7472,115119.9814,199751.223,63363.97753,10575.93474,1070411.659,-665756.2381,98263.44586,54308.66966,4354.59733,39600.17809,0,2222.9472,27898.82536,0
196,Philippines,Asia,South-Eastern Asia,East Asia,129410.8303,12731376.49,2652843.054,2698797.08,6128027.984,765168.3895,486539.6899,13535263.31,-3284613.04,2480726.177,1413251.112,103377.8881,964048.9953,0,60980.22471,396391.9796,0
197,Pitcairn,Oceania,Polynesia,Oceania,0,0,0,0,0,0,0,0,0,0,0,0,0,0,0,0,0
198,Poland,Europe,Eastern Europe,Eastern Europe,0,0,0,0,0,0,0,0,0,0,0,0,0,0,0,0,0
199,Portugal,Europe,Southern Europe,Western Europe,3152.0062,341342.536,108439.7571,27345.71685,92923.66422,92224.21386,20409.18483,623268.287,-344340.0512,62414.29302,33714.8894,3274.33249,25425.07197,171.55206,1336.65345,4103.47741,0
200,Puerto Rico,Americas,Caribbean,Central & South America,80.77954,6620.47118,5145.656,723.55724,0,438.00291,313.255,4987.02927,-819.74216,2453.18404,1101.48693,68.38967,1283.30747,0,27.58276,70.57619,0
201,Qatar,Asia,Western Asia,West Asia & Northern Africa,0,0,0,0,0,0,0,0,0,0,0,0,0,0,0,0,0
202,Republic of Korea,Asia,Eastern Asia,East Asia,1003.98453,176471.8249,64648.45809,14172.34353,78252.83284,8337.84356,11060.34547,142170.8796,-39122.27741,73423.22293,22172.2094,1970.71713,49275.7651,0,784.84303,2027.0225,0
203,Romania,Europe,Eastern Europe,Eastern Europe,19998.90413,1677907.797,191450.7359,245674.8284,457199.1256,519992.5764,263590.5532,3844828.465,-2375754.178,208833.5049,108577.5444,9732.52742,90523.43265,1026.38442,10364.43444,34054.39265,0
204,Russian Federation,Europe,Eastern Europe,Russian Federation,3976.32325,250357.9647,21773.60441,42443.75248,65458.08703,94048.7858,26633.7355,665186.3108,-438807.4628,23979.11713,15144.90454,1460.0528,7374.15989,149.34204,1288.97722,4676.69837,0
205,Rwanda,Africa,Eastern Africa,Sub-Saharan Africa,12789.15852,599896.2372,288594.1481,150481.079,1714.60111,78960.16537,80146.23777,1362164.345,-879744.142,117476.0453,72938.39782,6462.57195,38075.0763,0,892.01704,50.54911,0
206,R?union,Africa,Eastern Africa,Sub-Saharan Africa,0,0,0,0,0,0,0,0,0,0,0,0,0,0,0,0,0
207,Saint Helena,Africa,Western Africa,Sub-Saharan Africa,0,0,0,0,0,0,0,0,0,0,0,0,0,0,0,0,0
208,Saint Kitts and Nevis,Americas,Caribbean,Central & South America,35.0551,2387.98645,540.60895,615.19315,845.52579,175.2755,211.38312,1762.75464,273.73447,351.4973,254.19368,20.59296,76.71066,0,27.70801,27.29603,0
209,Saint Lucia,Americas,Caribbean,Central & South America,59.82803,3827.05603,1615.61335,944.59381,890.38554,299.14014,77.32295,3136.47699,-564.42001,1254.99892,506.62063,39.85997,627.54116,0,52.92328,27.84807,0
210,Saint Pierre et Miquelon,Americas,Northern America,Oceania,0,0,0,0,0,0,0,0,0,0,0,0,0,0,0,0,0
211,Saint Vincent and the Grenadines,Americas,Caribbean,Central & South America,68.27676,3769.39853,1487.58706,1082.19106,301.28764,744.71276,153.62006,3788.41255,-592.51771,573.50379,435.8653,29.52762,108.11086,0,37.6896,27.27577,0
212,Samoa,Oceania,Polynesia,Oceania,0,0,0,0,0,0,0,0,0,0,0,0,0,0,0,0,0
213,San Marino,Europe,Southern Europe,Western Europe,0,0,0,0,0,0,0,0,0,0,0,0,0,0,1.23314,0,0
214,Sao Tome and Principe,Africa,Middle Africa,Sub-Saharan Africa,21.8288,587.92574,180.33571,224.13203,0,109.14402,74.31399,719.69261,-199.12817,67.3613,58.48035,4.08095,4.8,0,0,0,0
215,Saudi Arabia,Asia,Western Asia,West Asia & Northern Africa,0,0,0,0,0,0,0,0,0,0,0,0,0,0,0,0,0
216,Scarborough Reef,Asia,South-Eastern Asia,East Asia,0,0,0,0,0,0,0,0,0,0,0,0,0,0,0,0,0
217,Senegal,Africa,Western Africa,Sub-Saharan Africa,59603.9563,3612125.922,2531888.811,354383.4091,165868.129,456481.9599,103503.5833,7198640.328,-4670031.267,1083516.869,558402.9193,54962.93051,470151.0311,0,120.88818,12200.45532,0
218,Senkaku Islands,Asia,Eastern Asia,East Asia,0,0,0,0,0,0,0,0,0,0,0,0,0,0,0,0,0
220,Seychelles,Africa,Eastern Africa,Sub-Saharan Africa,0,0,0,0,0,0,0,0,0,0,0,0,0,0,0,0,0
221,Sierra Leone,Africa,Western Africa,Sub-Saharan Africa,11465.94716,422737.796,119826.1057,135004.2528,37311.10336,71244.24492,59352.08184,1334786.755,-963949.5878,51900.63628,41196.75723,3089.20483,7614.67414,0,4973.45408,12982.98996,0
222,Singapore,Asia,South-Eastern Asia,East Asia,12.36392,2215.19738,1615.53786,132.48211,273.66613,93.50823,100.00298,1377.55928,-146.02148,983.65961,363.7224,24.79207,595.14511,0,14.05226,6.5014,0
223,Slovakia,Europe,Eastern Europe,Eastern Europe,0,0,0,0,0,0,0,0,0,0,0,0,0,0,0,0,0
224,Slovenia,Europe,Southern Europe,Western Europe,93.22146,15952.31608,4014.68948,1841.65984,5160.8698,3384.90619,1550.19081,24886.26226,-11883.66977,2949.72358,1503.19088,140.46332,1306.06939,6.91174,76.25055,162.89064,0
225,Solomon Islands,Oceania,Melanesia,Oceania,25.28645,3156.82892,123.4176,352.91376,2498.11495,158.64439,23.73795,1488.16755,401.63297,1267.0283,309.78639,36.7007,920.54124,6.96274,27.67682,27.89111,0
226,Somalia,Africa,Eastern Africa,Sub-Saharan Africa,0,0,0,0,0,0,0,0,0,0,0,0,0,0,0,0,0
227,South Africa,Africa,Southern Africa,Sub-Saharan Africa,98521.20107,6080546.413,1269283.118,809714.3076,2823364.839,832796.6808,345387.4096,11067346.04,-6534217.505,1547417.882,617164.5401,62555.684,867697.6582,0,13530.34641,75573.20934,0
228,South Georgia and the South Sandwich Islands,Antarctica,,,0,0,0,0,0,0,0,0,0,0,0,0,0,0,0,0,0
229,Spain,Europe,Southern Europe,Western Europe,21770.53497,1966635.54,405978.0424,206821.1546,658839.3083,549158.5233,145838.5203,3918680.9,-2247935.866,295890.5254,167761.6547,15398.27307,112730.5997,760.61185,13717.72768,61685.89058,0
230,Spratly Islands,Asia,South-Eastern Asia,East Asia,0,0,0,0,0,0,0,0,0,0,0,0,0,0,0,0,0
231,Sri Lanka,Asia,Southern Asia,South Asia,0,0,0,0,0,0,0,0,0,0,0,0,0,0,0,0,0
233,Suriname,Americas,South America,Central & South America,0,121.34384,3.4581,21.12729,88.2681,7.23227,1.25808,72.01221,14.35805,34.97358,11.63116,0.80387,22.53855,0,0.08818,9.0118,0
234,Svalbard and Jan Mayen Islands,Europe,Northern Europe,Western Europe,0,0,0,0,0,0,0,0,0,0,0,0,0,0,0,0,0
235,Swaziland,Africa,Southern Africa,Sub-Saharan Africa,1842.30825,77142.62201,29239.54018,16805.41301,7260.31117,14370.98821,9466.36951,298519.3311,-233530.6867,12153.97633,8254.48051,723.97117,3175.52446,0,212.63968,331.16507,0
236,Sweden,Europe,Northern Europe,Western Europe,0,0.00554,0.00067,0.001,0.00188,0.0017,0.00029,0.02061,-0.01555,0.00048,0.00042,0.00004,0.00003,0,0.00009,0.00016,0
237,Switzerland,Europe,Western Europe,Western Europe,0,0.00069,0.00026,0.00004,0.00015,0.00017,0.00007,0.00137,-0.00081,0.00013,0.00007,0.00001,0.00005,0,0,0.00001,0
238,Syrian Arab Republic,Asia,Western Asia,West Asia & Northern Africa,0,0,0,0,0,0,0,0,0,0,0,0,0,0,0,0,0
239,Tajikistan,Asia,Central Asia,West Asia & Northern Africa,4986.90961,372029.1698,133411.7238,56918.02677,124129.4413,38393.33835,19176.64313,553576.3552,-274099.7595,92552.57288,44787.09145,4053.72646,43711.75595,0,207.9861,6935.4195,0
240,Thailand,Asia,South-Eastern Asia,East Asia,8837.98413,1241900.287,56719.56859,184930.1121,899711.5591,53099.39335,47439.65854,851833.7777,-118243.9748,508310.4795,119808.0833,11653.13591,376849.2578,0,5115.69745,91828.47347,0
241,The former Yugoslav Republic of Macedonia,Europe,Southern Europe,Western Europe,0,0,0,0,0,0,0,0,0,0,0,0,0,0,0,0,0
242,Timor-Leste,Asia,South-Eastern Asia,East Asia,1938.80358,64920.08464,13034.61623,28035.09952,8611.11576,10533.99532,4705.25763,141404.8512,-84643.81922,8159.05304,6271.5446,473.40151,1414.10692,0,557.57389,2892.12342,0
243,Togo,Africa,Western Africa,Sub-Saharan Africa,53037.84829,2142636.231,449030.5157,526134.6985,517631.709,320790.0694,329049.2868,4453048.79,-2663129.797,352717.2345,194182.7473,17660.48875,140873.9966,0,12872.09076,6179.24922,0
244,Tokelau,Oceania,Polynesia,Oceania,0,0,0,0,0,0,0,0,0,0,0,0,0,0,0,0,0
245,Tonga,Oceania,Polynesia,Oceania,0,0,0,0,0,0,0,0,0,0,0,0,0,0,0,0,0
246,Trinidad and Tobago,Americas,Caribbean,Central & South America,60.5463,21803.51981,13139.65399,921.99375,7179.96175,316.53681,245.37308,3883.93373,5446.98258,12472.60321,3438.12616,228.0664,8806.4104,0,19.18015,15.28626,0
247,Tromelin Island,Africa,Eastern Africa,Sub-Saharan Africa,0,0,0,0,0,0,0,0,0,0,0,0,0,0,0,0,0
248,Tunisia,Africa,Northern Africa,West Asia & Northern Africa,2410.27473,99876.09019,34256.57416,19430.54568,20009.43452,17883.85471,8295.67914,122814.5816,-43443.12752,20504.63665,10795.31291,900.50072,8808.8222,0,211.62133,3458.28271,0
249,Turkey,Asia,Western Asia,West Asia & Northern Africa,0,0,0,0,0,0,0,0,0,0,0,0,0,0,0,0,0
250,Turkmenistan,Asia,Central Asia,West Asia & Northern Africa,17783.27277,578141.2403,269783.6559,150040.7192,0,128557.3495,29759.523,1288105.561,-796043.905,86079.59005,68960.80327,4654.24433,12464.54151,0,741.00828,21484.70902,0
251,Turks and Caicos islands,Americas,Caribbean,Central & South America,9.6292,401.67426,98.87041,137.77862,77.33453,48.146,39.54468,380.29236,-23.58533,44.9672,41.2854,3.1439,0.53791,0,5.85552,7.15192,0
252,Tuvalu,Oceania,Polynesia,Oceania,0,0,0,0,0,0,0,0,0,0,0,0,0,0,0,0,0
253,Uganda,Africa,Eastern Africa,Sub-Saharan Africa,161958.6328,10118788.13,5771332.137,1921001.438,205096.6416,1075300.044,1146057.928,26783929.36,-18611303.33,1946161.886,1366876.234,107792.112,471493.5917,0,17601.2912,23588.097,0
254,Ukraine,Europe,Eastern Europe,Eastern Europe,0,0,0,0,0,0,0,0,0,0,0,0,0,0,0,0,0
255,United Arab Emirates,Asia,Western Asia,West Asia & Northern Africa,432.59343,92765.14771,11604.26949,15216.52124,61801.53937,3228.67941,914.13437,83476.34993,-20484.91564,29773.71089,10022.66015,1029.41107,18721.64017,0,290.71553,149.13097,0
256,U.K. of Great Britain and Northern Ireland,Europe,Northern Europe,Western Europe,880.84473,151298.4888,22481.93095,13875.44867,59077.45134,45256.38225,10607.27605,371568.0674,-241164.2477,20894.66865,11791.67616,1025.99452,8076.99802,74.71774,638.83787,1255.86791,0
257,United Republic of Tanzania,Africa,Eastern Africa,Sub-Saharan Africa,59119.05946,3868575.982,2451493.873,490836.3231,177170.6409,411150.3535,337924.7358,9905277.955,-6833819.471,797117.5552,557099.486,38168.22032,201849.8444,0,4719.07549,23545.05483,0
258,United States Virgin Islands,Americas,Caribbean,Central & South America,0,0,0,0,0,0,0,0,0,0,0,0,0,0,0,0,0
259,United States of America,Americas,Northern America,North America,35222.73061,2629440.7,757603.9017,576935.7973,681801.8725,332851.6006,280247.5132,6753550.506,-4517778.439,393668.6454,277394.5474,22799.44962,93474.64743,0,11710.90879,44792.90449,0
260,Uruguay,Americas,South America,Central & South America,69.1436,5816.63711,2353.92802,892.95489,1334.54336,617.49286,617.71792,21004.49761,-16165.16397,977.30337,693.53542,65.04388,218.72406,0,6.95443,78.78953,0
261,Uzbekistan,Asia,Central Asia,West Asia & Northern Africa,0,0,0,0,0,0,0,0,0,0,0,0,0,0,0,0,0
262,Vanuatu,Oceania,Melanesia,Oceania,83.32361,6567.55821,386.67989,834.24855,4870.21434,416.61803,59.79743,2318.27222,1121.56585,3127.7202,647.78228,79.05413,2377.77578,9.36802,32.529,124.6866,0
263,Venezuela,Americas,South America,Central & South America,8710.39379,1024665.849,389684.4334,96215.97132,444905.6159,61533.17117,32326.66883,1367307.206,-722579.0756,379937.7371,132049.0451,13206.13988,234682.5454,0,453.32305,7811.255,0
264,Viet Nam,Asia,South-Eastern Asia,East Asia,20090.91344,3005924.426,528680.0879,550383.4737,1595955.441,159157.0115,171748.4374,3835774.379,-1560426.025,730576.0995,320369.9106,20918.28964,389181.7317,4365.21474,7487.0839,232536.0622,3578.69752
265,Wake Island,Oceania,Micronesia,Oceania,0,0,0,0,0,0,0,0,0,0,0,0,0,0,0,0,0
266,Wallis and Futuna,Oceania,Polynesia,Oceania,0,0,0,0,0,0,0,0,0,0,0,0,0,0,0,0,0
267,West Bank,Asia,Western Asia,West Asia & Northern Africa,0,0,0,0,0,0,0,0,0,0,0,0,0,0,0,0,0
268,Western Sahara,Africa,Northern Africa,West Asia & Northern Africa,0,0,0,0,0,0,0,0,0,0,0,0,0,0,0,0,0
269,Yemen,Asia,Western Asia,West Asia & Northern Africa,42997.80762,2101012.361,1128738.568,266233.8658,283803.6896,333437.0711,88799.18759,2135962.139,-566543.0951,531593.3491,280751.4697,19536.50067,231305.3838,0,2647.40433,20690.8743,0
270,Zambia,Africa,Eastern Africa,Sub-Saharan Africa,8738.59591,1133333.357,836865.9421,95375.93657,109725.8735,65052.76484,26312.8744,1407200.562,-672805.3113,398938.0514,187883.3583,12878.87411,198175.8359,0,724.93884,5596.85103,0
271,Zimbabwe,Africa,Eastern Africa,Sub-Saharan Africa,35430.87824,3151378.129,2268476.658,204317.3316,286217.6955,263625.0359,128741.5261,5285289.547,-3178557.626,1044646.284,502748.8364,48366.63406,493530.8319,0,10541.65183,418.33677,0
2647,Montenegro,Europe,Southern Europe,Western Europe,661.07206,76683.60659,12245.48965,11682.49327,23237.25078,22689.14899,6829.22373,161635.0763,-96672.60229,11721.13007,5941.07241,545.8635,5234.19397,43.53649,433.3939,1118.12152,0
2648,Serbia,Europe,Southern Europe,Western Europe,2935.52921,344349.9575,71276.18732,48300.76944,95944.03009,95363.78058,33465.18707,668991.2021,-380895.6098,56254.36327,28679.71781,2744.67844,24829.96703,180.02456,1509.60689,4419.79018,0
33364,Hong Kong,Asia,Eastern Asia,East Asia,254.14788,61430.64888,17754.78978,8035.30159,30716.07156,1312.1881,3612.29705,26661.44641,11796.20163,22973.00063,7426.09545,643.12974,14903.77572,0,309.36675,131.70931,0
40760,Hala'ib triangle,Africa,Northern Africa,West Asia & Northern Africa,0,0,0,0,0,0,0,0,0,0,0,0,0,0,0,0,0
40762,Ma'tan al-Sarra,Africa,Northern Africa,West Asia & Northern Africa,0,0,0,0,0,0,0,0,0,0,0,0,0,0,0,0,0
40765,Egypt,Africa,Northern Africa,West Asia & Northern Africa,1984.13313,451415.9449,50884.96797,65294.11889,314778.1772,12654.12501,7804.5546,260546.316,38017.21013,152852.4142,48184.22371,4925.50976,99742.68298,0,1259.55698,6750.07735,0
40781,Jammu and Kashmir,Asia,Eastern Asia,East Asia,28979.04175,1569272.356,611996.1027,492557.1403,0,200324.2738,264394.8247,3356655.729,-2045687.357,258303.9821,171654.9367,10691.65503,75957.39091,0,29795.00666,6011.46738,0
61013,Ilemi triangle,Africa,Northern Africa,West Asia & Northern Africa,1467.76312,167236.0184,140591.4331,1522.33755,0,14677.63132,10444.60233,137116.8552,-12926.97803,43046.12927,28270.51922,1626.98664,13148.62316,0,0,0,0
74578,Azores Islands,Europe,Southern Europe,Western Europe,0,0,0,0,0,0,0,0,0,0,0,0,0,0,0,0,0
