ADM0_CODE,ADM0_NAME,CONTINENT,REGION,REG_ANNEX5,Area,Crop_total_input,Crop_manure_input ,Crop_residue_input ,Crop_fertilizer_input ,Crop_BNF_input,Crop_atmospheric_input,Crop_total_output,Crop_total_stock_change,Crop_total_loss,Crop_total_ammonia,Crop_total_nitrous_oxide,crop_total_runoff_leaching,Blending_transport_concentrate,Feed_transport_processing,Field_operations,Trade
1,Afghanistan,Asia,Southern Asia,South Asia,484511.8219,15414540.35,2805379.364,6304866.139,1949076.664,3261282.155,1093936.209,28070581.71,-14413962.37,1757921.035,1386470.169,110158.3793,261292.4975,0,164048.257,683274.4313,0
2,Aksai Chin,Asia,Eastern Asia,East Asia,0,0,0,0,0,0,0,0,0,0,0,0,0,0,0,0,0
3,Albania,Europe,Southern Europe,Western Europe,26670.59936,3304949.144,1267538.797,565041.8948,648373.841,612526.7005,211467.9148,4042810.162,-1295666.64,557805.6782,374849.3442,28864.76373,154091.5659,7469.171461,19332.2717,51724.80909,631.4003178
4,Algeria,Africa,Northern Africa,West Asia & Northern Africa,1356727.806,162324843.8,129745154,9588026.072,7435831.34,10446446.84,5109384.154,64715289.98,23475051.3,74134502.24,27651416.9,1812891.172,44670200.83,0,181766.3728,1242986.781,0
5,American Samoa,Oceania,Polynesia,Oceania,0,0,0,0,0,0,0,0,0,0,0,0,0,0,0,0,0
6,Sudan,Africa,Northern Africa,West Asia & Northern Africa,1783093.871,90815039.62,54330558.01,11462795.77,9274518.579,12222450.74,3524713.676,61705419.97,-2259888.628,31369507.67,12939844,903823.7625,17525838.82,0,275977.0105,1012199.143,0
7,Andorra,Europe,Southern Europe,Western Europe,0,0,0,0,0,0,0,0,0,0,0,0,0,0,0,0,0
8,Angola,Africa,Middle Africa,Sub-Saharan Africa,0,0,0,0,0,0,0,0,0,0,0,0,0,0,0,0,0
9,Anguilla,Americas,Caribbean,Central & South America,0,0,0,0,0,0,0,0,0,0,0,0,0,0,0,0,0
10,Antarctica,Antarctica,,,0,0,0,0,0,0,0,0,0,0,0,0,0,0,0,0,0
11,Antigua and Barbuda,Americas,Caribbean,Central & South America,0,0,0,0,0,0,0,0,0,0,0,0,0,0,0,0,0
12,Argentina,Americas,South America,Central & South America,0,0,0,0,0,0,0,0,0,0,0,0,0,0,0,0,0
13,Armenia,Asia,Western Asia,West Asia & Northern Africa,10128.87555,668616.536,294323.032,99919.02585,132212.208,76496.02485,65666.2517,1009810.42,-461256.1406,120062.2949,82077.73036,6554.128944,31430.4352,0,2568.011,12378.60971,0
14,Aruba,Americas,Caribbean,Central & South America,0,0,0,0,0,0,0,0,0,0,0,0,0,0,0,0,0
15,Arunachal Pradesh,Asia,Eastern Asia,East Asia,0,0,0,0,0,0,0,0,0,0,0,0,0,0,0,0,0
16,Ashmore and Cartier Islands,Oceania,Australia and New Zealand,Oceania,0,0,0,0,0,0,0,0,0,0,0,0,0,0,0,0,0
17,Australia,Oceania,Australia and New Zealand,Oceania,0,0,0,0,0,0,0,0,0,0,0,0,0,0,0,0,0
18,Austria,Europe,Western Europe,Western Europe,2185.976685,371754.508,93598.00654,66066.7837,105568.2417,68639.87934,37881.59115,533615.1379,-224652.3442,62791.71599,35883.1038,2984.379081,23924.23235,958.8918516,2472.2875,4548.337834,0
19,Azerbaijan,Asia,Western Asia,West Asia & Northern Africa,8795.267789,605963.5027,335939.1391,95747.32714,50222.33387,63544.45889,60510.23643,821085.9004,-332696.3066,117573.9087,81784.79428,5515.955914,30273.15925,0,2672.8705,13965.77235,0
20,Bahamas,Americas,Caribbean,Central & South America,0,0,0,0,0,0,0,0,0,0,0,0,0,0,0,0,0
21,Bahrain,Asia,Western Asia,West Asia & Northern Africa,17.67874885,3165.001907,352.1164265,432.8476868,2177.215034,88.39374924,114.4290829,1311.066788,548.1841087,1305.750999,331.4295464,36.70703888,937.6144524,0,21.2047,20.54244542,0
22,Baker Island,Americas,Northern America,North America,0,0,0,0,0,0,0,0,0,0,0,0,0,0,0,0,0
23,Bangladesh,Asia,Southern Asia,South Asia,559.9844354,95755.65055,31193.37084,11889.72984,36017.48203,2917.383265,13737.68389,47610.82063,11660.3313,36484.49887,11029.39552,812.8387385,24642.26491,0,438.9326,2704.908642,0
24,Barbados,Americas,Caribbean,Central & South America,0,0,0,0,0,0,0,0,0,0,0,0,0,0,0,0,0
25,Bassas da India,Africa,Eastern Africa,Sub-Saharan Africa,0,0,0,0,0,0,0,0,0,0,0,0,0,0,0,0,0
26,Belarus,Europe,Eastern Europe,Eastern Europe,0,0,0,0,0,0,0,0,0,0,0,0,0,0,0,0,0
27,Belgium,Europe,Western Europe,Western Europe,0,0,0,0,0,0,0,0,0,0,0,0,0,0,0,0,0
28,Belize,Americas,Central America,Central & South America,0,0,0,0,0,0,0,0,0,0,0,0,0,0,0,0,0
29,Benin,Africa,Western Africa,Sub-Saharan Africa,0,0,0,0,0,0,0,0,0,0,0,0,0,0,0,0,0
30,Bermuda,Americas,Northern America,North America,0,0,0,0,0,0,0,0,0,0,0,0,0,0,0,0,0
31,Bhutan,Asia,Southern Asia,South Asia,0,0,0,0,0,0,0,0,0,0,0,0,0,0,0,0,0
32,Bird Island,Americas,Caribbean,Central & South America,0,0,0,0,0,0,0,0,0,0,0,0,0,0,0,0,0
33,Bolivia,Americas,South America,Central & South America,123460.1342,6278817.219,3502922.319,1237789.179,258057.0744,970577.3314,309471.2782,15177428.22,-10007328.24,1108717.26,850169.1014,54480.8025,204067.3675,0,47413.4681,253028.7703,0
34,Bosnia and Herzegovina,Europe,Southern Europe,Western Europe,11440.84489,1353527.875,285593.0144,283723.1281,380719.5314,284002.5446,119489.6752,1957899.793,-807746.3841,203374.4529,123562.8727,10481.41958,69330.16271,3601.31983,10096.6009,22472.78082,40.44557067
35,Botswana,Africa,Southern Africa,Sub-Saharan Africa,0,0,0,0,0,0,0,0,0,0,0,0,0,0,0,0,0
36,Bouvet Island,Antarctica,,,0,0,0,0,0,0,0,0,0,0,0,0,0,0,0,0,0
37,Brazil,Americas,South America,Central & South America,0,0,0,0,0,0,0,0,0,0,0,0,0,0,0,0,0
38,British Indian Ocean Territory,Africa,Eastern Africa,South Asia,0,0,0,0,0,0,0,0,0,0,0,0,0,0,0,0,0
39,British Virgin Islands,Americas,Caribbean,Central & South America,0,0,0,0,0,0,0,0,0,0,0,0,0,0,0,0,0
40,Brunei Darussalam,Asia,South-Eastern Asia,East Asia,0,0,0,0,0,0,0,0,0,0,0,0,0,0,0,0,0
41,Bulgaria,Europe,Eastern Europe,Eastern Europe,10456.37643,1116173.485,142862.9982,213303.3257,353096.5076,291206.3577,115704.3226,2162885.208,-1175989.555,129277.8301,85212.58418,7851.642865,36213.60221,2725.252149,8540.4146,18329.64756,16.06251752
42,Burkina Faso,Africa,Western Africa,Sub-Saharan Africa,26076.95964,1130968.319,652536.4755,108288.1124,54692.57495,212167.6807,103283.4745,3109572.402,-2249031.893,270427.8184,146805.3642,12221.67699,111400.7781,0,11.1303,3317.993805,0
43,Burundi,Africa,Eastern Africa,Sub-Saharan Africa,344.150443,20458.63443,12040.89144,3739.626248,421.9853541,1922.336504,2333.795104,22125.19574,-7711.491619,6044.931868,2824.339666,151.4479973,3069.144194,0,4.545,212.2535611,0
44,Cambodia,Asia,South-Eastern Asia,East Asia,0,0,0,0,0,0,0,0,0,0,0,0,0,0,0,0,0
45,Cameroon,Africa,Middle Africa,Sub-Saharan Africa,25967.0126,4891832.965,4417203.586,88911.69449,10811.98854,246794.5839,128110.9441,4958126.446,-1368923.72,1302629.927,893413.0516,50651.16869,358565.7772,0,1536.5286,866.098444,0
46,Canada,Americas,Northern America,North America,0,0,0,0,0,0,0,0,0,0,0,0,0,0,0,0,0
47,Cape Verde,Africa,Western Africa,Sub-Saharan Africa,0,0,0,0,0,0,0,0,0,0,0,0,0,0,0,0,0
48,Cayman Islands,Americas,Caribbean,Central & South America,0,0,0,0,0,0,0,0,0,0,0,0,0,0,0,0,0
49,Central African Republic,Africa,Middle Africa,Sub-Saharan Africa,0,0,0,0,0,0,0,0,0,0,0,0,0,0,0,0,0
50,Chad,Africa,Middle Africa,Sub-Saharan Africa,20507.72777,691018.0419,368624.8847,111135.1056,0,152986.7429,58271.30385,2009927.404,-1461374.116,142464.7384,84838.48882,7050.984877,50575.26444,0,5802.1402,2404.276397,0
51,Chile,Americas,South America,Central & South America,0,0,0,0,0,0,0,0,0,0,0,0,0,0,0,0,0
52,China/India,Asia,Eastern Asia,East Asia,0,0,0,0,0,0,0,0,0,0,0,0,0,0,0,0,0
53,China,Asia,Eastern Asia,East Asia,2416066.823,329578240.6,56811655.21,50209384.35,193596235.4,16819547.2,12141410.31,244965807.2,-17294356.02,101906789.6,35742893.63,3352220.018,62811675.46,0,1235723.389,6709404.463,0
54,Christmas Island,Asia,South-Eastern Asia,East Asia,0,0,0,0,0,0,0,0,0,0,0,0,0,0,0,0,0
55,Clipperton Island,Americas,Central America,Central & South America,0,0,0,0,0,0,0,0,0,0,0,0,0,0,0,0,0
56,Cocos (Keeling) Islands,Asia,South-Eastern Asia,East Asia,0,0,0,0,0,0,0,0,0,0,0,0,0,0,0,0,0
57,Colombia,Americas,South America,Central & South America,0,0,0,0,0,0,0,0,0,0,0,0,0,0,0,0,0
58,Comoros,Africa,Eastern Africa,Sub-Saharan Africa,0,0,0,0,0,0,0,0,0,0,0,0,0,0,0,0,0
59,Congo,Africa,Middle Africa,Sub-Saharan Africa,0,0,0,0,0,0,0,0,0,0,0,0,0,0,0,0,0
60,Cook Islands,Oceania,Polynesia,Oceania,0,0,0,0,0,0,0,0,0,0,0,0,0,0,0,0,0
61,Costa Rica,Americas,Central America,Central & South America,0,0,0,0,0,0,0,0,0,0,0,0,0,0,0,0,0
62,Croatia,Europe,Southern Europe,Western Europe,3758.900851,718153.5773,74389.22743,101897.1721,389695.3461,100811.2945,51360.5316,708168.7449,-197002.9382,206987.7749,64037.09734,6927.114306,136023.563,1367.159894,3810.4596,8112.102956,0
63,Cuba,Americas,Caribbean,Central & South America,0,0,0,0,0,0,0,0,0,0,0,0,0,0,0,0,0
64,Cyprus,Asia,Western Asia,West Asia & Northern Africa,6277.843091,568840.773,105782.9731,112336.4763,204404.0163,93395.1409,52922.16418,686507.3104,-197756.0558,80089.51706,52830.6445,4682.66169,22576.21168,1889.976945,3634.6267,5956.258929,351.4696918
65,Czech Republic,Europe,Eastern Europe,Eastern Europe,2282.357797,417803.5821,67092.47809,57320.31281,186214.4991,68787.03457,38389.25754,538963.2193,-215621.5494,94461.91027,37771.97717,3608.295875,53081.63794,725.0897266,2547.4121,4874.41153,0
66,C?te d'Ivoire,Africa,Western Africa,Sub-Saharan Africa,0,0,0,0,0,0,0,0,0,0,0,0,0,0,0,0,0
67,Dem People's Rep of Korea,Asia,Eastern Asia,East Asia,0,0,0,0,0,0,0,0,0,0,0,0,0,0,0,0,0
68,Democratic Republic of the Congo,Africa,Middle Africa,Sub-Saharan Africa,0,0,0,0,0,0,0,0,0,0,0,0,0,0,0,0,0
69,Denmark,Europe,Northern Europe,Western Europe,0,0,0,0,0,0,0,0,0,0,0,0,0,0,0,0,0
70,Djibouti,Africa,Eastern Africa,Sub-Saharan Africa,0,0,0,0,0,0,0,0,0,0,0,0,0,0,0,0,0
71,Dominica,Americas,Caribbean,Central & South America,0,0,0,0,0,0,0,0,0,0,0,0,0,0,0,0,0
72,Dominican Republic,Americas,Caribbean,Central & South America,0,0,0,0,0,0,0,0,0,0,0,0,0,0,0,0,0
73,Ecuador,Americas,South America,Central & South America,3890.669888,580658.4361,379003.3222,46107.83248,111278.9063,30805.22147,13463.15036,1011382.819,-597669.4269,166945.0529,91539.3371,6078.719127,69134.79363,0,2752.6516,6449.26771,0
74,South Sudan,Africa,Northern Africa,West Asia & Northern Africa,304639.2113,17225146.49,8664667.492,2387518.184,2118206.327,2174890.605,1879863.901,48689779.08,-34713147.75,3248515.159,2183505.904,153235.1152,911774.1194,0,72404.3955,108575.6548,0
75,El Salvador,Americas,Central America,Central & South America,0,0,0,0,0,0,0,0,0,0,0,0,0,0,0,0,0
76,Equatorial Guinea,Africa,Middle Africa,Sub-Saharan Africa,0,0,0,0,0,0,0,0,0,0,0,0,0,0,0,0,0
77,Eritrea,Africa,Eastern Africa,Sub-Saharan Africa,21626.21003,504834.4835,173843.5626,138325.0167,10530.16117,137285.8916,44849.8521,809042.6354,-366591.6264,62383.46707,49654.23046,3543.816001,8928.541696,0,37.2906,259.7540538,0
78,Estonia,Europe,Northern Europe,Western Europe,0,0,0,0,0,0,0,0,0,0,0,0,0,0,0,0,0
79,Ethiopia,Africa,Eastern Africa,Sub-Saharan Africa,112211.7755,3445852.208,1123425.592,541995.5612,248341.8776,987666.3973,544422.7602,8954460.639,-5940501.597,431893.2229,303718.8725,23737.71588,104436.6258,0,894.6194,225.0989429,0
80,Europa Island,Africa,Eastern Africa,Sub-Saharan Africa,0,0,0,0,0,0,0,0,0,0,0,0,0,0,0,0,0
81,Falkland Islands (Malvinas),Americas,South America,Central & South America,0,0,0,0,0,0,0,0,0,0,0,0,0,0,0,0,0
82,Faroe Islands,Europe,Northern Europe,Western Europe,0,0,0,0,0,0,0,0,0,0,0,0,0,0,0,0,0
83,Fiji,Oceania,Melanesia,Oceania,0,0,0,0,0,0,0,0,0,0,0,0,0,0,0,0,0
84,Finland,Europe,Northern Europe,Western Europe,0,0,0,0,0,0,0,0,0,0,0,0,0,0,0,0,0
85,France,Europe,Western Europe,Western Europe,26064.50627,5126052.518,1117909.532,768771.1286,1788885.061,1100482.141,350004.6938,7871119.798,-3585843.554,840776.2633,479347.5374,44479.8055,316948.9152,13275.63871,29852.107,48674.78769,0
86,French Guiana,Americas,South America,Central & South America,0,0,0,0,0,0,0,0,0,0,0,0,0,0,0,0,0
87,French Polynesia,Oceania,Polynesia,Oceania,0,0,0,0,0,0,0,0,0,0,0,0,0,0,0,0,0
88,French Southern and Antarctic Territories,Antarctica,,,0,0,0,0,0,0,0,0,0,0,0,0,0,0,0,0,0
89,Gabon,Africa,Middle Africa,Sub-Saharan Africa,0,0,0,0,0,0,0,0,0,0,0,0,0,0,0,0,0
90,Gambia,Africa,Western Africa,Sub-Saharan Africa,0,0,0,0,0,0,0,0,0,0,0,0,0,0,0,0,0
91,Gaza Strip,Asia,Western Asia,West Asia & Northern Africa,1559.211975,211757.8047,181674.4492,14539.09863,0,7796.060059,7748.192139,36565.21777,61893.96185,113298.605,37788.79785,2513.743057,72996.06592,0,0,0.163197219,0
92,Georgia,Asia,Western Asia,West Asia & Northern Africa,2886.850849,215286.6611,66485.22109,30302.87088,78369.32312,20129.54052,19999.70284,351041.7048,-195648.1334,59893.08916,24164.26397,2129.359138,33599.46663,0,1513.0659,1155.921628,0
93,Germany,Europe,Western Europe,Western Europe,0,0,0,0,0,0,0,0,0,0,0,0,0,0,0,0,0
94,Ghana,Africa,Western Africa,Sub-Saharan Africa,0,0,0,0,0,0,0,0,0,0,0,0,0,0,0,0,0
95,Gibraltar,Europe,Southern Europe,Western Europe,0,0,0,0,0,0,0,0,0,0,0,0,0,0,0,0,0
96,Glorioso Island,Africa,Eastern Africa,Sub-Saharan Africa,0,0,0,0,0,0,0,0,0,0,0,0,0,0,0,0,0
97,Greece,Europe,Southern Europe,Western Europe,148023.4158,25096679.07,8196182.914,3280434.523,9304850.859,3391699.144,923511.2219,23322069.68,-5451224.51,7225834.055,2897765.195,266900.7963,2762440.504,40995.7366,135426.7729,256453.8931,2989.931709
98,Greenland,Americas,Northern America,North America,0,0,0,0,0,0,0,0,0,0,0,0,0,0,0,0,0
99,Grenada,Americas,Caribbean,Central & South America,0,0,0,0,0,0,0,0,0,0,0,0,0,0,0,0,0
100,Guadeloupe,Americas,Caribbean,Central & South America,0,0,0,0,0,0,0,0,0,0,0,0,0,0,0,0,0
101,Guam,Oceania,Micronesia,Oceania,0,0,0,0,0,0,0,0,0,0,0,0,0,0,0,0,0
102,Abyei,Africa,Northern Africa,West Asia & Northern Africa,2957.390327,128252.5608,71183.27197,10739.15756,9502.246994,20742.81891,16085.06384,345236.5173,-254288.4056,37304.45035,16260.79499,1400.047016,19643.60841,0,563.0987,0.202839128,0
103,Guatemala,Americas,Central America,Central & South America,0,0,0,0,0,0,0,0,0,0,0,0,0,0,0,0,0
104,Guernsey,Europe,Northern Europe,Western Europe,0,0,0,0,0,0,0,0,0,0,0,0,0,0,0,0,0
105,Guinea-Bissau,Africa,Western Africa,Sub-Saharan Africa,2829.940906,158037.1357,102140.9378,23891.29317,0,21498.22762,10506.6798,452962.5032,-326685.2186,31759.84815,22817.31657,1934.996441,7007.535039,0,199.977,4216.025791,0
106,Guinea,Africa,Western Africa,Sub-Saharan Africa,4873.645778,212560.4735,107483.0286,42818.11304,1737.526492,38366.74131,22155.06353,1045332.001,-867124.651,34353.12612,25952.16972,2122.525843,6278.430702,0,353.3078,6231.955418,0
107,Guyana,Americas,South America,Central & South America,0,0,0,0,0,0,0,0,0,0,0,0,0,0,0,0,0
108,Haiti,Americas,Caribbean,Central & South America,0,0,0,0,0,0,0,0,0,0,0,0,0,0,0,0,0
109,Heard Island and McDonald Islands,Antarctica,,,0,0,0,0,0,0,0,0,0,0,0,0,0,0,0,0,0
110,Holy See,Europe,Southern Europe,Western Europe,0,0,0,0,0,0,0,0,0,0,0,0,0,0,0,0,0
111,Honduras,Americas,Central America,Central & South America,0,0,0,0,0,0,0,0,0,0,0,0,0,0,0,0,0
112,Howland Island,Americas,Northern America,North America,0,0,0,0,0,0,0,0,0,0,0,0,0,0,0,0,0
113,Hungary,Europe,Eastern Europe,Eastern Europe,155.4064447,20185.45666,2084.108767,3857.769173,7459.292412,4444.144424,2340.142003,34986.22745,-17685.92661,2885.15567,1548.527869,147.0467145,1189.58115,42.9225815,154.6745,322.7719066,0
114,Iceland,Europe,Northern Europe,Western Europe,0,0,0,0,0,0,0,0,0,0,0,0,0,0,0,0,0
115,India,Asia,Southern Asia,South Asia,0,0,0,0,0,0,0,0,0,0,0,0,0,0,0,0,0
116,Indonesia,Asia,South-Eastern Asia,East Asia,38240.8607,6631576.187,2368022.048,935968.309,2974351.972,207510.1954,145723.6313,4288607.77,95608.31203,2247360.078,864636.4388,55145.19243,1322436.571,0,21808.074,280183.656,0
117,Iran  (Islamic Republic of),Asia,Southern Asia,South Asia,782410.447,78358721.36,16186459.91,12720217.96,40981749.29,5492979.852,2977314.956,58357141.76,-2809263.605,22810843.43,8607488.744,748742.3728,13454608.95,0,233319.2196,1376353.667,0
118,Iraq,Asia,Western Asia,West Asia & Northern Africa,236275.6302,12579384.43,1995188.231,2409026.477,5242708.79,1594748.016,1337712.827,12773981.46,-2339510.61,2144913.5,1164211.158,105530.0318,875172.3249,0,44443.1102,444923.3735,0
119,Ireland,Europe,Northern Europe,Western Europe,0,0,0,0,0,0,0,0,0,0,0,0,0,0,0,0,0
120,Isle of Man,Europe,Northern Europe,Western Europe,0,0,0,0,0,0,0,0,0,0,0,0,0,0,0,0,0
121,Israel,Asia,Western Asia,West Asia & Northern Africa,227593.0921,7560371.938,4706859.773,80502.70219,246854.4482,1905004.263,621150.6081,693605.5087,2315802.43,4550963.93,974107.69,77543.02452,3499313.369,1211.892455,2962.5986,111966.9205,0
122,Italy,Europe,Southern Europe,Western Europe,98900.51569,14182174.64,2373120.736,2350565.135,5875808.834,2559382.648,1023297.054,17593890.36,-6043452.046,2631736.421,1297261.546,120173.8319,1214300.988,35365.70743,97421.324,184684.2851,0
123,Jamaica,Americas,Caribbean,Central & South America,0,0,0,0,0,0,0,0,0,0,0,0,0,0,0,0,0
126,Japan,Asia,Eastern Asia,East Asia,0,0,0,0,0,0,0,0,0,0,0,0,0,0,0,0,0
127,Jarvis Island,Americas,Northern America,North America,0,0,0,0,0,0,0,0,0,0,0,0,0,0,0,0,0
128,Jersey,Europe,Northern Europe,Western Europe,0,0,0,0,0,0,0,0,0,0,0,0,0,0,0,0,0
129,Johnston Atoll,Americas,Northern America,North America,0,0,0,0,0,0,0,0,0,0,0,0,0,0,0,0,0
130,Jordan,Asia,Western Asia,West Asia & Northern Africa,716113.923,23192761.8,9836795.945,1182282.609,2568533.364,6615284.035,2989866.087,9459311.224,3243100.423,10490350.34,2342440.767,203485.2724,7944424.191,16149.05452,38471.9897,385590.0205,11555.30134
131,Juan de Nova Island,Africa,Eastern Africa,Sub-Saharan Africa,0,0,0,0,0,0,0,0,0,0,0,0,0,0,0,0,0
132,Kazakhstan,Asia,Central Asia,West Asia & Northern Africa,34170.23618,825786.8736,199697.195,298720.1886,31433.27916,225569.5619,70366.6553,2070468.053,-1331846.913,87165.72397,72954.78677,5278.919074,8932.019355,0,696.4615,68015.38396,0
133,Kenya,Africa,Eastern Africa,Sub-Saharan Africa,57504.96111,3963727.767,2563978.799,325928.5131,272470.6505,475793.4255,325556.501,9185383.342,-6458146.801,1236491.395,572635.6764,41879.9452,621975.7428,0,1267.3868,13201.06859,0
134,Kingman Reef,Americas,Northern America,North America,0,0,0,0,0,0,0,0,0,0,0,0,0,0,0,0,0
135,Kiribati,Oceania,Micronesia,Oceania,0,0,0,0,0,0,0,0,0,0,0,0,0,0,0,0,0
136,Kuril islands,Asia,Eastern Asia,East Asia,0,0,0,0,0,0,0,0,0,0,0,0,0,0,0,0,0
137,Kuwait,Asia,Western Asia,West Asia & Northern Africa,673.2026527,59248.53,33000.99546,2248.419764,15634.90574,6835.953837,1528.254544,17601.03293,13378.34816,28269.14874,8388.531772,661.6449829,19218.9721,33.35580721,108.2513,415.5841217,0
138,Kyrgyzstan,Asia,Central Asia,West Asia & Northern Africa,30696.4426,1396735.84,578187.1877,227103.9377,254115.1656,237432.7283,99896.82494,3084821.678,-1987453.407,299367.5625,163759.3481,11798.26913,123809.9457,0,2661.9685,46605.09161,0
139,Lao People's Democratic Republic,Asia,South-Eastern Asia,East Asia,0,0,0,0,0,0,0,0,0,0,0,0,0,0,0,0,0
140,Latvia,Europe,Northern Europe,Western Europe,0,0,0,0,0,0,0,0,0,0,0,0,0,0,0,0,0
141,Lebanon,Asia,Western Asia,West Asia & Northern Africa,4423.0902,551669.9915,251413.1115,41355.19954,202040.2053,29942.86254,26918.6244,356878.1406,-42053.03376,236844.8854,74622.16138,6164.855685,156057.87,0,720.3023,5726.565451,0
142,Lesotho,Africa,Southern Africa,Sub-Saharan Africa,0,0,0,0,0,0,0,0,0,0,0,0,0,0,0,0,0
144,Liberia,Africa,Western Africa,Sub-Saharan Africa,0,0,0,0,0,0,0,0,0,0,0,0,0,0,0,0,0
145,Libya,Africa,Northern Africa,West Asia & Northern Africa,1968568.202,211443953.6,186566654.9,1515374.004,3145560.403,18803275.78,1413084.671,7161060.921,75536547,128746338.5,37779424.75,2580726.015,88386193.01,0,49975.7148,3046527.039,0
146,Liechtenstein,Europe,Western Europe,Western Europe,0,0,0,0,0,0,0,0,0,0,0,0,0,0,0,0,0
147,Lithuania,Europe,Northern Europe,Western Europe,0,0,0,0,0,0,0,0,0,0,0,0,0,0,0,0,0
148,Luxembourg,Europe,Western Europe,Western Europe,0,0,0,0,0,0,0,0,0,0,0,0,0,0,0,0,0
149,Macau,Asia,Eastern Asia,East Asia,0,0,0,0,0,0,0,0,0,0,0,0,0,0,0,0,0
150,Madagascar,Africa,Eastern Africa,Sub-Saharan Africa,0,0,0,0,0,0,0,0,0,0,0,0,0,0,0,0,0
151,Madeira Islands,Europe,Southern Europe,Western Europe,0,0,0,0,0,0,0,0,0,0,0,0,0,0,0,0,0
152,Malawi,Africa,Eastern Africa,Sub-Saharan Africa,0,0,0,0,0,0,0,0,0,0,0,0,0,0,0,0,0
153,Malaysia,Asia,South-Eastern Asia,East Asia,0,0,0,0,0,0,0,0,0,0,0,0,0,0,0,0,0
154,Maldives,Asia,Southern Asia,South Asia,0,0,0,0,0,0,0,0,0,0,0,0,0,0,0,0,0
155,Mali,Africa,Western Africa,Sub-Saharan Africa,419158.2284,14707948.33,4273162.472,4195436.226,3134817.584,2732543.283,371988.6825,28969473.99,-16471745.73,2210220.002,1587657.855,126040.5369,496521.6309,0,43721.2272,130993.2645,0
156,Malta,Europe,Southern Europe,Western Europe,0,0,0,0,0,0,0,0,0,0,0,0,0,0,0,0,0
157,Marshall Islands,Oceania,Micronesia,Oceania,0,0,0,0,0,0,0,0,0,0,0,0,0,0,0,0,0
158,Martinique,Americas,Caribbean,Central & South America,0,0,0,0,0,0,0,0,0,0,0,0,0,0,0,0,0
159,Mauritania,Africa,Western Africa,Sub-Saharan Africa,359917.6039,40932174.4,36478889.56,1530730.836,0,2562961.574,359592.0603,11668812.88,8183873.803,21079487.98,7448851.811,481988.6776,13148650.11,0,75339.7935,44111.29082,0
160,Mauritius,Africa,Eastern Africa,Sub-Saharan Africa,0,0,0,0,0,0,0,0,0,0,0,0,0,0,0,0,0
161,Mayotte,Africa,Eastern Africa,Sub-Saharan Africa,0,0,0,0,0,0,0,0,0,0,0,0,0,0,0,0,0
162,Mexico,Americas,Central America,Central & South America,0,0,0,0,0,0,0,0,0,0,0,0,0,0,0,0,0
163,Micronesia (Federated States of),Oceania,Micronesia,Oceania,0,0,0,0,0,0,0,0,0,0,0,0,0,0,0,0,0
164,Midway Island,Americas,Northern America,North America,0,0,0,0,0,0,0,0,0,0,0,0,0,0,0,0,0
165,"Moldova, Republic of",Europe,Eastern Europe,Eastern Europe,519.0352383,35731.51025,6205.929382,8181.613678,2966.507622,10832.76462,7544.696106,75102.38501,-42532.80664,3161.931221,2355.998001,189.3205252,616.6126146,90.53781128,271.9745,1023.916012,0
166,Monaco,Europe,Western Europe,Western Europe,0,0,0,0,0,0,0,0,0,0,0,0,0,0,0,0,0
167,Mongolia,Asia,Eastern Asia,East Asia,115197.6315,10397531.45,1404228.397,2117301.795,5684280.965,692509.9545,499210.3873,8284239.245,-1120286.22,3233578.421,1061004.002,107912.5367,2064661.927,0,88033.5063,66652.98573,0
168,Montserrat,Americas,Caribbean,Central & South America,0,0,0,0,0,0,0,0,0,0,0,0,0,0,0,0,0
169,Morocco,Africa,Northern Africa,West Asia & Northern Africa,77563.67773,3449184.141,1062504.363,509000.3089,1075045.281,582951.9049,219682.3375,3293004.837,-727150.7464,883330.0152,370905.4181,30194.50917,482230.1074,0,10237.4497,93881.13474,0
170,Mozambique,Africa,Eastern Africa,Sub-Saharan Africa,0,0,0,0,0,0,0,0,0,0,0,0,0,0,0,0,0
171,Myanmar,Asia,South-Eastern Asia,East Asia,265.3352971,21854.47612,10356.26206,4997.029404,2978.429065,1565.523755,1957.232331,31255.0134,-13140.64487,3740.107407,2868.798313,247.6701814,623.6390183,0,133.6999,879.4577256,0
172,Namibia,Africa,Southern Africa,Sub-Saharan Africa,0,0,0,0,0,0,0,0,0,0,0,0,0,0,0,0,0
173,Nauru,Oceania,Micronesia,Oceania,0,0,0,0,0,0,0,0,0,0,0,0,0,0,0,0,0
174,Navassa Island,Americas,Northern America,North America,0,0,0,0,0,0,0,0,0,0,0,0,0,0,0,0,0
175,Nepal,Asia,Southern Asia,South Asia,26991.69664,2207520.072,761660.4682,374330.2994,409844.265,160951.6903,500733.3502,2246656.388,-606552.0179,567415.7197,230749.5453,19351.87851,317314.2928,0,13271.5446,32508.47744,0
176,Netherlands Antilles,Americas,Caribbean,Central & South America,0,0,0,0,0,0,0,0,0,0,0,0,0,0,0,0,0
177,Netherlands,Europe,Western Europe,Western Europe,0,0,0,0,0,0,0,0,0,0,0,0,0,0,0,0,0
178,New Caledonia,Oceania,Melanesia,Oceania,0,0,0,0,0,0,0,0,0,0,0,0,0,0,0,0,0
179,New Zealand,Oceania,Australia and New Zealand,Oceania,0,0,0,0,0,0,0,0,0,0,0,0,0,0,0,0,0
180,Nicaragua,Americas,Central America,Central & South America,0,0,0,0,0,0,0,0,0,0,0,0,0,0,0,0,0
181,Niger,Africa,Western Africa,Sub-Saharan Africa,199007.6207,7469963.388,4707361.337,1100151.28,34092.45596,1337198.257,291160.1857,9218420.826,-4159751.544,2411293.944,1054896.627,70751.70915,1285645.847,0,24576.4106,39865.30797,0
182,Nigeria,Africa,Western Africa,Sub-Saharan Africa,0,0,0,0,0,0,0,0,0,0,0,0,0,0,0,0,0
183,Niue,Oceania,Polynesia,Oceania,0,0,0,0,0,0,0,0,0,0,0,0,0,0,0,0,0
184,Norfolk Island,Oceania,Australia and New Zealand,Oceania,0,0,0,0,0,0,0,0,0,0,0,0,0,0,0,0,0
185,Northern Mariana Islands,Oceania,Micronesia,Oceania,0,0,0,0,0,0,0,0,0,0,0,0,0,0,0,0,0
186,Norway,Europe,Northern Europe,Western Europe,0,0,0,0,0,0,0,0,0,0,0,0,0,0,0,0,0
187,Oman,Asia,Western Asia,West Asia & Northern Africa,14929.82162,1659172.907,297016.0686,270095.3249,949110.4706,114157.0578,28793.99031,1099633.921,96998.36479,462540.6404,181323.7926,17199.56494,264017.269,0,7378.9259,5136.270798,0
188,Pakistan,Asia,Southern Asia,South Asia,78517.35489,6024586.908,2220384.464,448120.3164,2218119.23,708725.8249,429237.0624,2510937.145,924461.377,2589188.387,710700.8489,60264.07782,1818223.461,0,2823.5561,51905.84802,0
189,Palau,Oceania,Micronesia,Oceania,0,0,0,0,0,0,0,0,0,0,0,0,0,0,0,0,0
190,Palmyra Atoll,Americas,Northern America,North America,0,0,0,0,0,0,0,0,0,0,0,0,0,0,0,0,0
191,Panama,Americas,Central America,Central & South America,0,0,0,0,0,0,0,0,0,0,0,0,0,0,0,0,0
192,Papua New Guinea,Oceania,Melanesia,Oceania,0,0,0,0,0,0,0,0,0,0,0,0,0,0,0,0,0
193,Paracel Islands,Asia,South-Eastern Asia,East Asia,0,0,0,0,0,0,0,0,0,0,0,0,0,0,0,0,0
194,Paraguay,Americas,South America,Central & South America,0,0,0,0,0,0,0,0,0,0,0,0,0,0,0,0,0
195,Peru,Americas,South America,Central & South America,0,0,0,0,0,0,0,0,0,0,0,0,0,0,0,0,0
196,Philippines,Asia,South-Eastern Asia,East Asia,0,0,0,0,0,0,0,0,0,0,0,0,0,0,0,0,0
197,Pitcairn,Oceania,Polynesia,Oceania,0,0,0,0,0,0,0,0,0,0,0,0,0,0,0,0,0
198,Poland,Europe,Eastern Europe,Eastern Europe,252.2953118,43188.02414,6609.533673,5091.885242,20527.0124,7479.506498,3480.085849,57166.69724,-23065.59386,9086.920799,3883.79638,371.7499539,4831.37445,70.9494812,254.395,532.1291966,0
199,Portugal,Europe,Southern Europe,Western Europe,22588.16351,2854873.619,665117.3044,383393.4553,1017813.594,620749.9587,167799.3206,4224536.525,-1813627.318,443964.4037,273144.1683,24748.22673,146072.0078,8676.290058,21629.4517,40025.84606,1186.51911
200,Puerto Rico,Americas,Caribbean,Central & South America,0,0,0,0,0,0,0,0,0,0,0,0,0,0,0,0,0
201,Qatar,Asia,Western Asia,West Asia & Northern Africa,3382.103004,328907.4874,203200.3419,34845.01741,54343.81895,25949.2856,10569.01841,141743.1179,61705.03356,125459.3243,49558.95149,3471.540071,72428.83644,0,1574.5294,3135.131932,0
202,Republic of Korea,Asia,Eastern Asia,East Asia,0,0,0,0,0,0,0,0,0,0,0,0,0,0,0,0,0
203,Romania,Europe,Eastern Europe,Eastern Europe,100541.6611,12134228.05,2970477.892,1837250.795,3462898.584,2452173.823,1411427.185,17784436.45,-7748752.174,2098543.873,1124110.532,96430.22518,878003.1049,22250.96121,76340.4941,212300.6534,2169.491546
204,Russian Federation,Europe,Eastern Europe,Russian Federation,1079.678718,76925.10506,12685.48714,14906.32949,26091.85156,19022.17726,4219.25916,122267.1664,-56068.1434,10726.08214,6636.915376,574.1245271,3220.627887,158.1520522,453.9498,1571.606264,0
205,Rwanda,Africa,Eastern Africa,Sub-Saharan Africa,1504.231517,70089.68306,39271.65249,13388.23436,235.0242391,8279.944971,8914.823967,89766.14291,-33324.39747,13647.93909,9216.656824,712.2432667,3719.038809,0,0,0.938998485,0
206,R?union,Africa,Eastern Africa,Sub-Saharan Africa,0,0,0,0,0,0,0,0,0,0,0,0,0,0,0,0,0
207,Saint Helena,Africa,Western Africa,Sub-Saharan Africa,0,0,0,0,0,0,0,0,0,0,0,0,0,0,0,0,0
208,Saint Kitts and Nevis,Americas,Caribbean,Central & South America,0,0,0,0,0,0,0,0,0,0,0,0,0,0,0,0,0
209,Saint Lucia,Americas,Caribbean,Central & South America,0,0,0,0,0,0,0,0,0,0,0,0,0,0,0,0,0
210,Saint Pierre et Miquelon,Americas,Northern America,Oceania,0,0,0,0,0,0,0,0,0,0,0,0,0,0,0,0,0
211,Saint Vincent and the Grenadines,Americas,Caribbean,Central & South America,0,0,0,0,0,0,0,0,0,0,0,0,0,0,0,0,0
212,Samoa,Oceania,Polynesia,Oceania,0,0,0,0,0,0,0,0,0,0,0,0,0,0,0,0,0
213,San Marino,Europe,Southern Europe,Western Europe,0,0,0,0,0,0,0,0,0,0,0,0,0,0,0,0,0
214,Sao Tome and Principe,Africa,Middle Africa,Sub-Saharan Africa,0,0,0,0,0,0,0,0,0,0,0,0,0,0,0,0,0
215,Saudi Arabia,Asia,Western Asia,West Asia & Northern Africa,5508889.684,130675268.7,64641083.58,2976007.702,5000629.525,45927987.73,12129576.65,17952676.01,34852258.63,77870345.63,13725878.91,1313966.235,62830487.55,41303.17524,87302.0193,81426.3233,22343.5808
216,Scarborough Reef,Asia,South-Eastern Asia,East Asia,0,0,0,0,0,0,0,0,0,0,0,0,0,0,0,0,0
217,Senegal,Africa,Western Africa,Sub-Saharan Africa,9496.614398,333877.9698,162861.9398,55268.42086,21660.97637,77000.87574,17085.75538,1133188.322,-857891.7245,58581.36064,40265.32838,3465.686591,14850.34616,0,552.1261,3268.314026,0
218,Senkaku Islands,Asia,Eastern Asia,East Asia,0,0,0,0,0,0,0,0,0,0,0,0,0,0,0,0,0
220,Seychelles,Africa,Eastern Africa,Sub-Saharan Africa,0,0,0,0,0,0,0,0,0,0,0,0,0,0,0,0,0
221,Sierra Leone,Africa,Western Africa,Sub-Saharan Africa,0,0,0,0,0,0,0,0,0,0,0,0,0,0,0,0,0
222,Singapore,Asia,South-Eastern Asia,East Asia,0,0,0,0,0,0,0,0,0,0,0,0,0,0,0,0,0
223,Slovakia,Europe,Eastern Europe,Eastern Europe,6811.62882,968206.4854,151891.7073,148904.9725,376638.162,187089.5834,103682.0755,1433703.305,-666827.7548,201330.9464,82932.65467,7930.69465,110467.5983,1775.982483,6450.3151,14453.18724,0
224,Slovenia,Europe,Southern Europe,Western Europe,242.7574796,44271.7616,8841.862615,6988.856624,17331.32779,6970.063567,4139.651771,49890.26636,-15303.74868,9685.243842,4200.390965,387.7989901,5097.053788,97.49436947,274.9161,440.286473,0
225,Solomon Islands,Oceania,Melanesia,Oceania,0,0,0,0,0,0,0,0,0,0,0,0,0,0,0,0,0
226,Somalia,Africa,Eastern Africa,Sub-Saharan Africa,2928653.654,50657770.9,14124342.86,9638377.264,0,18823973.67,8071077.887,44394706.44,-9731817.749,15994882.78,3788706.268,342206.0101,11863970.4,0,1971.7806,161813.0266,0
227,South Africa,Africa,Southern Africa,Sub-Saharan Africa,0,0,0,0,0,0,0,0,0,0,0,0,0,0,0,0,0
228,South Georgia and the South Sandwich Islands,Antarctica,,,0,0,0,0,0,0,0,0,0,0,0,0,0,0,0,0,0
229,Spain,Europe,Southern Europe,Western Europe,81663.41186,12212600.8,2471329.309,1898091.145,5283193.536,1963768.887,596217.9785,13999801.63,-4325956.473,2538755.62,1212394.349,110479.7796,1215881.499,30238.33037,86603.6984,241500.9186,48894.65001
230,Spratly Islands,Asia,South-Eastern Asia,East Asia,0,0,0,0,0,0,0,0,0,0,0,0,0,0,0,0,0
231,Sri Lanka,Asia,Southern Asia,South Asia,0,0,0,0,0,0,0,0,0,0,0,0,0,0,0,0,0
233,Suriname,Americas,South America,Central & South America,0,0,0,0,0,0,0,0,0,0,0,0,0,0,0,0,0
234,Svalbard and Jan Mayen Islands,Europe,Northern Europe,Western Europe,0,0,0,0,0,0,0,0,0,0,0,0,0,0,0,0,0
235,Swaziland,Africa,Southern Africa,Sub-Saharan Africa,0,0,0,0,0,0,0,0,0,0,0,0,0,0,0,0,0
236,Sweden,Europe,Northern Europe,Western Europe,0,0,0,0,0,0,0,0,0,0,0,0,0,0,0,0,0
237,Switzerland,Europe,Western Europe,Western Europe,1043.756448,190134.4211,50966.7225,19442.39017,67837.04178,33707.2385,18181.03024,257015.0164,-106976.071,40095.47453,18921.28762,1650.161514,19524.0253,480.9556892,1247.6446,2140.879813,0
238,Syrian Arab Republic,Asia,Western Asia,West Asia & Northern Africa,862278.9429,46268320.15,10440415.29,6649160.941,18800332.12,5263415.623,5114995.883,30967351.83,-1070708.319,16371676.12,4633032.36,446686.0388,11291957.71,0,89172.5779,1729702.921,0
239,Tajikistan,Asia,Central Asia,West Asia & Northern Africa,0,0,0,0,0,0,0,0,0,0,0,0,0,0,0,0,0
240,Thailand,Asia,South-Eastern Asia,East Asia,0,0,0,0,0,0,0,0,0,0,0,0,0,0,0,0,0
241,The former Yugoslav Republic of Macedonia,Europe,Southern Europe,Western Europe,11936.86244,1361060.768,318823.8413,243906.1028,410372.4183,272609.897,115348.532,1795608.868,-637725.2682,203177.1636,129192.6203,11196.28885,62788.25519,3333.069373,9350.2028,25439.31307,192.1418434
242,Timor-Leste,Asia,South-Eastern Asia,East Asia,0,0,0,0,0,0,0,0,0,0,0,0,0,0,0,0,0
243,Togo,Africa,Western Africa,Sub-Saharan Africa,0,0,0,0,0,0,0,0,0,0,0,0,0,0,0,0,0
244,Tokelau,Oceania,Polynesia,Oceania,0,0,0,0,0,0,0,0,0,0,0,0,0,0,0,0,0
245,Tonga,Oceania,Polynesia,Oceania,0,0,0,0,0,0,0,0,0,0,0,0,0,0,0,0,0
246,Trinidad and Tobago,Americas,Caribbean,Central & South America,0,0,0,0,0,0,0,0,0,0,0,0,0,0,0,0,0
247,Tromelin Island,Africa,Eastern Africa,Sub-Saharan Africa,0,0,0,0,0,0,0,0,0,0,0,0,0,0,0,0,0
248,Tunisia,Africa,Northern Africa,West Asia & Northern Africa,19460.27851,5000373.32,4552772.89,91787.11086,129388.7024,158580.3584,67844.55195,573066.0773,1645600.536,2781706.982,932672.1712,61526.6998,1787508.063,0,3198.0738,26205.59225,0
249,Turkey,Asia,Western Asia,West Asia & Northern Africa,85985.89824,6882142.67,1369429.842,1420512.544,2989795.968,591969.3002,510435.0523,9686258.107,-4255518.193,1451402.769,714916.8256,66959.79939,669526.1268,0,28244.2069,179749.4663,0
250,Turkmenistan,Asia,Central Asia,West Asia & Northern Africa,0,0,0,0,0,0,0,0,0,0,0,0,0,0,0,0,0
251,Turks and Caicos islands,Americas,Caribbean,Central & South America,0,0,0,0,0,0,0,0,0,0,0,0,0,0,0,0,0
252,Tuvalu,Oceania,Polynesia,Oceania,0,0,0,0,0,0,0,0,0,0,0,0,0,0,0,0,0
253,Uganda,Africa,Eastern Africa,Sub-Saharan Africa,0,0,0,0,0,0,0,0,0,0,0,0,0,0,0,0,0
254,Ukraine,Europe,Eastern Europe,Eastern Europe,6767.201557,821547.3542,165987.9332,116970.3194,285271.8572,156033.7,97283.53922,1117117.408,-450126.9826,154556.9314,73421.80372,6528.847152,74606.28117,1419.24929,4516.0582,13462.04997,0
255,United Arab Emirates,Asia,Western Asia,West Asia & Northern Africa,23379.76931,4248956.2,1878783.853,435340.8871,1683292.94,202967.2385,48571.14011,1997887.203,584879.9217,1666189.05,587620.1722,47837.30313,1030548.352,0,9774.3854,10849.94358,0
256,U.K. of Great Britain and Northern Ireland,Europe,Northern Europe,Western Europe,0,0,0,0,0,0,0,0,0,0,0,0,0,0,0,0,0
257,United Republic of Tanzania,Africa,Eastern Africa,Sub-Saharan Africa,0,0,0,0,0,0,0,0,0,0,0,0,0,0,0,0,0
258,United States Virgin Islands,Americas,Caribbean,Central & South America,0,0,0,0,0,0,0,0,0,0,0,0,0,0,0,0,0
259,United States of America,Americas,Northern America,North America,0,0,0,0,0,0,0,0,0,0,0,0,0,0,0,0,0
260,Uruguay,Americas,South America,Central & South America,0,0,0,0,0,0,0,0,0,0,0,0,0,0,0,0,0
261,Uzbekistan,Asia,Central Asia,West Asia & Northern Africa,0,0,0,0,0,0,0,0,0,0,0,0,0,0,0,0,0
262,Vanuatu,Oceania,Melanesia,Oceania,0,0,0,0,0,0,0,0,0,0,0,0,0,0,0,0,0
263,Venezuela,Americas,South America,Central & South America,0,0,0,0,0,0,0,0,0,0,0,0,0,0,0,0,0
264,Viet Nam,Asia,South-Eastern Asia,East Asia,0,0,0,0,0,0,0,0,0,0,0,0,0,0,0,0,0
265,Wake Island,Oceania,Micronesia,Oceania,0,0,0,0,0,0,0,0,0,0,0,0,0,0,0,0,0
266,Wallis and Futuna,Oceania,Polynesia,Oceania,0,0,0,0,0,0,0,0,0,0,0,0,0,0,0,0,0
267,West Bank,Asia,Western Asia,West Asia & Northern Africa,15869.84344,2095579.424,1453225.656,136341.8497,297650.967,131427.8574,76933.14941,634573.9561,506227.142,954778.3494,334044.4006,23573.29881,597160.5638,0,3771.5667,3098.997185,0
268,Western Sahara,Africa,Northern Africa,West Asia & Northern Africa,0,0,0,0,0,0,0,0,0,0,0,0,0,0,0,0,0
269,Yemen,Asia,Western Asia,West Asia & Northern Africa,380180.6415,14585168.19,6025524.018,2319829.597,2537011.565,2982416.655,720386.2317,12334169.9,-844978.2573,3095976.551,1690788.933,122048.6195,1283137.937,0,31895.755,206710.366,0
270,Zambia,Africa,Eastern Africa,Sub-Saharan Africa,0,0,0,0,0,0,0,0,0,0,0,0,0,0,0,0,0
271,Zimbabwe,Africa,Eastern Africa,Sub-Saharan Africa,0,0,0,0,0,0,0,0,0,0,0,0,0,0,0,0,0
2647,Montenegro,Europe,Southern Europe,Western Europe,2743.997367,384811.0415,62843.13649,69333.07008,152470.4244,70762.97664,29401.44347,489932.9927,-182158.8472,77036.89746,34748.97682,3240.068227,39047.85151,899.0541663,2520.021,5163.810233,11.1364872
2648,Serbia,Europe,Southern Europe,Western Europe,3768.484529,523189.3633,85964.71885,93883.13278,206337.1282,95907.21222,41097.16253,660930.7911,-240637.9242,102896.4932,47214.97117,4439.977193,51241.54512,1212.236819,3328.9166,7948.479339,0
33364,Hong Kong,Asia,Eastern Asia,East Asia,0,0,0,0,0,0,0,0,0,0,0,0,0,0,0,0,0
40760,Hala'ib triangle,Africa,Northern Africa,West Asia & Northern Africa,0,0,0,0,0,0,0,0,0,0,0,0,0,0,0,0,0
40762,Ma'tan al-Sarra,Africa,Northern Africa,West Asia & Northern Africa,0,0,0,0,0,0,0,0,0,0,0,0,0,0,0,0,0
40765,Egypt,Africa,Northern Africa,West Asia & Northern Africa,68369.085,13057969.69,3165809.845,1506610.62,7670409.579,468737.6934,246401.9357,6337874.523,1856348.214,4863747.04,1550863.987,144515.4039,3168367.584,0,39806.517,194117.7571,0
40781,Jammu and Kashmir,Asia,Eastern Asia,East Asia,0,0,0,0,0,0,0,0,0,0,0,0,0,0,0,0,0
61013,Ilemi triangle,Africa,Northern Africa,West Asia & Northern Africa,0,0,0,0,0,0,0,0,0,0,0,0,0,0,0,0,0
74578,Azores Islands,Europe,Southern Europe,Western Europe,0,0,0,0,0,0,0,0,0,0,0,0,0,0,0,0,0
