ADM0_CODE,ADM0_NAME,CONTINENT,REGION,REG_ANNEX5,Area,Crop_total_input,Crop_manure_input ,Crop_residue_input ,Crop_fertilizer_input ,Crop_BNF_input,Crop_atmospheric_input,Crop_total_output,Crop_total_stock_change,Crop_total_loss,Crop_total_ammonia,Crop_total_nitrous_oxide,crop_total_runoff_leaching,Blending_transport_concentrate,Feed_transport_processing,Field_operations,Trade
1,Afghanistan,Asia,Southern Asia,South Asia,273968.9674,10298859.6,3590334.744,3255154.618,922620.1581,1901126.18,629623.8826,19055985.91,-10473101.38,1715975.028,1135844.435,79536.48609,500594.1048,0,12105.78135,542162.7915,0
2,Aksai Chin,Asia,Eastern Asia,East Asia,0,0,0,0,0,0,0,0,0,0,0,0,0,0,0,0,0
3,Albania,Europe,Southern Europe,Western Europe,0,0,0,0,0,0,0,0,0,0,0,0,0,0,0,0,0
4,Algeria,Africa,Northern Africa,West Asia & Northern Africa,0,0,0,0,0,0,0,0,0,0,0,0,0,0,0,0,0
5,American Samoa,Oceania,Polynesia,Oceania,0,0,0,0,0,0,0,0,0,0,0,0,0,0,0,0,0
6,Sudan,Africa,Northern Africa,West Asia & Northern Africa,0,0,0,0,0,0,0,0,0,0,0,0,0,0,0,0,0
7,Andorra,Europe,Southern Europe,Western Europe,0,0,0,0,0,0,0,0,0,0,0,0,0,0,0,0,0
8,Angola,Africa,Middle Africa,Sub-Saharan Africa,0,0,0,0,0,0,0,0,0,0,0,0,0,0,0,0,0
9,Anguilla,Americas,Caribbean,Central & South America,0,0,0,0,0,0,0,0,0,0,0,0,0,0,0,0,0
10,Antarctica,Antarctica,,,0,0,0,0,0,0,0,0,0,0,0,0,0,0,0,0,0
11,Antigua and Barbuda,Americas,Caribbean,Central & South America,0,0,0,0,0,0,0,0,0,0,0,0,0,0,0,0,0
12,Argentina,Americas,South America,Central & South America,1208.124518,102930.6072,40769.70287,22057.88665,25055.94978,9215.585749,5831.485568,296697.8796,-209436.1774,15668.9039,12865.32446,1233.672498,1569.907117,0,132.2312051,2678.204352,0
13,Armenia,Asia,Western Asia,West Asia & Northern Africa,1082.006342,60487.9724,24928.19453,8716.841052,9810.519421,9036.61458,7995.803636,134937.6048,-84347.5989,9897.967774,6838.374968,507.2564462,2552.336574,0,138.2125089,1090.696099,0
14,Aruba,Americas,Caribbean,Central & South America,0,0,0,0,0,0,0,0,0,0,0,0,0,0,0,0,0
15,Arunachal Pradesh,Asia,Eastern Asia,East Asia,519.8705,28884.9694,10101.85594,13763.61859,0,2833.152668,2186.342261,52257.71955,-27317.06389,3944.314244,3396.732983,101.7334195,445.8478971,0,66.99550492,22.12046362,0
16,Ashmore and Cartier Islands,Oceania,Australia and New Zealand,Oceania,0,0,0,0,0,0,0,0,0,0,0,0,0,0,0,0,0
17,Australia,Oceania,Australia and New Zealand,Oceania,0,0,0,0,0,0,0,0,0,0,0,0,0,0,0,0,0
18,Austria,Europe,Western Europe,Western Europe,0,0,0,0,0,0,0,0,0,0,0,0,0,0,0,0,0
19,Azerbaijan,Asia,Western Asia,West Asia & Northern Africa,0,0,0,0,0,0,0,0,0,0,0,0,0,0,0,0,0
20,Bahamas,Americas,Caribbean,Central & South America,0,0,0,0,0,0,0,0,0,0,0,0,0,0,0,0,0
21,Bahrain,Asia,Western Asia,West Asia & Northern Africa,0,0,0,0,0,0,0,0,0,0,0,0,0,0,0,0,0
22,Baker Island,Americas,Northern America,North America,0,0,0,0,0,0,0,0,0,0,0,0,0,0,0,0,0
23,Bangladesh,Asia,Southern Asia,South Asia,1258968.225,298496788.3,127474796.6,34766117.78,92714818,6902102.123,36638954.7,121775055.7,56041558.29,120680195,38243052.68,2095935.161,80341196.21,0,126233.8912,18271286.79,0
24,Barbados,Americas,Caribbean,Central & South America,0,0,0,0,0,0,0,0,0,0,0,0,0,0,0,0,0
25,Bassas da India,Africa,Eastern Africa,Sub-Saharan Africa,0,0,0,0,0,0,0,0,0,0,0,0,0,0,0,0,0
26,Belarus,Europe,Eastern Europe,Eastern Europe,0,0,0,0,0,0,0,0,0,0,0,0,0,0,0,0,0
27,Belgium,Europe,Western Europe,Western Europe,0,0,0,0,0,0,0,0,0,0,0,0,0,0,0,0,0
28,Belize,Americas,Central America,Central & South America,0,0,0,0,0,0,0,0,0,0,0,0,0,0,0,0,0
29,Benin,Africa,Western Africa,Sub-Saharan Africa,0,0,0,0,0,0,0,0,0,0,0,0,0,0,0,0,0
30,Bermuda,Americas,Northern America,North America,0,0,0,0,0,0,0,0,0,0,0,0,0,0,0,0,0
31,Bhutan,Asia,Southern Asia,South Asia,875.7050685,50352.6738,14833.49455,18911.44591,8309.943291,4641.498737,3656.292903,68683.46912,-25311.33523,6980.541075,5688.837802,224.291587,1067.412211,0,79.48085923,11872.3628,0
32,Bird Island,Americas,Caribbean,Central & South America,0,0,0,0,0,0,0,0,0,0,0,0,0,0,0,0,0
33,Bolivia,Americas,South America,Central & South America,0,0,0,0,0,0,0,0,0,0,0,0,0,0,0,0,0
34,Bosnia and Herzegovina,Europe,Southern Europe,Western Europe,0,0,0,0,0,0,0,0,0,0,0,0,0,0,0,0,0
35,Botswana,Africa,Southern Africa,Sub-Saharan Africa,0,0,0,0,0,0,0,0,0,0,0,0,0,0,0,0,0
36,Bouvet Island,Antarctica,,,0,0,0,0,0,0,0,0,0,0,0,0,0,0,0,0,0
37,Brazil,Americas,South America,Central & South America,248224.7055,29825216.68,8542844.328,5188440.649,12790054.76,1914286.093,1389589.94,35335773.09,-11639547.56,6128991.176,3506418.408,325261.2576,2297311.482,31296.68461,45353.26497,759987.8744,0
38,British Indian Ocean Territory,Africa,Eastern Africa,South Asia,0,0,0,0,0,0,0,0,0,0,0,0,0,0,0,0,0
39,British Virgin Islands,Americas,Caribbean,Central & South America,0,0,0,0,0,0,0,0,0,0,0,0,0,0,0,0,0
40,Brunei Darussalam,Asia,South-Eastern Asia,East Asia,261.4000044,86405.65644,66339.97179,4311.165895,13618.29981,1307.000029,829.2202365,10790.30897,28519.03867,47096.30641,15060.94137,596.804097,31438.56042,0,21.44538778,4546.114108,0
41,Bulgaria,Europe,Eastern Europe,Eastern Europe,0,0,0,0,0,0,0,0,0,0,0,0,0,0,0,0,0
42,Burkina Faso,Africa,Western Africa,Sub-Saharan Africa,0,0,0,0,0,0,0,0,0,0,0,0,0,0,0,0,0
43,Burundi,Africa,Eastern Africa,Sub-Saharan Africa,0,0,0,0,0,0,0,0,0,0,0,0,0,0,0,0,0
44,Cambodia,Asia,South-Eastern Asia,East Asia,430285.2714,24015814.02,6514898.886,8685819.913,3344491.311,2562227.518,2908376.59,50727012.48,-30087564.99,3376366.597,2506010.905,125947.2453,744408.435,0,53417.67942,8230534.941,0
45,Cameroon,Africa,Middle Africa,Sub-Saharan Africa,0,0,0,0,0,0,0,0,0,0,0,0,0,0,0,0,0
46,Canada,Americas,Northern America,North America,0,0,0,0,0,0,0,0,0,0,0,0,0,0,0,0,0
47,Cape Verde,Africa,Western Africa,Sub-Saharan Africa,0,0,0,0,0,0,0,0,0,0,0,0,0,0,0,0,0
48,Cayman Islands,Americas,Caribbean,Central & South America,0,0,0,0,0,0,0,0,0,0,0,0,0,0,0,0,0
49,Central African Republic,Africa,Middle Africa,Sub-Saharan Africa,0,0,0,0,0,0,0,0,0,0,0,0,0,0,0,0,0
50,Chad,Africa,Middle Africa,Sub-Saharan Africa,0,0,0,0,0,0,0,0,0,0,0,0,0,0,0,0,0
51,Chile,Americas,South America,Central & South America,0,0,0,0,0,0,0,0,0,0,0,0,0,0,0,0,0
52,China/India,Asia,Eastern Asia,East Asia,0,0,0,0,0,0,0,0,0,0,0,0,0,0,0,0,0
53,China,Asia,Eastern Asia,East Asia,2523227.948,489543629.2,133145277.5,69883662.3,226714856.1,16543473.29,43256350.53,471366527.2,-125383472.4,143560571.1,56288907.88,4025359.906,83246303.54,0,957060.0985,25180052.99,0
54,Christmas Island,Asia,South-Eastern Asia,East Asia,0,0,0,0,0,0,0,0,0,0,0,0,0,0,0,0,0
55,Clipperton Island,Americas,Central America,Central & South America,0,0,0,0,0,0,0,0,0,0,0,0,0,0,0,0,0
56,Cocos (Keeling) Islands,Asia,South-Eastern Asia,East Asia,0,0,0,0,0,0,0,0,0,0,0,0,0,0,0,0,0
57,Colombia,Americas,South America,Central & South America,47458.9997,8888354.614,4389788.59,726673.6976,3202995.658,347375.4375,221521.2398,10747044.04,-4854724.466,2996035.046,1270924.65,112458.7685,1612651.625,0,11025.00462,146478.9049,0
58,Comoros,Africa,Eastern Africa,Sub-Saharan Africa,0,0,0,0,0,0,0,0,0,0,0,0,0,0,0,0,0
59,Congo,Africa,Middle Africa,Sub-Saharan Africa,0,0,0,0,0,0,0,0,0,0,0,0,0,0,0,0,0
60,Cook Islands,Oceania,Polynesia,Oceania,0,0,0,0,0,0,0,0,0,0,0,0,0,0,0,0,0
61,Costa Rica,Americas,Central America,Central & South America,0,0,0,0,0,0,0,0,0,0,0,0,0,0,0,0,0
62,Croatia,Europe,Southern Europe,Western Europe,0,0,0,0,0,0,0,0,0,0,0,0,0,0,0,0,0
63,Cuba,Americas,Caribbean,Central & South America,0,0,0,0,0,0,0,0,0,0,0,0,0,0,0,0,0
64,Cyprus,Asia,Western Asia,West Asia & Northern Africa,3074.179316,229967.4551,54695.93895,37004.82725,83079.57516,30756.82907,24430.28697,332605.9741,-140112.5349,37474.01307,22947.62801,2146.559666,12379.82605,305.3740336,422.8097729,1641.677939,0
65,Czech Republic,Europe,Eastern Europe,Eastern Europe,0,0,0,0,0,0,0,0,0,0,0,0,0,0,0,0,0
66,C?te d'Ivoire,Africa,Western Africa,Sub-Saharan Africa,0,0,0,0,0,0,0,0,0,0,0,0,0,0,0,0,0
67,Dem People's Rep of Korea,Asia,Eastern Asia,East Asia,131995.7773,26765556.54,21189686.06,2289125.041,495319.6979,849407.5022,1942017.183,16446168.28,3106225.973,7213162.38,4516382.055,248031.6869,2448748.39,0,153491.1677,121359.8676,0
68,Democratic Republic of the Congo,Africa,Middle Africa,Sub-Saharan Africa,0,0,0,0,0,0,0,0,0,0,0,0,0,0,0,0,0
69,Denmark,Europe,Northern Europe,Western Europe,0,0,0,0,0,0,0,0,0,0,0,0,0,0,0,0,0
70,Djibouti,Africa,Eastern Africa,Sub-Saharan Africa,0,0,0,0,0,0,0,0,0,0,0,0,0,0,0,0,0
71,Dominica,Americas,Caribbean,Central & South America,0,0,0,0,0,0,0,0,0,0,0,0,0,0,0,0,0
72,Dominican Republic,Americas,Caribbean,Central & South America,0,0,0,0,0,0,0,0,0,0,0,0,0,0,0,0,0
73,Ecuador,Americas,South America,Central & South America,0,0,0,0,0,0,0,0,0,0,0,0,0,0,0,0,0
74,South Sudan,Africa,Northern Africa,West Asia & Northern Africa,0,0,0,0,0,0,0,0,0,0,0,0,0,0,0,0,0
75,El Salvador,Americas,Central America,Central & South America,0,0,0,0,0,0,0,0,0,0,0,0,0,0,0,0,0
76,Equatorial Guinea,Africa,Middle Africa,Sub-Saharan Africa,0,0,0,0,0,0,0,0,0,0,0,0,0,0,0,0,0
77,Eritrea,Africa,Eastern Africa,Sub-Saharan Africa,0,0,0,0,0,0,0,0,0,0,0,0,0,0,0,0,0
78,Estonia,Europe,Northern Europe,Western Europe,0,0,0,0,0,0,0,0,0,0,0,0,0,0,0,0,0
79,Ethiopia,Africa,Eastern Africa,Sub-Saharan Africa,0,0,0,0,0,0,0,0,0,0,0,0,0,0,0,0,0
80,Europa Island,Africa,Eastern Africa,Sub-Saharan Africa,0,0,0,0,0,0,0,0,0,0,0,0,0,0,0,0,0
81,Falkland Islands (Malvinas),Americas,South America,Central & South America,0,0,0,0,0,0,0,0,0,0,0,0,0,0,0,0,0
82,Faroe Islands,Europe,Northern Europe,Western Europe,0,0,0,0,0,0,0,0,0,0,0,0,0,0,0,0,0
83,Fiji,Oceania,Melanesia,Oceania,0,0,0,0,0,0,0,0,0,0,0,0,0,0,0,0,0
84,Finland,Europe,Northern Europe,Western Europe,0,0,0,0,0,0,0,0,0,0,0,0,0,0,0,0,0
85,France,Europe,Western Europe,Western Europe,0,0,0,0,0,0,0,0,0,0,0,0,0,0,0,0,0
86,French Guiana,Americas,South America,Central & South America,0,0,0,0,0,0,0,0,0,0,0,0,0,0,0,0,0
87,French Polynesia,Oceania,Polynesia,Oceania,0,0,0,0,0,0,0,0,0,0,0,0,0,0,0,0,0
88,French Southern and Antarctic Territories,Antarctica,,,0,0,0,0,0,0,0,0,0,0,0,0,0,0,0,0,0
89,Gabon,Africa,Middle Africa,Sub-Saharan Africa,0,0,0,0,0,0,0,0,0,0,0,0,0,0,0,0,0
90,Gambia,Africa,Western Africa,Sub-Saharan Africa,0,0,0,0,0,0,0,0,0,0,0,0,0,0,0,0,0
91,Gaza Strip,Asia,Western Asia,West Asia & Northern Africa,0,0,0,0,0,0,0,0,0,0,0,0,0,0,0,0,0
92,Georgia,Asia,Western Asia,West Asia & Northern Africa,0,0,0,0,0,0,0,0,0,0,0,0,0,0,0,0,0
93,Germany,Europe,Western Europe,Western Europe,0,0,0,0,0,0,0,0,0,0,0,0,0,0,0,0,0
94,Ghana,Africa,Western Africa,Sub-Saharan Africa,0,0,0,0,0,0,0,0,0,0,0,0,0,0,0,0,0
95,Gibraltar,Europe,Southern Europe,Western Europe,0,0,0,0,0,0,0,0,0,0,0,0,0,0,0,0,0
96,Glorioso Island,Africa,Eastern Africa,Sub-Saharan Africa,0,0,0,0,0,0,0,0,0,0,0,0,0,0,0,0,0
97,Greece,Europe,Southern Europe,Western Europe,0,0,0,0,0,0,0,0,0,0,0,0,0,0,0,0,0
98,Greenland,Americas,Northern America,North America,0,0,0,0,0,0,0,0,0,0,0,0,0,0,0,0,0
99,Grenada,Americas,Caribbean,Central & South America,0,0,0,0,0,0,0,0,0,0,0,0,0,0,0,0,0
100,Guadeloupe,Americas,Caribbean,Central & South America,0,0,0,0,0,0,0,0,0,0,0,0,0,0,0,0,0
101,Guam,Oceania,Micronesia,Oceania,0,0,0,0,0,0,0,0,0,0,0,0,0,0,0,0,0
102,Abyei,Africa,Northern Africa,West Asia & Northern Africa,0,0,0,0,0,0,0,0,0,0,0,0,0,0,0,0,0
103,Guatemala,Americas,Central America,Central & South America,421.6112051,51895.03673,19769.92076,6905.123824,21109.41638,2694.127096,1416.449818,61226.79665,-24072.6025,14740.84422,6755.438312,611.7464465,7373.659877,0,102.6378211,825.4317791,0
104,Guernsey,Europe,Northern Europe,Western Europe,0,0,0,0,0,0,0,0,0,0,0,0,0,0,0,0,0
105,Guinea-Bissau,Africa,Western Africa,Sub-Saharan Africa,0,0,0,0,0,0,0,0,0,0,0,0,0,0,0,0,0
106,Guinea,Africa,Western Africa,Sub-Saharan Africa,0,0,0,0,0,0,0,0,0,0,0,0,0,0,0,0,0
107,Guyana,Americas,South America,Central & South America,0,0,0,0,0,0,0,0,0,0,0,0,0,0,0,0,0
108,Haiti,Americas,Caribbean,Central & South America,0,0,0,0,0,0,0,0,0,0,0,0,0,0,0,0,0
109,Heard Island and McDonald Islands,Antarctica,,,0,0,0,0,0,0,0,0,0,0,0,0,0,0,0,0,0
110,Holy See,Europe,Southern Europe,Western Europe,0,0,0,0,0,0,0,0,0,0,0,0,0,0,0,0,0
111,Honduras,Americas,Central America,Central & South America,0,0,0,0,0,0,0,0,0,0,0,0,0,0,0,0,0
112,Howland Island,Americas,Northern America,North America,0,0,0,0,0,0,0,0,0,0,0,0,0,0,0,0,0
113,Hungary,Europe,Eastern Europe,Eastern Europe,0,0,0,0,0,0,0,0,0,0,0,0,0,0,0,0,0
114,Iceland,Europe,Northern Europe,Western Europe,0,0,0,0,0,0,0,0,0,0,0,0,0,0,0,0,0
115,India,Asia,Southern Asia,South Asia,47227568.31,7567018207,1067636373,991337926.9,4367961824,260376430.9,879705876.2,3850216606,593842401.6,3122959193,749457252.8,74159656.26,2299342276,29880.84082,5902542.516,180228162,0
116,Indonesia,Asia,South-Eastern Asia,East Asia,940649.5072,156890612.6,48663775.38,25594223.12,73931726.01,5058470.147,3642418.322,108152805.3,1474585.359,47263222.21,19685350.11,1163551.104,26414321.06,0,180400.8482,9633159.105,0
117,Iran  (Islamic Republic of),Asia,Southern Asia,South Asia,0,0,0,0,0,0,0,0,0,0,0,0,0,0,0,0,0
118,Iraq,Asia,Western Asia,West Asia & Northern Africa,284756.8199,16510126.43,3117972.536,3096483.817,6946928.765,1823566.441,1525174.846,15720470.87,-2738433.551,3528089.055,1627935.762,148216.3834,1751936.896,0,10357.92377,545366.1689,0
119,Ireland,Europe,Northern Europe,Western Europe,0,0,0,0,0,0,0,0,0,0,0,0,0,0,0,0,0
120,Isle of Man,Europe,Northern Europe,Western Europe,0,0,0,0,0,0,0,0,0,0,0,0,0,0,0,0,0
121,Israel,Asia,Western Asia,West Asia & Northern Africa,8918.691157,967732.6637,346975.9091,183053.1906,292468.251,88105.43258,57129.87502,1483313.716,-715072.6243,199491.5788,116947.3259,9759.084333,72785.17148,1171.122803,1440.387511,4371.582954,0
122,Italy,Europe,Southern Europe,Western Europe,0,0,0,0,0,0,0,0,0,0,0,0,0,0,0,0,0
123,Jamaica,Americas,Caribbean,Central & South America,0,0,0,0,0,0,0,0,0,0,0,0,0,0,0,0,2121.517129
126,Japan,Asia,Eastern Asia,East Asia,64035.93614,5588305.349,1423362.05,1222006.371,1998506.841,514812.1086,429618.0774,10303154.82,-5530965.629,816116.0727,606723.7066,50740.80798,158651.5769,3772.796753,26979.62086,79900.67868,0
127,Jarvis Island,Americas,Northern America,North America,0,0,0,0,0,0,0,0,0,0,0,0,0,0,0,0,0
128,Jersey,Europe,Northern Europe,Western Europe,0,0,0,0,0,0,0,0,0,0,0,0,0,0,0,0,0
129,Johnston Atoll,Americas,Northern America,North America,0,0,0,0,0,0,0,0,0,0,0,0,0,0,0,0,0
130,Jordan,Asia,Western Asia,West Asia & Northern Africa,164.0750662,10664.77147,2318.256396,2884.651094,3105.355336,1442.972918,913.5352748,22509.73413,-13222.66554,1377.700854,1062.651984,90.0478419,225.0010877,4.691594062,18.44671597,62.00471488,0
131,Juan de Nova Island,Africa,Eastern Africa,Sub-Saharan Africa,0,0,0,0,0,0,0,0,0,0,0,0,0,0,0,0,0
132,Kazakhstan,Asia,Central Asia,West Asia & Northern Africa,2626.780404,79765.42009,23579.44371,29684.80367,2766.562524,16372.81595,7361.795892,161401.1526,-92267.03479,10631.30513,7961.025396,571.9359044,2098.343752,0,57.12484143,4767.468982,0
133,Kenya,Africa,Eastern Africa,Sub-Saharan Africa,0,0,0,0,0,0,0,0,0,0,0,0,0,0,0,0,0
134,Kingman Reef,Americas,Northern America,North America,0,0,0,0,0,0,0,0,0,0,0,0,0,0,0,0,0
135,Kiribati,Oceania,Micronesia,Oceania,0,0,0,0,0,0,0,0,0,0,0,0,0,0,0,0,0
136,Kuril islands,Asia,Eastern Asia,East Asia,0,0,0,0,0,0,0,0,0,0,0,0,0,0,0,0,0
137,Kuwait,Asia,Western Asia,West Asia & Northern Africa,855.6203165,171155.2711,144318.1474,3145.844757,13330.09537,8463.923737,1897.258556,24892.95074,53289.52775,92972.79446,30511.22105,2077.595034,60383.97873,22.36406124,55.30180335,508.797616,0
138,Kyrgyzstan,Asia,Central Asia,West Asia & Northern Africa,2893.129451,151590.421,40962.85599,42701.00142,37585.3144,20121.61187,10219.63828,295474.3554,-168423.2606,24539.32913,16221.20307,1298.113064,7020.013097,82.69581434,340.6476784,4273.494611,0
139,Lao People's Democratic Republic,Asia,South-Eastern Asia,East Asia,212283.8782,12600398.98,5589531.556,3395448.976,472253.6342,1495473.439,1647691.424,41849671.11,-31161425.66,1912153.091,1504676.579,83093.48803,324383.0205,0,82362.41703,1334389.12,0
140,Latvia,Europe,Northern Europe,Western Europe,0,0,0,0,0,0,0,0,0,0,0,0,0,0,0,0,0
141,Lebanon,Asia,Western Asia,West Asia & Northern Africa,4965.062953,571221.5579,219977.6983,74528.64417,213653.0158,34537.91926,28524.27671,610515.5828,-217942.5618,178648.5344,72813.70848,5980.079108,99854.7466,0,173.1574451,4414.786624,0
142,Lesotho,Africa,Southern Africa,Sub-Saharan Africa,0,0,0,0,0,0,0,0,0,0,0,0,0,0,0,0,0
144,Liberia,Africa,Western Africa,Sub-Saharan Africa,0,0,0,0,0,0,0,0,0,0,0,0,0,0,0,0,0
145,Libya,Africa,Northern Africa,West Asia & Northern Africa,0,0,0,0,0,0,0,0,0,0,0,0,0,0,0,0,0
146,Liechtenstein,Europe,Western Europe,Western Europe,0,0,0,0,0,0,0,0,0,0,0,0,0,0,0,0,0
147,Lithuania,Europe,Northern Europe,Western Europe,0,0,0,0,0,0,0,0,0,0,0,0,0,0,0,0,0
148,Luxembourg,Europe,Western Europe,Western Europe,0,0,0,0,0,0,0,0,0,0,0,0,0,0,0,0,0
149,Macau,Asia,Eastern Asia,East Asia,0,0,0,0,0,0,0,0,0,0,0,0,0,0,0,0,0
150,Madagascar,Africa,Eastern Africa,Sub-Saharan Africa,0,0,0,0,0,0,0,0,0,0,0,0,0,0,0,0,0
151,Madeira Islands,Europe,Southern Europe,Western Europe,0,0,0,0,0,0,0,0,0,0,0,0,0,0,0,0,0
152,Malawi,Africa,Eastern Africa,Sub-Saharan Africa,0,0,0,0,0,0,0,0,0,0,0,0,0,0,0,0,0
153,Malaysia,Asia,South-Eastern Asia,East Asia,43047.81185,5550523.233,567690.4633,815116.3119,3710736.601,246027.3433,210952.5336,5246116.309,-1818935.934,2123342.837,566123.3828,48792.88817,1508426.588,0,9838.912607,313019.335,0
154,Maldives,Asia,Southern Asia,South Asia,0,0,0,0,0,0,0,0,0,0,0,0,0,0,0,0,0
155,Mali,Africa,Western Africa,Sub-Saharan Africa,0,0,0,0,0,0,0,0,0,0,0,0,0,0,0,0,0
156,Malta,Europe,Southern Europe,Western Europe,0,0,0,0,0,0,0,0,0,0,0,0,0,0,0,0,0
157,Marshall Islands,Oceania,Micronesia,Oceania,0,0,0,0,0,0,0,0,0,0,0,0,0,0,0,0,0
158,Martinique,Americas,Caribbean,Central & South America,0,0,0,0,0,0,0,0,0,0,0,0,0,0,0,0,0
159,Mauritania,Africa,Western Africa,Sub-Saharan Africa,0,0,0,0,0,0,0,0,0,0,0,0,0,0,0,0,0
160,Mauritius,Africa,Eastern Africa,Sub-Saharan Africa,0,0,0,0,0,0,0,0,0,0,0,0,0,0,0,0,0
161,Mayotte,Africa,Eastern Africa,Sub-Saharan Africa,0,0,0,0,0,0,0,0,0,0,0,0,0,0,0,0,0
162,Mexico,Americas,Central America,Central & South America,0,0,0,0,0,0,0,0,0,0,0,0,0,0,0,0,0
163,Micronesia (Federated States of),Oceania,Micronesia,Oceania,0,0,0,0,0,0,0,0,0,0,0,0,0,0,0,0,0
164,Midway Island,Americas,Northern America,North America,0,0,0,0,0,0,0,0,0,0,0,0,0,0,0,0,0
165,"Moldova, Republic of",Europe,Eastern Europe,Eastern Europe,3249.629748,188939.3087,33004.70263,57800.75575,20649.98442,30223.73819,47260.13728,369581.525,-201302.8516,20660.63752,14446.01463,1190.389244,5024.233383,395.0960891,686.6394296,8031.34949,0
166,Monaco,Europe,Western Europe,Western Europe,0,0,0,0,0,0,0,0,0,0,0,0,0,0,0,0,0
167,Mongolia,Asia,Eastern Asia,East Asia,9851.526831,560202.0555,130093.1378,94889.30911,228855.8158,78414.93481,27948.8596,970539.44,-556062.1232,145724.7408,58393.14192,5180.807101,82150.79359,0,1711.161344,3867.140384,0
168,Montserrat,Americas,Caribbean,Central & South America,0,0,0,0,0,0,0,0,0,0,0,0,0,0,0,0,0
169,Morocco,Africa,Northern Africa,West Asia & Northern Africa,0,0,0,0,0,0,0,0,0,0,0,0,0,0,0,0,0
170,Mozambique,Africa,Eastern Africa,Sub-Saharan Africa,0,0,0,0,0,0,0,0,0,0,0,0,0,0,0,0,0
171,Myanmar,Asia,South-Eastern Asia,East Asia,791333.035,55931037.11,18226565.93,17458745.71,9180420.018,4488539.439,6576766.658,85395738.54,-37698032.01,8233330.89,6309229.859,351232.9506,1572868.18,0,152090.864,4371427.325,0
172,Namibia,Africa,Southern Africa,Sub-Saharan Africa,0,0,0,0,0,0,0,0,0,0,0,0,0,0,0,0,0
173,Nauru,Oceania,Micronesia,Oceania,0,0,0,0,0,0,0,0,0,0,0,0,0,0,0,0,0
174,Navassa Island,Americas,Northern America,North America,0,0,0,0,0,0,0,0,0,0,0,0,0,0,0,0,0
175,Nepal,Asia,Southern Asia,South Asia,1002388.723,86462005.39,30203430.1,17295247.16,15538165.56,5808177.383,17616984.99,98276514.59,-31241657.17,19427147.36,9324027.2,606499.948,9496620.141,0,189894.3029,5482420.248,0
176,Netherlands Antilles,Americas,Caribbean,Central & South America,0,0,0,0,0,0,0,0,0,0,0,0,0,0,0,0,0
177,Netherlands,Europe,Western Europe,Western Europe,0,0,0,0,0,0,0,0,0,0,0,0,0,0,0,0,0
178,New Caledonia,Oceania,Melanesia,Oceania,0,0,0,0,0,0,0,0,0,0,0,0,0,0,0,0,0
179,New Zealand,Oceania,Australia and New Zealand,Oceania,0,0,0,0,0,0,0,0,0,0,0,0,0,0,0,0,0
180,Nicaragua,Americas,Central America,Central & South America,0,0,0,0,0,0,0,0,0,0,0,0,0,0,0,0,0
181,Niger,Africa,Western Africa,Sub-Saharan Africa,0,0,0,0,0,0,0,0,0,0,0,0,0,0,0,0,0
182,Nigeria,Africa,Western Africa,Sub-Saharan Africa,0,0,0,0,0,0,0,0,0,0,0,0,0,0,0,0,0
183,Niue,Oceania,Polynesia,Oceania,0,0,0,0,0,0,0,0,0,0,0,0,0,0,0,0,0
184,Norfolk Island,Oceania,Australia and New Zealand,Oceania,0,0,0,0,0,0,0,0,0,0,0,0,0,0,0,0,0
185,Northern Mariana Islands,Oceania,Micronesia,Oceania,0,0,0,0,0,0,0,0,0,0,0,0,0,0,0,0,0
186,Norway,Europe,Northern Europe,Western Europe,0,0,0,0,0,0,0,0,0,0,0,0,0,0,0,0,0
187,Oman,Asia,Western Asia,West Asia & Northern Africa,3572.300594,288662.4489,42041.16281,53057.19001,158919.5063,29500.81137,5143.77211,497202.7085,-281551.3311,73011.06472,29605.90283,2945.355662,40459.80889,0,222.171906,708.7342021,0
188,Pakistan,Asia,Southern Asia,South Asia,3586441.471,604424035.8,164366174.5,60664053.95,333143383.6,22524982.03,23725454.19,309879130.2,19504283.92,275040622.4,72253979.64,6665070.92,196121572.6,6842.213548,385473.2893,4290944.67,1555.692079
189,Palau,Oceania,Micronesia,Oceania,0,0,0,0,0,0,0,0,0,0,0,0,0,0,0,0,0
190,Palmyra Atoll,Americas,Northern America,North America,0,0,0,0,0,0,0,0,0,0,0,0,0,0,0,0,0
191,Panama,Americas,Central America,Central & South America,749.1005224,70546.34829,39917.70221,10212.22353,12183.51106,4896.741546,3336.169016,130399.5546,-76002.67776,16149.466,10223.11401,748.2539441,5178.0986,0,72.54486235,2530.665808,0
192,Papua New Guinea,Oceania,Melanesia,Oceania,0,0,0,0,0,0,0,0,0,0,0,0,0,0,0,0,0
193,Paracel Islands,Asia,South-Eastern Asia,East Asia,0,0,0,0,0,0,0,0,0,0,0,0,0,0,0,0,0
194,Paraguay,Americas,South America,Central & South America,0,0,0,0,0,0,0,0,0,0,0,0,0,0,0,0,0
195,Peru,Americas,South America,Central & South America,0,0,0,0,0,0,0,0,0,0,0,0,0,0,0,0,0
196,Philippines,Asia,South-Eastern Asia,East Asia,2009894.961,204750232.9,40243492.44,43644521.62,101710159,11516768.2,7635288.176,222858823.5,-59161712.84,41053121.96,22584166.44,1401308.913,17067646.82,0,361727.6307,10837951.87,0
197,Pitcairn,Oceania,Polynesia,Oceania,0,0,0,0,0,0,0,0,0,0,0,0,0,0,0,0,0
198,Poland,Europe,Eastern Europe,Eastern Europe,0,0,0,0,0,0,0,0,0,0,0,0,0,0,0,0,0
199,Portugal,Europe,Southern Europe,Western Europe,0,0,0,0,0,0,0,0,0,0,0,0,0,0,0,0,0
200,Puerto Rico,Americas,Caribbean,Central & South America,0,0,0,0,0,0,0,0,0,0,0,0,0,0,0,0,0
201,Qatar,Asia,Western Asia,West Asia & Northern Africa,26.53760475,2867.445258,1146.612487,449.1855708,971.7752804,177.1876792,122.6842835,1599.997936,448.7377139,818.7095573,371.4185694,28.83861078,418.4523935,0,5.842646142,26.86829052,330.3350721
202,Republic of Korea,Asia,Eastern Asia,East Asia,27096.50483,5077899.651,1903470.152,567150.2181,2086360.819,197212.7624,323705.773,4581794.393,-1323858.028,1819963.279,646045.1224,55062.5761,1118855.576,1310.304619,10026.39484,54512.97574,0
203,Romania,Europe,Eastern Europe,Eastern Europe,0,0,0,0,0,0,0,0,0,0,0,0,0,0,0,0,0
204,Russian Federation,Europe,Eastern Europe,Russian Federation,180.428972,12053.10108,766.6595869,3080.336429,5946.852213,1603.291207,655.9615728,19775.97211,-9683.876522,1961.005365,1056.050742,107.9530367,797.0016199,18.67581392,32.9012931,402.6450167,0
205,Rwanda,Africa,Eastern Africa,Sub-Saharan Africa,0,0,0,0,0,0,0,0,0,0,0,0,0,0,0,0,0
206,R?union,Africa,Eastern Africa,Sub-Saharan Africa,0,0,0,0,0,0,0,0,0,0,0,0,0,0,0,0,0
207,Saint Helena,Africa,Western Africa,Sub-Saharan Africa,0,0,0,0,0,0,0,0,0,0,0,0,0,0,0,0,0
208,Saint Kitts and Nevis,Americas,Caribbean,Central & South America,0,0,0,0,0,0,0,0,0,0,0,0,0,0,0,0,0
209,Saint Lucia,Americas,Caribbean,Central & South America,0,0,0,0,0,0,0,0,0,0,0,0,0,0,0,0,0
210,Saint Pierre et Miquelon,Americas,Northern America,Oceania,0,0,0,0,0,0,0,0,0,0,0,0,0,0,0,0,0
211,Saint Vincent and the Grenadines,Americas,Caribbean,Central & South America,0,0,0,0,0,0,0,0,0,0,0,0,0,0,0,0,0
212,Samoa,Oceania,Polynesia,Oceania,0,0,0,0,0,0,0,0,0,0,0,0,0,0,0,0,0
213,San Marino,Europe,Southern Europe,Western Europe,0,0,0,0,0,0,0,0,0,0,0,0,0,0,0,0,0
214,Sao Tome and Principe,Africa,Middle Africa,Sub-Saharan Africa,0,0,0,0,0,0,0,0,0,0,0,0,0,0,0,0,0
215,Saudi Arabia,Asia,Western Asia,West Asia & Northern Africa,43051.31687,1483378.335,310308.1732,230428.2587,362237.7671,422902.0673,157502.0741,1664210.344,-593299.9586,412467.9225,121328.2306,11501.37365,279638.3203,1462.737449,1598.332449,12891.17664,0
216,Scarborough Reef,Asia,South-Eastern Asia,East Asia,0,0,0,0,0,0,0,0,0,0,0,0,0,0,0,0,0
217,Senegal,Africa,Western Africa,Sub-Saharan Africa,0,0,0,0,0,0,0,0,0,0,0,0,0,0,0,0,0
218,Senkaku Islands,Asia,Eastern Asia,East Asia,0,0,0,0,0,0,0,0,0,0,0,0,0,0,0,0,0
220,Seychelles,Africa,Eastern Africa,Sub-Saharan Africa,0,0,0,0,0,0,0,0,0,0,0,0,0,0,0,0,0
221,Sierra Leone,Africa,Western Africa,Sub-Saharan Africa,0,0,0,0,0,0,0,0,0,0,0,0,0,0,0,0,0
222,Singapore,Asia,South-Eastern Asia,East Asia,0,0,0,0,0,0,0,0,0,0,0,0,0,0,0,0,0
223,Slovakia,Europe,Eastern Europe,Eastern Europe,0,0,0,0,0,0,0,0,0,0,0,0,0,0,0,0,0
224,Slovenia,Europe,Southern Europe,Western Europe,0,0,0,0,0,0,0,0,0,0,0,0,0,0,0,0,0
225,Solomon Islands,Oceania,Melanesia,Oceania,0,0,0,0,0,0,0,0,0,0,0,0,0,0,0,0,0
226,Somalia,Africa,Eastern Africa,Sub-Saharan Africa,0,0,0,0,0,0,0,0,0,0,0,0,0,0,0,0,0
227,South Africa,Africa,Southern Africa,Sub-Saharan Africa,0,0,0,0,0,0,0,0,0,0,0,0,0,0,0,0,0
228,South Georgia and the South Sandwich Islands,Antarctica,,,0,0,0,0,0,0,0,0,0,0,0,0,0,0,0,0,0
229,Spain,Europe,Southern Europe,Western Europe,0,0,0,0,0,0,0,0,0,0,0,0,0,0,0,0,85565.63753
230,Spratly Islands,Asia,South-Eastern Asia,East Asia,0,0,0,0,0,0,0,0,0,0,0,0,0,0,0,0,0
231,Sri Lanka,Asia,Southern Asia,South Asia,134255.1294,15147582.03,1438666.012,2875364.4,9061331.1,810945.4137,961275.0128,17811888.01,-6627705.729,3963399.759,1481402.763,93900.50046,2388096.526,0,31473.33273,1014080.94,0
233,Suriname,Americas,South America,Central & South America,0,0,0,0,0,0,0,0,0,0,0,0,0,0,0,0,0
234,Svalbard and Jan Mayen Islands,Europe,Northern Europe,Western Europe,0,0,0,0,0,0,0,0,0,0,0,0,0,0,0,0,0
235,Swaziland,Africa,Southern Africa,Sub-Saharan Africa,0,0,0,0,0,0,0,0,0,0,0,0,0,0,0,0,0
236,Sweden,Europe,Northern Europe,Western Europe,0,0,0,0,0,0,0,0,0,0,0,0,0,0,0,0,0
237,Switzerland,Europe,Western Europe,Western Europe,0,0,0,0,0,0,0,0,0,0,0,0,0,0,0,0,0
238,Syrian Arab Republic,Asia,Western Asia,West Asia & Northern Africa,0,0,0,0,0,0,0,0,0,0,0,0,0,0,0,0,0
239,Tajikistan,Asia,Central Asia,West Asia & Northern Africa,3755.167162,315484.4656,86250.28866,60409.81364,129300.5077,25522.53856,14001.31907,372507.0738,-128894.4863,71871.87908,36221.08966,3111.721955,32539.06723,0,176.2855419,6023.372748,0
240,Thailand,Asia,South-Eastern Asia,East Asia,1727842.877,218833622.4,12463210.71,33443926.29,147837353.5,10405094.14,14684037.7,159201664.7,-25959305.25,85591261.99,20620770.25,1706641.869,63263849.79,21532.88698,276457.231,24087806.95,127202.0382
241,The former Yugoslav Republic of Macedonia,Europe,Southern Europe,Western Europe,0,0,0,0,0,0,0,0,0,0,0,0,0,0,0,0,0
242,Timor-Leste,Asia,South-Eastern Asia,East Asia,81857.71766,2811111.633,552534.4581,1252362.63,348501.3916,459050.6145,198662.5452,6873810.904,-4403844.061,341144.7946,270593.2909,18698.42714,51853.08106,0,8921.009721,227126.6938,0
243,Togo,Africa,Western Africa,Sub-Saharan Africa,0,0,0,0,0,0,0,0,0,0,0,0,0,0,0,0,0
244,Tokelau,Oceania,Polynesia,Oceania,0,0,0,0,0,0,0,0,0,0,0,0,0,0,0,0,0
245,Tonga,Oceania,Polynesia,Oceania,0,0,0,0,0,0,0,0,0,0,0,0,0,0,0,0,0
246,Trinidad and Tobago,Americas,Caribbean,Central & South America,0,0,0,0,0,0,0,0,0,0,0,0,0,0,0,0,0
247,Tromelin Island,Africa,Eastern Africa,Sub-Saharan Africa,0,0,0,0,0,0,0,0,0,0,0,0,0,0,0,0,0
248,Tunisia,Africa,Northern Africa,West Asia & Northern Africa,0,0,0,0,0,0,0,0,0,0,0,0,0,0,0,0,0
249,Turkey,Asia,Western Asia,West Asia & Northern Africa,1473.346877,105915.6365,20222.37597,24036.9854,42999.14286,10441.70844,8215.424332,186437.1851,-100103.1565,19581.60813,10748.08806,964.2865573,7869.233499,0,49.04050725,2965.013375,0
250,Turkmenistan,Asia,Central Asia,West Asia & Northern Africa,81150.37282,3402616.693,1785642.389,920325.367,36983.81008,525735.8304,133929.3688,5269183.654,-2468466.451,601899.581,452859.3836,28414.51771,120625.6827,0,2720.294002,132887.5421,0
251,Turks and Caicos islands,Americas,Caribbean,Central & South America,0,0,0,0,0,0,0,0,0,0,0,0,0,0,0,0,0
252,Tuvalu,Oceania,Polynesia,Oceania,0,0,0,0,0,0,0,0,0,0,0,0,0,0,0,0,0
253,Uganda,Africa,Eastern Africa,Sub-Saharan Africa,0,0,0,0,0,0,0,0,0,0,0,0,0,0,0,0,0
254,Ukraine,Europe,Eastern Europe,Eastern Europe,16687.23245,1623665.813,169273.6852,322830.1176,711451.5137,172473.8086,247636.6637,2264642.295,-941816.3747,300839.9016,137282.8971,13475.61659,150081.3881,2490.823748,2857.386022,33530.98857,0
255,United Arab Emirates,Asia,Western Asia,West Asia & Northern Africa,822.2743306,229274.5581,19570.59048,33392.46604,169298.4643,5221.481014,1791.545883,142730.9216,-5237.199345,91780.8287,24183.21165,2714.143698,64883.4722,0,204.2087826,271.1776342,0
256,U.K. of Great Britain and Northern Ireland,Europe,Northern Europe,Western Europe,0,0,0,0,0,0,0,0,0,0,0,0,0,0,0,0,0
257,United Republic of Tanzania,Africa,Eastern Africa,Sub-Saharan Africa,0,0,0,0,0,0,0,0,0,0,0,0,0,0,0,0,0
258,United States Virgin Islands,Americas,Caribbean,Central & South America,0,0,0,0,0,0,0,0,0,0,0,0,0,0,0,0,0
259,United States of America,Americas,Northern America,North America,0,0,0,0,0,0,0,0,0,0,0,0,0,0,0,0,0
260,Uruguay,Americas,South America,Central & South America,0,0,0,0,0,0,0,0,0,0,0,0,0,0,0,0,0
261,Uzbekistan,Asia,Central Asia,West Asia & Northern Africa,40741.31129,5577695.558,880052.6681,912712.9615,3368824.655,277390.8026,138714.501,5373268.818,-1386713.553,1591140.314,604164.298,59364.14627,927611.8691,0,1974.094958,54499.07436,0
262,Vanuatu,Oceania,Melanesia,Oceania,0,0,0,0,0,0,0,0,0,0,0,0,0,0,0,0,0
263,Venezuela,Americas,South America,Central & South America,68164.39771,7734515.448,2867640.133,882074.4486,3181454.442,471422.0258,331924.4858,12905203.17,-7767397.148,2596709.437,979880.9164,91711.6596,1525116.871,0,7776.388404,82785.38823,0
264,Viet Nam,Asia,South-Eastern Asia,East Asia,1332151.802,193585930.9,37798835.96,32586526.91,101422620.7,8522653.023,13255297.44,226808037.2,-87479205.28,54257099.14,20960681.98,1389575.919,31906841.53,0,315221.8016,14418364.06,0
265,Wake Island,Oceania,Micronesia,Oceania,0,0,0,0,0,0,0,0,0,0,0,0,0,0,0,0,0
266,Wallis and Futuna,Oceania,Polynesia,Oceania,0,0,0,0,0,0,0,0,0,0,0,0,0,0,0,0,0
267,West Bank,Asia,Western Asia,West Asia & Northern Africa,5396.08784,651348.0427,515275.326,29556.95348,34427.0202,45497.05473,26591.68295,180408.8306,163378.2359,307560.9905,109453.4745,7365.707901,190741.8152,0,95.55696329,358.5204711,0
268,Western Sahara,Africa,Northern Africa,West Asia & Northern Africa,0,0,0,0,0,0,0,0,0,0,0,0,0,0,0,0,0
269,Yemen,Asia,Western Asia,West Asia & Northern Africa,662642.2792,36075561.23,21109847.12,4012520.794,4417690.468,5116533.358,1418968.483,30415500.88,-4963469.329,10623529.75,5064990.659,355128.3641,5203410.609,0,8707.646305,240221.6254,0
270,Zambia,Africa,Eastern Africa,Sub-Saharan Africa,0,0,0,0,0,0,0,0,0,0,0,0,0,0,0,0,0
271,Zimbabwe,Africa,Eastern Africa,Sub-Saharan Africa,0,0,0,0,0,0,0,0,0,0,0,0,0,0,0,0,0
2647,Montenegro,Europe,Southern Europe,Western Europe,0,0,0,0,0,0,0,0,0,0,0,0,0,0,0,0,0
2648,Serbia,Europe,Southern Europe,Western Europe,0,0,0,0,0,0,0,0,0,0,0,0,0,0,0,0,0
33364,Hong Kong,Asia,Eastern Asia,East Asia,391.5668058,117478.0491,36960.26688,10960.10789,60852.70233,2095.451752,6609.522537,40929.87637,23098.966,53449.20889,14573.33498,1157.85495,37718.01883,0,47.78037587,87.66658992,0
40760,Hala'ib triangle,Africa,Northern Africa,West Asia & Northern Africa,0,0,0,0,0,0,0,0,0,0,0,0,0,0,0,0,0
40762,Ma'tan al-Sarra,Africa,Northern Africa,West Asia & Northern Africa,0,0,0,0,0,0,0,0,0,0,0,0,0,0,0,0,0
40765,Egypt,Africa,Northern Africa,West Asia & Northern Africa,0,0,0,0,0,0,0,0,0,0,0,0,0,0,0,0,0
40781,Jammu and Kashmir,Asia,Eastern Asia,East Asia,136040.5779,7978524.553,3734834.666,1836988.744,0,1014198.832,1392502.346,15952726.29,-9357836.895,1383635.056,930665.808,52486.12751,400483.1264,0,44593.75182,44697.98402,0
61013,Ilemi triangle,Africa,Northern Africa,West Asia & Northern Africa,0,0,0,0,0,0,0,0,0,0,0,0,0,0,0,0,0
74578,Azores Islands,Europe,Southern Europe,Western Europe,0,0,0,0,0,0,0,0,0,0,0,0,0,0,0,0,0
