ADM0_CODE,ADM0_NAME,CONTINENT,REGION,REG_ANNEX5,Area,Crop_total_input,Crop_manure_input ,Crop_residue_input ,Crop_fertilizer_input ,Crop_BNF_input,Crop_atmospheric_input,Crop_total_output,Crop_total_stock_change,Crop_total_loss,Crop_total_ammonia,Crop_total_nitrous_oxide,crop_total_runoff_leaching,Blending_transport_concentrate,Feed_transport_processing,Field_operations,Trade
1,Afghanistan,Asia,Southern Asia,South Asia,138456.8687,4829075.389,1314858.891,1769169.963,527185.1898,915414.995,302446.3649,8471517.992,-4304164.458,661721.8361,492607.3046,34313.31461,134801.2192,0,7905.18926,307948.5936,0
2,Aksai Chin,Asia,Eastern Asia,East Asia,4.717084778,88.67921961,0.268196332,42.09982321,0,40.89131012,5.419892039,268.8271022,-185.0606184,4.912737169,4.263621496,0.425851717,0.223264152,0,27.237,2.65602049,0
3,Albania,Europe,Southern Europe,Western Europe,0,0.011995798,0.005363768,0.001953717,0.002198562,0.001732444,0.000747307,0.014236145,-0.004724134,0.002483787,0.001487981,0.000108055,0.00088775,2.23E-06,0.00001,0.000180973,0
4,Algeria,Africa,Northern Africa,West Asia & Northern Africa,0,0,0,0,0,0,0,0,0,0,0,0,0,0,0,0,0
5,American Samoa,Oceania,Polynesia,Oceania,0,0,0,0,0,0,0,0,0,0,0,0,0,0,0,0,0
6,Sudan,Africa,Northern Africa,West Asia & Northern Africa,0,0,0,0,0,0,0,0,0,0,0,0,0,0,0,0,0
7,Andorra,Europe,Southern Europe,Western Europe,12.64915752,336.3826752,67.45079041,13.75535584,0,126.4915733,128.6849403,1503.918823,-1184.923035,17.38689137,14.86569309,0.974859357,1.54633826,0,27.2946,16.94099712,0
8,Angola,Africa,Middle Africa,Sub-Saharan Africa,195973.7624,16028674.94,13050639.7,911402.0212,296632.9928,1502634.38,267366.0592,22038377.73,-12487065.01,6477361.246,2730931.281,177206.3169,3569224.205,0,2823.99133,68351.37212,0
9,Anguilla,Americas,Caribbean,Central & South America,0,0,0,0,0,0,0,0,0,0,0,0,0,0,0,0,0
10,Antarctica,Antarctica,,,0,0,0,0,0,0,0,0,0,0,0,0,0,0,0,0,0
11,Antigua and Barbuda,Americas,Caribbean,Central & South America,2.813038811,146.6214657,81.81073856,40.9601866,5.813613281,14.06519365,3.971729547,139.5816422,-16.28808035,23.32790351,21.03952825,1.293364398,0.995011568,0,0,0,0
12,Argentina,Americas,South America,Central & South America,302670.1363,16027022.75,5379908.218,2963872.38,4395620.675,2562853.735,724768.0028,44397946.08,-31508652.99,3137729.606,1811930.954,154644.8648,1171153.792,0,10806.36096,559470.7191,0
13,Armenia,Asia,Western Asia,West Asia & Northern Africa,0,0,0,0,0,0,0,0,0,0,0,0,0,0,0,0,0
14,Aruba,Americas,Caribbean,Central & South America,0,0,0,0,0,0,0,0,0,0,0,0,0,0,0,0,0
15,Arunachal Pradesh,Asia,Eastern Asia,East Asia,14967.8884,562759.2088,111568.2006,302546.0409,0,78784.10733,69860.85879,1131432.593,-627888.5548,59215.17302,52568.24531,2722.567761,3924.361201,0,2931.08659,295.8135672,0
16,Ashmore and Cartier Islands,Oceania,Australia and New Zealand,Oceania,0,0,0,0,0,0,0,0,0,0,0,0,0,0,0,0,0
17,Australia,Oceania,Australia and New Zealand,Oceania,454646.9382,39911342.51,10245443.43,3384913.255,18894125.54,6951020.518,435839.9413,36034226.66,-11901780.25,15778896.2,4276992.652,497697.612,11004144.39,5018.699217,28666.41317,293585.008,0
18,Austria,Europe,Western Europe,Western Europe,0,0,0,0,0,0,0,0,0,0,0,0,0,0,0,0,0
19,Azerbaijan,Asia,Western Asia,West Asia & Northern Africa,13010.46423,902035.0901,499124.8595,144573.1269,68093.2382,97747.86315,92495.99399,1226102.247,-495725.7697,171658.6159,121091.6085,8004.050407,42562.9567,0,1322.83146,18629.45398,0
20,Bahamas,Americas,Caribbean,Central & South America,0,0,0,0,0,0,0,0,0,0,0,0,0,0,0,0,0
21,Bahrain,Asia,Western Asia,West Asia & Northern Africa,115.2792344,20137.3623,2233.557007,2769.716141,13787.2663,576.3961754,770.4269981,7964.464264,3593.575974,8579.321747,2102.409561,235.0729446,6241.839508,0,31.8824,140.282268,0
22,Baker Island,Americas,Northern America,North America,0,0,0,0,0,0,0,0,0,0,0,0,0,0,0,0,0
23,Bangladesh,Asia,Southern Asia,South Asia,0,0,0,0,0,0,0,0,0,0,0,0,0,0,0,0,0
24,Barbados,Americas,Caribbean,Central & South America,0,0,0,0,0,0,0,0,0,0,0,0,0,0,0,0,0
25,Bassas da India,Africa,Eastern Africa,Sub-Saharan Africa,0,0,0,0,0,0,0,0,0,0,0,0,0,0,0,0,0
26,Belarus,Europe,Eastern Europe,Eastern Europe,0,0,0,0,0,0,0,0,0,0,0,0,0,0,0,0,0
27,Belgium,Europe,Western Europe,Western Europe,0,0,0,0,0,0,0,0,0,0,0,0,0,0,0,0,0
28,Belize,Americas,Central America,Central & South America,8.788878165,545.0151979,83.27956524,99.39465588,264.8171263,63.67601274,33.84785376,1557.545707,-1146.889197,134.3586814,53.07708915,5.406702532,75.87478126,0,0.93978,6.118596792,0
29,Benin,Africa,Western Africa,Sub-Saharan Africa,18945.54466,643102.3906,225990.6384,147340.2351,30637.12418,129304.0211,109830.3603,2446609.428,-1889766.895,86259.86575,62995.86466,4896.436266,18367.56326,0,232.56079,2080.61044,0
30,Bermuda,Americas,Northern America,North America,0,0,0,0,0,0,0,0,0,0,0,0,0,0,0,0,0
31,Bhutan,Asia,Southern Asia,South Asia,5618.882092,249928.8218,37050.62851,97970.95992,55603.69128,31359.34397,27944.20399,434411.5486,-213484.9736,29002.24703,22767.59059,1550.299909,4684.357062,0,712.49326,39248.59687,0
32,Bird Island,Americas,Caribbean,Central & South America,0,0,0,0,0,0,0,0,0,0,0,0,0,0,0,0,0
33,Bolivia,Americas,South America,Central & South America,53074.42963,3091598.761,1967189.716,520183.4781,107087.2712,411818.4851,85319.78572,7538577.023,-5078994.862,632016.5933,456165.0225,30050.67374,145800.9032,0,6512.32296,141425.072,0
34,Bosnia and Herzegovina,Europe,Southern Europe,Western Europe,2044.299988,238315.031,69163.10629,49060.92122,56030.65071,42819.60014,21240.75562,362898.4397,-164682.9882,40099.58144,24341.77887,1949.330856,13808.47177,37.4534958,388.45506,3867.855905,0
35,Botswana,Africa,Southern Africa,Sub-Saharan Africa,264332.2942,12441679.59,2424935.258,814347.216,6283609.184,1998234.512,920553.1561,12770421.72,-6216842.719,5888100.567,1194782.692,139225.9127,4554092.025,0,28.52735,895.1151069,0
36,Bouvet Island,Antarctica,,,0,0,0,0,0,0,0,0,0,0,0,0,0,0,0,0,0
37,Brazil,Americas,South America,Central & South America,0,0,0,0,0,0,0,0,0,0,0,0,0,0,0,0,0
38,British Indian Ocean Territory,Africa,Eastern Africa,South Asia,0,0,0,0,0,0,0,0,0,0,0,0,0,0,0,0,0
39,British Virgin Islands,Americas,Caribbean,Central & South America,96.57011414,10934.37109,7342.039063,1642.647949,888.8891602,482.8505859,577.944458,4729.285645,865.7000732,5339.385254,1721.561401,125.1289215,0,0,18.8889,0,0
40,Brunei Darussalam,Asia,South-Eastern Asia,East Asia,257.1485293,58597.51647,35004.45489,4355.962601,16777.59719,1342.044459,1117.458088,18468.0542,11310.60517,28818.85761,9114.246795,520.9330312,19183.67721,0,53.89108,2067.052626,0
41,Bulgaria,Europe,Eastern Europe,Eastern Europe,0,0,0,0,0,0,0,0,0,0,0,0,0,0,0,0,0
42,Burkina Faso,Africa,Western Africa,Sub-Saharan Africa,158220.3888,8121850.449,5120364.329,750931.4045,384215.7386,1239873.78,626465.2183,17498983.94,-11700932.88,2323799.466,1137587.581,88216.95164,1097994.921,0,31.35987,40341.14114,0
43,Burundi,Africa,Eastern Africa,Sub-Saharan Africa,5294.777344,405347.8474,273676.5864,59865.12851,6298.636772,30164.60123,35342.88245,386682.6821,-115056.3721,133721.5535,61351.69354,3165.934411,69203.92,0,20.54212,5591.72139,0
44,Cambodia,Asia,South-Eastern Asia,East Asia,107.9773877,5765.513908,1345.271867,1863.216198,1187.326948,639.3263997,730.372471,13063.67543,-7951.147225,652.985304,574.1086863,37.04759622,41.82901484,0,16.91817,1161.438172,0
45,Cameroon,Africa,Middle Africa,Sub-Saharan Africa,19411.753,3163110.33,2680685.869,125970.3205,23588.42719,165092.2211,167773.5836,4605172.989,-2239683.605,797621.0127,551093.0337,38271.50657,208256.4853,0,2137.6455,5928.404152,0
46,Canada,Americas,Northern America,North America,1420.602595,102394.5619,25148.6048,13513.82384,48288.39372,13333.8356,2109.904464,238911.9178,-161780.0186,25262.66298,11209.94272,1009.351208,13005.35795,0,467.00203,2466.844769,0
47,Cape Verde,Africa,Western Africa,Sub-Saharan Africa,0,0,0,0,0,0,0,0,0,0,0,0,0,0,0,0,0
48,Cayman Islands,Americas,Caribbean,Central & South America,0,0,0,0,0,0,0,0,0,0,0,0,0,0,0,0,0
49,Central African Republic,Africa,Middle Africa,Sub-Saharan Africa,66718.06949,4139707.564,2770610.688,349272.7737,781.9806712,651803.2209,367238.9011,30440065.86,-26988725.95,688367.5449,589127.6124,56973.92786,42265.99872,0,2391.68084,3555.021306,0
50,Chad,Africa,Middle Africa,Sub-Saharan Africa,212173.3804,10455546.05,7199004.678,1016045.244,0,1664798.95,575697.107,17900293.4,-9890537.17,2445789.844,1541405.457,106791.9567,797592.4525,0,12843.82489,43993.07124,0
51,Chile,Americas,South America,Central & South America,0,0,0,0,0,0,0,0,0,0,0,0,0,0,0,0,0
52,China/India,Asia,Eastern Asia,East Asia,548.0920571,11525.77792,704.5778487,1129.134911,3371.294985,5411.257079,909.5131429,63453.25926,-53298.36844,1370.887572,590.9585876,60.04376146,719.8852222,0,280.70508,356.9397218,0
53,China,Asia,Eastern Asia,East Asia,5615686.34,901434794.8,165757829.8,140328038.8,508114477.7,35620848.78,51613561.21,702181624,-85141732.46,284394903,97995818.13,8941818.607,177456786.6,0,1343455.592,22093376.01,0
54,Christmas Island,Asia,South-Eastern Asia,East Asia,0,0,0,0,0,0,0,0,0,0,0,0,0,0,0,0,0
55,Clipperton Island,Americas,Central America,Central & South America,0,0,0,0,0,0,0,0,0,0,0,0,0,0,0,0,0
56,Cocos (Keeling) Islands,Asia,South-Eastern Asia,East Asia,0,0,0,0,0,0,0,0,0,0,0,0,0,0,0,0,0
57,Colombia,Americas,South America,Central & South America,90442.77189,12338120.36,3274927.708,1059990.614,7130829.746,698493.8055,173878.3023,15077299.99,-8113358.006,5374178.523,1474067.587,141121.1807,3754734.688,0,3674.88515,288826.9906,0
58,Comoros,Africa,Eastern Africa,Sub-Saharan Africa,5108.076816,164637.7937,34805.61563,94193.63374,0,25540.38504,10098.15742,287643.4224,-142349.0358,19343.41418,16380.4864,919.6393698,2043.28817,0,0,0,0
59,Congo,Africa,Middle Africa,Sub-Saharan Africa,41821.72569,865285.0191,109171.0379,305345.0878,28457.55221,232469.2913,189842.0431,2620492.664,-1884634.993,129427.3568,55214.47268,4942.055285,69270.82968,0,307.41339,6384.724718,0
60,Cook Islands,Oceania,Polynesia,Oceania,0,0,0,0,0,0,0,0,0,0,0,0,0,0,0,0,0
61,Costa Rica,Americas,Central America,Central & South America,69.84048652,9339.594401,5310.902547,805.2274318,2313.214948,618.8494022,291.4000413,25725.89361,-18966.73672,2580.437812,1374.024771,104.7182612,1028.189787,0,16.64056,251.0548461,0
62,Croatia,Europe,Southern Europe,Western Europe,0,0.018215759,0.000920418,0.00300804,0.011355238,0.001548195,0.001383867,0.015558003,-0.00278881,0.005446566,0.001620411,0.000181007,0.003645147,3.58E-06,0.00002,0.000220528,0
63,Cuba,Americas,Caribbean,Central & South America,16007.28925,1018295.062,231623.719,259896.5121,352916.2866,96412.08012,77446.44429,1325054.3,-461799.6026,155040.3421,107606.0245,8843.533929,38574.40982,0,2031.41647,59848.39497,0
64,Cyprus,Asia,Western Asia,West Asia & Northern Africa,0,0,0,0,0,0,0,0,0,0,0,0,0,0,0,0,0
65,Czech Republic,Europe,Eastern Europe,Eastern Europe,0,0,0,0,0,0,0,0,0,0,0,0,0,0,0,0,0
66,C?te d'Ivoire,Africa,Western Africa,Sub-Saharan Africa,10622.83772,466147.9257,232737.8307,75366.94305,7915.349408,94537.54427,55590.25931,2784879.371,-2392689.66,73958.21644,54875.79534,4438.34877,14644.07282,0,753.6707,7813.57368,0
67,Dem People's Rep of Korea,Asia,Eastern Asia,East Asia,343535.724,18273657.79,4625123.424,6009341.589,673331.2074,1790987.749,5174873.646,22285385.26,-6347458.614,2335731.131,1593291.925,99190.87578,643248.3205,0,46012.30769,1184537.064,0
68,Democratic Republic of the Congo,Africa,Middle Africa,Sub-Saharan Africa,198186.7582,13850286.26,9727222.582,1730430.942,76985.17178,1193200.368,1122447.56,18571635.66,-9959322.098,5237973.578,2126186.195,112135.6583,2999651.854,0,6608.45436,218350.0807,0
69,Denmark,Europe,Northern Europe,Western Europe,26.44392254,4417.490867,1467.327832,857.010991,1402.864694,421.7831598,268.5042451,4748.491854,-1221.096886,890.0957723,519.4531308,40.11383398,328.9332078,0.742621897,6.12357,44.25289981,0
70,Djibouti,Africa,Eastern Africa,Sub-Saharan Africa,13413.2638,648088.8112,440718.4691,18059.12566,0,134132.6372,55178.56868,1653450.053,-1145421.592,140060.3145,89949.60689,5350.190709,44760.51707,0,368.37888,19.47018357,0
71,Dominica,Americas,Caribbean,Central & South America,1010.602863,51857.76782,19718.06506,13191.78232,10454.6011,6031.485046,2461.833393,43114.27209,-105.5579224,8849.053802,6308.251465,449.4481821,2091.354069,0,101.18785,389.6653881,0
72,Dominican Republic,Americas,Caribbean,Central & South America,8319.146101,747849.6241,278714.2112,134426.9316,257452.7832,52673.34941,24582.35287,1225835.047,-705169.5122,227184.0734,94930.8151,7600.218522,124653.0418,0,1324.86652,18686.73179,0
73,Ecuador,Americas,South America,Central & South America,0,0,0,0,0,0,0,0,0,0,0,0,0,0,0,0,0
74,South Sudan,Africa,Northern Africa,West Asia & Northern Africa,0,0,0,0,0,0,0,0,0,0,0,0,0,0,0,0,0
75,El Salvador,Americas,Central America,Central & South America,334.3041994,40128.28028,9503.816617,5095.260473,21056.90763,2121.237997,2351.05735,48745.4669,-22047.07485,13429.88827,4515.98015,470.7237257,8443.184444,0,44.75283,631.4397794,0
76,Equatorial Guinea,Africa,Middle Africa,Sub-Saharan Africa,19.85085416,550.6630554,185.4824899,98.62243782,0,198.5085354,68.04959338,9500.585703,-9001.835367,51.91267668,46.95874014,4.647624906,0.306310782,0,11.25082,2.37695579,0
77,Eritrea,Africa,Eastern Africa,Sub-Saharan Africa,168238.3072,4034487.021,1410004.633,1081943.352,84727.41318,1046927.485,410884.1274,5946579.326,-2506319.21,594226.8875,398668.0072,28596.0046,164545.1718,0,262.50234,6448.09223,0
78,Estonia,Europe,Northern Europe,Western Europe,0,0,0,0,0,0,0,0,0,0,0,0,0,0,0,0,0
79,Ethiopia,Africa,Eastern Africa,Sub-Saharan Africa,838208.0213,32958257.48,14527566.08,4746529.145,2157568.565,7207244.77,4319348.324,78687373.36,-51183069.21,5453953.627,3595922.973,262859.9179,1595170.422,0,6370.0833,3965.881311,0
80,Europa Island,Africa,Eastern Africa,Sub-Saharan Africa,0,0,0,0,0,0,0,0,0,0,0,0,0,0,0,0,0
81,Falkland Islands (Malvinas),Americas,South America,Central & South America,0.00000,48.329484,7.942855935,6.297090759,28.96399468,1.673722966,3.451816424,24.30222362,6.503238104,17.52402207,5.114679825,0.521869202,11.24899885,0,0.12057,0.489070698,0
82,Faroe Islands,Europe,Northern Europe,Western Europe,12.14109554,2008.643013,600.7192907,443.4817973,769.8854477,76.9777551,117.5788458,1367.247808,112.0769354,529.3182507,241.4805816,20.16359042,267.6740747,0.668209914,3.79208,21.67232477,0
83,Fiji,Oceania,Melanesia,Oceania,3245.201494,252785.9683,27751.33652,56166.3332,148291.4432,17201.18256,3375.668726,168877.746,29225.72842,54682.49028,25996.04445,2519.823914,26088.7392,191.0565225,676.9605,5235.790159,0
84,Finland,Europe,Northern Europe,Western Europe,256.3278157,29090.46835,6488.723392,5311.068246,12680.46299,3087.3733,1522.840592,47055.21558,-22055.72925,4090.982169,3096.897818,254.1295502,739.9548274,5.306283548,98.57413,569.3922486,0
85,France,Europe,Western Europe,Western Europe,0,0,0,0,0,0,0,0,0,0,0,0,0,0,0,0,0
86,French Guiana,Americas,South America,Central & South America,141.8743065,3441.709905,660.5431122,1556.646235,0,1098.233049,126.2871747,4746.180141,-1840.078449,535.6078545,287.7732704,18.4999074,229.3346701,0,2.14696,672.5138442,0
87,French Polynesia,Oceania,Polynesia,Oceania,0,0,0,0,0,0,0,0,0,0,0,0,0,0,0,0,0
88,French Southern and Antarctic Territories,Antarctica,,,0,0,0,0,0,0,0,0,0,0,0,0,0,0,0,0,0
89,Gabon,Africa,Middle Africa,Sub-Saharan Africa,1477.265721,33395.66439,5501.27582,9129.9253,267.6373206,13799.78603,4697.039856,603932.9624,-572786.2963,2248.997029,2040.0114,193.3206573,15.66497621,0,108.97572,81.9947184,0
90,Gambia,Africa,Western Africa,Sub-Saharan Africa,7090.226059,226778.5029,56550.96923,93789.52553,26848.32435,39561.80143,10027.88491,463456.7119,-262979.2267,26301.01762,23373.97959,1449.733149,1477.305889,0,50.85347,27616.18516,0
91,Gaza Strip,Asia,Western Asia,West Asia & Northern Africa,0,0,0,0,0,0,0,0,0,0,0,0,0,0,0,0,0
92,Georgia,Asia,Western Asia,West Asia & Northern Africa,0,0,0,0,0,0,0,0,0,0,0,0,0,0,0,0,0
93,Germany,Europe,Western Europe,Western Europe,892.5527622,211999.5854,64714.76481,15061.89062,64575.65607,46144.93657,21502.33763,368455.4604,-192071.4211,35615.54518,20906.70785,1812.139847,12896.69749,46.4581399,230.97953,1473.003796,0
94,Ghana,Africa,Western Africa,Sub-Saharan Africa,80131.83832,4269014.352,2479334.176,607316.3169,97713.23394,612662.5786,471988.0251,13762182.49,-10257410.27,764242.2353,566369.7846,46306.07646,151566.3702,0,4162.54466,27020.11278,0
95,Gibraltar,Europe,Southern Europe,Western Europe,0,0,0,0,0,0,0,0,0,0,0,0,0,0,0,0,0
96,Glorioso Island,Africa,Eastern Africa,Sub-Saharan Africa,0,0,0,0,0,0,0,0,0,0,0,0,0,0,0,0,0
97,Greece,Europe,Southern Europe,Western Europe,0.00E+00,0.010562683,0.002832848,0.001611597,0.004346264,0.001305986,0.000465988,0.011366398,-0.003453179,0.002649464,0.001162356,0.000107988,0.00137912,1.78E-06,0.00001,0.000136542,0
98,Greenland,Americas,Northern America,North America,0,0,0,0,0,0,0,0,0,0,0,0,0,0,0,0,0
99,Grenada,Americas,Caribbean,Central & South America,472.4319,11990.27002,4597.2258,4304.17395,0,2754.813873,334.0565834,13742.28662,-3336.562134,1584.545502,1349.862579,90.10651493,144.5764833,0,0,0,0
100,Guadeloupe,Americas,Caribbean,Central & South America,4535.665946,97859.26605,35897.63327,32488.75093,0,23068.97361,6403.906821,69720.35403,14119.57029,14019.34054,10428.4014,705.6669384,2885.27207,0,125.56129,5813.341646,0
101,Guam,Oceania,Micronesia,Oceania,0,0,0,0,0,0,0,0,0,0,0,0,0,0,0,0,0
102,Abyei,Africa,Northern Africa,West Asia & Northern Africa,0,0,0,0,0,0,0,0,0,0,0,0,0,0,0,0,0
103,Guatemala,Americas,Central America,Central & South America,2501.107269,350437.6817,203096.6563,24414.97755,90947.53852,18436.20869,13542.29719,594387.0813,-373514.2992,129564.906,52155.58366,4132.35519,73276.96661,0,831.03434,4056.449352,0
104,Guernsey,Europe,Northern Europe,Western Europe,12.00623238,1097.644257,244.5184994,637.5105972,0,60.03116083,155.5839615,1987.912689,-1011.868408,121.6000786,112.6547604,8.821229577,0.124089477,0,0,0,0
105,Guinea-Bissau,Africa,Western Africa,Sub-Saharan Africa,103.7178734,3559.050774,1743.993583,861.939631,0,726.3543815,226.7632461,14036.83965,-11007.73333,529.9456972,434.992691,32.95130241,62.00167529,0,0.80776,124.8912573,0
106,Guinea,Africa,Western Africa,Sub-Saharan Africa,24976.34581,1285962.5,683524.1509,291780.2049,11030.13471,183175.8724,116452.1121,4665983.853,-3608015.412,227994.0662,166985.8688,11979.36005,49028.84017,0,971.83679,62205.21428,0
107,Guyana,Americas,South America,Central & South America,9531.561939,543054.4486,116570.0332,160268.5658,188485.3994,57463.4298,20267.0338,819553.9967,-383832.0116,107332.4671,58189.40383,4654.382372,44488.67988,0,259.65138,16068.91401,0
108,Haiti,Americas,Caribbean,Central & South America,5987.684186,162094.5806,64668.34331,52476.75928,0,33388.03203,11561.44484,298998.501,-160677.5101,23773.58542,18181.34467,1191.634917,4400.606016,0,120.30941,11735.87771,0
109,Heard Island and McDonald Islands,Antarctica,,,0,0,0,0,0,0,0,0,0,0,0,0,0,0,0,0,0
110,Holy See,Europe,Southern Europe,Western Europe,0,0,0,0,0,0,0,0,0,0,0,0,0,0,0,0,0
111,Honduras,Americas,Central America,Central & South America,992.9997472,164441.1025,114515.0745,8628.862519,31603.50192,6241.589391,3452.067162,129011.2175,-42526.22945,77956.11222,26926.25363,2071.739276,31685.84619,0,66.53163,1145.553839,0
112,Howland Island,Americas,Northern America,North America,0,0,0,0,0,0,0,0,0,0,0,0,0,0,0,0,0
113,Hungary,Europe,Eastern Europe,Eastern Europe,221.0955703,28616.17171,3421.392056,5860.386222,11032.98802,4936.366672,3365.038703,47564.84559,-23207.13431,4258.460968,2373.615768,220.9667486,1663.878492,4.718067267,57.85488,434.7999891,0
114,Iceland,Europe,Northern Europe,Western Europe,54.25737253,2733.545299,410.2447954,334.4036333,1044.461668,831.93676,112.4983987,6746.52911,-4442.304006,429.3201962,219.935492,19.37030634,190.0143998,0.843221261,8.55211,72.78485988,0
115,India,Asia,Southern Asia,South Asia,863239.2903,122413640.9,18782812.57,14766763.89,69767248.95,5221317.519,13875497.79,68419084.42,3178935.34,50815621.17,12209963.76,1046541.637,37551374.47,0,58903.33831,6155582.462,0
116,Indonesia,Asia,South-Eastern Asia,East Asia,20855.1416,3322183.957,939551.4494,542998.766,1648807.526,117807.534,73018.70419,2949271.128,-646123.3432,1019036.174,407090.9231,24465.73218,586933.6232,0,3539.9604,243354.6518,0
117,Iran  (Islamic Republic of),Asia,Southern Asia,South Asia,815464.7635,88460697.08,16948993.16,15514104.38,48089393.86,5024489.455,2883715.822,57493447.11,5169473.633,25797776.44,9750148.517,844348.4995,15203243.73,34801.22112,78726.17014,1730922.059,15815.96164
118,Iraq,Asia,Western Asia,West Asia & Northern Africa,0,0,0,0,0,0,0,0,0,0,0,0,0,0,0,0,0
119,Ireland,Europe,Northern Europe,Western Europe,252.4592881,59131.79461,22766.57603,4500.037068,18753.89038,11331.12907,1780.162848,93548.96212,-45499.15168,11081.98411,6878.707981,562.5713228,3640.70479,9.251254829,61.16548,319.0061282,0
120,Isle of Man,Europe,Northern Europe,Western Europe,1.090394534,47.23035586,26.02397907,4.22315459,0,10.90394548,6.079276979,456.1006927,-415.2030315,6.332689628,5.627111256,0.305494642,0.400083543,0,0,0,0
121,Israel,Asia,Western Asia,West Asia & Northern Africa,0,0,0,0,0,0,0,0,0,0,0,0,0,0,0,0,0
122,Italy,Europe,Southern Europe,Western Europe,0,0,0,0,0,0,0,0,0,0,0,0,0,0,0,0,0
123,Jamaica,Americas,Caribbean,Central & South America,0,0,0,0,0,0,0,0,0,0,0,0,0,0,0,0,0
126,Japan,Asia,Eastern Asia,East Asia,346.670804,42488.97254,20306.82954,3951.816272,13142.01388,3030.140835,2058.172193,62721.76672,-30140.89298,9908.098888,5770.748982,488.8200441,3647.196571,0,137.37683,629.7046131,0
127,Jarvis Island,Americas,Northern America,North America,0,0,0,0,0,0,0,0,0,0,0,0,0,0,0,0,0
128,Jersey,Europe,Northern Europe,Western Europe,0,0,0,0,0,0,0,0,0,0,0,0,0,0,0,0,0
129,Johnston Atoll,Americas,Northern America,North America,0,0,0,0,0,0,0,0,0,0,0,0,0,0,0,0,0
130,Jordan,Asia,Western Asia,West Asia & Northern Africa,0,0,0,0,0,0,0,0,0,0,0,0,0,0,0,0,0
131,Juan de Nova Island,Africa,Eastern Africa,Sub-Saharan Africa,0,0,0,0,0,0,0,0,0,0,0,0,0,0,0,0,0
132,Kazakhstan,Asia,Central Asia,West Asia & Northern Africa,333973.8647,8471238.959,1975035.679,3405391.782,337316.7278,2093494.61,660000.2645,18966469.99,-11420036.02,924804.8391,769277.9999,56166.24055,99360.61532,0,2176.20684,641083.5915,0
133,Kenya,Africa,Eastern Africa,Sub-Saharan Africa,680005.8789,52395691.36,36376665.25,3578955.496,2807999.133,5772711.764,3859359.418,106289106.8,-71823239.62,17929825.29,7914028.698,573965.5261,9441830.814,0,9403.67476,175718.0482,0
134,Kingman Reef,Americas,Northern America,North America,0,0,0,0,0,0,0,0,0,0,0,0,0,0,0,0,0
135,Kiribati,Oceania,Micronesia,Oceania,475.909314,70523.44981,3933.25751,10122.48018,51474.66182,2379.546595,2613.503434,28041.11831,11904.55726,30577.7702,6946.365914,827.6247356,22803.78075,29.99974189,103.18209,806.4228569,0
136,Kuril islands,Asia,Eastern Asia,East Asia,1.19275211,47.31085303,6.397064075,33.58260624,0,6.924447758,0.406735739,217.8865352,-175.6426173,5.066934794,4.637673389,0.411880601,0.017380573,0,12.75214,0.147441451,0
137,Kuwait,Asia,Western Asia,West Asia & Northern Africa,48050.23216,4761619.242,3021115.636,129621.0529,1034233.593,476076.7246,100572.4669,1099882.668,1234426.702,2427310.036,720608.5738,54951.48181,1651749.916,170.9670438,1642.94431,30249.08874,0
138,Kyrgyzstan,Asia,Central Asia,West Asia & Northern Africa,57190.50301,2875073.367,1232774.146,492081.0986,508684.1231,432717.4683,208816.5188,5300748.897,-3061896.967,636221.4378,346631.353,24519.92126,265070.1631,0,1504.27248,81356.2633,0
139,Lao People's Democratic Republic,Asia,South-Eastern Asia,East Asia,14014.81772,888722.0657,418615.1182,217991.9864,56374.63963,91948.48492,103791.8407,2508220.263,-1765253.609,145755.4035,111159.6875,6997.13317,27598.58298,0,4606.98485,59725.87836,0
140,Latvia,Europe,Northern Europe,Western Europe,0,0,0,0,0,0,0,0,0,0,0,0,0,0,0,0,0
141,Lebanon,Asia,Western Asia,West Asia & Northern Africa,0,0,0,0,0,0,0,0,0,0,0,0,0,0,0,0,0
142,Lesotho,Africa,Southern Africa,Sub-Saharan Africa,32424.19571,1019928.384,439071.2477,151696.2431,0,269832.6754,159328.2166,7279346.918,-6411780.187,152361.6916,102983.8735,6759.789181,42618.02937,0,0,93.58642287,0
144,Liberia,Africa,Western Africa,Sub-Saharan Africa,4264.779777,246132.9712,158248.0615,33796.41311,0,23384.47602,30704.02534,265344.403,-103813.2088,84601.78825,35029.25533,2032.748253,47539.78386,0,48.7825,3671.712846,0
145,Libya,Africa,Northern Africa,West Asia & Northern Africa,263471.6491,18804722.89,13408249.86,1021143.841,2043230.773,2015339.838,316759.736,4835721.536,4431383.289,9537619.213,2988087.321,212800.8368,6336729.343,0,6774.34893,450684.0045,0
146,Liechtenstein,Europe,Western Europe,Western Europe,68.63651657,7079.315918,4614.719482,754.7138214,0,431.2533569,1278.6297,2604.654175,1434.275024,3040.387024,998.4153595,69.84572029,1972.125854,0.537086524,4.56673,134.5907135,0
147,Lithuania,Europe,Northern Europe,Western Europe,0,0,0,0,0,0,0,0,0,0,0,0,0,0,0,0,0
148,Luxembourg,Europe,Western Europe,Western Europe,9.124888182,3148.952282,1283.46666,257.3049827,824.5025072,486.8496919,296.8284342,4012.52137,-1465.520847,601.9516501,364.874088,34.2991122,202.7784777,0.44279942,2.76839,13.9050909,0
149,Macau,Asia,Eastern Asia,East Asia,0,0,0,0,0,0,0,0,0,0,0,0,0,0,0,0,0
150,Madagascar,Africa,Eastern Africa,Sub-Saharan Africa,29281.92033,1025613.353,439080.3892,297960.9309,13257.96649,239379.2562,35934.82481,7068261.766,-6185869.368,143220.9758,118937.9684,7012.488203,17270.51976,0,385.78112,47680.34435,0
151,Madeira Islands,Europe,Southern Europe,Western Europe,0,0,0,0,0,0,0,0,0,0,0,0,0,0,0,0,0
152,Malawi,Africa,Eastern Africa,Sub-Saharan Africa,78284.6214,6957185.456,4276338.331,718539.344,1220529.544,516257.4234,225520.8429,7306803.689,-2163660.719,1814042.729,1049174.566,78388.96147,686479.2206,0,3921.87781,22982.08327,0
153,Malaysia,Asia,South-Eastern Asia,East Asia,14042.85159,1907405.083,380349.5482,251222.4723,1125100.366,80678.12994,70054.57875,1786838.959,-621169.0965,741735.2142,213702.1893,18276.88018,509664.3668,0,3072.2131,71801.48651,0
154,Maldives,Asia,Southern Asia,South Asia,0,0,0,0,0,0,0,0,0,0,0,0,0,0,0,0,0
155,Mali,Africa,Western Africa,Sub-Saharan Africa,0,0,0,0,0,0,0,0,0,0,0,0,0,0,0,0,0
156,Malta,Europe,Southern Europe,Western Europe,0,0,0,0,0,0,0,0,0,0,0,0,0,0,0,0,0
157,Marshall Islands,Oceania,Micronesia,Oceania,0,0,0,0,0,0,0,0,0,0,0,0,0,0,0,0,0
158,Martinique,Americas,Caribbean,Central & South America,0,146.9866028,25.00370836,70.6444397,0,49.92633629,1.412116468,289.9293823,-156.4830246,13.54024982,12.06518555,0.960370854,0.514693384,0,0,0,0
159,Mauritania,Africa,Western Africa,Sub-Saharan Africa,349974.1607,54765053.09,50451841.85,1329464.499,0,2616089.348,367658.1075,10239238.96,15530979.58,28994834.98,10223314.87,657327.3448,18114192.62,0,31937.73309,55285.78158,0
160,Mauritius,Africa,Eastern Africa,Sub-Saharan Africa,0,0,0,0,0,0,0,0,0,0,0,0,0,0,0,0,0
161,Mayotte,Africa,Eastern Africa,Sub-Saharan Africa,0,0,0,0,0,0,0,0,0,0,0,0,0,0,0,0,0
162,Mexico,Americas,Central America,Central & South America,373726.0873,31805212.74,8231350.758,3748683.182,14457017.03,3061262.122,2306899.472,48423811.75,-26339353,9720753.899,3466840.163,340820.7852,5913092.664,0,25549.3099,445454.1207,0
163,Micronesia (Federated States of),Oceania,Micronesia,Oceania,117.5259865,39304.80093,24936.3656,2572.137309,10605.88329,587.6299431,602.7841182,6500.051612,11831.32645,20973.42318,6305.075145,488.2978407,14025.50775,5.941695788,20.60891,208.1668863,0
164,Midway Island,Americas,Northern America,North America,0,0,0,0,0,0,0,0,0,0,0,0,0,0,0,0,0
165,"Moldova, Republic of",Europe,Eastern Europe,Eastern Europe,0,0,0,0,0,0,0,0,0,0,0,0,0,0,0,0,0
166,Monaco,Europe,Western Europe,Western Europe,0,0,0,0,0,0,0,0,0,0,0,0,0,0,0,0,0
167,Mongolia,Asia,Eastern Asia,East Asia,487430.8619,37496046.88,5605182.258,7903125.336,19278126.9,2987736.911,1721875.484,32063251.35,-5327909.525,10760705.09,3839161.838,378361.5398,6543181.835,0,70085.00021,248520.6585,0
168,Montserrat,Americas,Caribbean,Central & South America,42.58970261,2289.190918,325.9191742,1690.190796,0,212.9485016,60.13240242,6263.174072,-4236.14502,262.1621246,234.2029343,20.21958637,7.739624023,0,0,0,0
169,Morocco,Africa,Northern Africa,West Asia & Northern Africa,89461.53611,2688741.215,983454.9054,274173.8434,480193.6447,809808.0642,141110.7883,2271006.06,-114228.5319,531963.7333,272127.7582,19129.45013,240706.5315,0,1952.16648,36559.45083,0
170,Mozambique,Africa,Eastern Africa,Sub-Saharan Africa,155009.5555,4603778.505,1244286.094,1380972.03,494525.3049,1071632.888,412362.1461,23861287.7,-19858197.98,600688.7458,436406.9503,35143.83675,129137.9579,0,2864.92896,139804.1522,0
171,Myanmar,Asia,South-Eastern Asia,East Asia,14056.32965,919286.0612,317457.8294,260822.8673,130381.3274,86774.36748,123849.6753,1916954.707,-1129357.185,131688.5393,102611.9864,6481.848369,22592.31909,0,2844.90514,66728.90907,0
172,Namibia,Africa,Southern Africa,Sub-Saharan Africa,403556.5122,8901134.875,3042153.869,1392642.327,336855.3199,3594446.051,535037.2105,16283167.88,-9961239.954,2579206.786,781380.5543,64298.14249,1733528.09,0,8323.31806,6973.431867,0
173,Nauru,Oceania,Micronesia,Oceania,0,0,0,0,0,0,0,0,0,0,0,0,0,0,0,0,0
174,Navassa Island,Americas,Northern America,North America,0,0,0,0,0,0,0,0,0,0,0,0,0,0,0,0,0
175,Nepal,Asia,Southern Asia,South Asia,187026.6023,16570489.86,6137173.349,2950172.986,2963713.606,1067879.678,3451550.255,16008134.1,-3651160.966,4213516.829,1818823.302,142110.7071,2252582.821,0,25757.41536,686090.7306,0
176,Netherlands Antilles,Americas,Caribbean,Central & South America,0,0,0,0,0,0,0,0,0,0,0,0,0,0,0,0,0
177,Netherlands,Europe,Western Europe,Western Europe,0,0,0,0,0,0,0,0,0,0,0,0,0,0,0,0,0
178,New Caledonia,Oceania,Melanesia,Oceania,122.1964407,13854.47015,659.7324419,2308.76189,10129.8357,656.0524493,100.0877718,7283.594542,1877.36694,4693.508554,1375.806244,154.8836902,2718.926255,7.550537254,33.08601,167.3119612,2.511198761
179,New Zealand,Oceania,Australia and New Zealand,Oceania,2387.543292,689789.237,389402.7179,41574.08795,141127.0133,114945.9126,2739.492342,850903.2164,-302548.5164,141434.5317,96150.65428,9694.728254,35578.31882,108.1833582,489.35048,2829.332492,0
180,Nicaragua,Americas,Central America,Central & South America,145.3523575,13457.26808,7722.0032,1470.085407,2552.637222,994.5973344,717.9446782,27734.59299,-17912.75945,3635.43449,1946.672901,173.5587808,1515.202856,0,12.58781,309.0473739,0
181,Niger,Africa,Western Africa,Sub-Saharan Africa,91502.02426,3880759.07,2619501.222,509292.2571,16264.42757,602622.4493,133078.7248,3630333.785,-1038436.888,1288862.217,576455.9082,37659.35183,674746.9328,0,4120.6857,25741.86848,0
182,Nigeria,Africa,Western Africa,Sub-Saharan Africa,327146.6243,25088897.29,18269187.7,1652944.908,391158.946,2808820.555,1966785.467,46444688.99,-28341930.77,6986138.468,3858247.843,247101.7855,2880788.785,0,14167.55288,127742.6573,0
183,Niue,Oceania,Polynesia,Oceania,0,0,0,0,0,0,0,0,0,0,0,0,0,0,0,0,0
184,Norfolk Island,Oceania,Australia and New Zealand,Oceania,0,0,0,0,0,0,0,0,0,0,0,0,0,0,0,0,0
185,Northern Mariana Islands,Oceania,Micronesia,Oceania,0,0,0,0,0,0,0,0,0,0,0,0,0,0,0,0,0
186,Norway,Europe,Northern Europe,Western Europe,0,0,0,0,0,0,0,0,0,0,0,0,0,0,0,0,0
187,Oman,Asia,Western Asia,West Asia & Northern Africa,0,0,0,0,0,0,0,0,0,0,0,0,0,0,0,0,0
188,Pakistan,Asia,Southern Asia,South Asia,4338862.97,336688184.2,145715893.4,21114028.19,106054721.5,38373780.87,25429759.18,118587982.1,61512174.81,156588026.4,41860053.65,3333227.005,111394746.2,0,57567.83212,3334131.162,0
189,Palau,Oceania,Micronesia,Oceania,0,0,0,0,0,0,0,0,0,0,0,0,0,0,0,0,0
190,Palmyra Atoll,Americas,Northern America,North America,0,0,0,0,0,0,0,0,0,0,0,0,0,0,0,0,0
191,Panama,Americas,Central America,Central & South America,376.0597397,28160.08515,11954.26262,4878.925172,7815.001428,2138.253442,1373.643252,31791.64526,-11553.64876,7922.088949,3660.245099,242.3370266,4018.892211,0,16.59386,1900.211774,0
192,Papua New Guinea,Oceania,Melanesia,Oceania,0,0,0,0,0,0,0,0,0,0,0,0,0,0,0,0,0
193,Paracel Islands,Asia,South-Eastern Asia,East Asia,0,0,0,0,0,0,0,0,0,0,0,0,0,0,0,0,0
194,Paraguay,Americas,South America,Central & South America,5041.725579,382089.4738,202123.3113,68858.67118,54861.15123,38157.49512,18088.84605,1048061.532,-734387.0984,68415.0403,52796.64442,4581.580307,11036.8159,0,175.09916,15523.93377,0
195,Peru,Americas,South America,Central & South America,94519.30117,5158767.928,1887736.148,836661.7213,1526595.124,782453.862,125321.1128,9398815.249,-5339302.901,1099255.575,613872.9137,43359.90597,442022.7494,0,8977.70806,235783.6599,0
196,Philippines,Asia,South-Eastern Asia,East Asia,40013.11068,3882232.685,665546.1501,845495.4431,2003856.873,219800.9752,147533.1544,3825022.496,-706971.858,764182.031,418044.4536,30006.43343,315266.4846,0,6240.71792,169182.1042,0
197,Pitcairn,Oceania,Polynesia,Oceania,0,0,0,0,0,0,0,0,0,0,0,0,0,0,0,0,0
198,Poland,Europe,Eastern Europe,Eastern Europe,0,0,0,0,0,0,0,0,0,0,0,0,0,0,0,0,0
199,Portugal,Europe,Southern Europe,Western Europe,27157.54161,2583146.526,821453.8489,347994.6306,754898.1935,483996.806,174803.0655,3955019.325,-1827684.611,455811.8117,274580.0578,23445.40002,157786.3568,403.462376,3652.30025,49080.27553,0
200,Puerto Rico,Americas,Caribbean,Central & South America,18.83118169,1302.697786,887.5043906,208.3459624,0,133.8219902,73.02544209,4595.210008,-3537.846333,245.3342629,198.3354739,11.52858628,35.47020731,0,1.68628,0.631959215,0
201,Qatar,Asia,Western Asia,West Asia & Northern Africa,0,0,0,0,0,0,0,0,0,0,0,0,0,0,0,0,0
202,Republic of Korea,Asia,Eastern Asia,East Asia,1302.931138,249335.5196,119325.1829,15290.51744,88148.64868,11019.95763,15551.2123,242462.3046,-83782.37158,90655.58652,34208.95307,2772.10981,53673.04288,0,625.95296,2568.27469,0
203,Romania,Europe,Eastern Europe,Eastern Europe,20829.76842,2620001.52,902923.9172,373740.8058,641204.2196,408359.7661,293772.8377,3467079.912,-1394220.862,547142.4785,282079.2902,22685.15423,242378.0283,348.0344786,3945.36613,40607.99516,0
204,Russian Federation,Europe,Eastern Europe,Russian Federation,11718.04034,765184.6558,112488.5685,169765.3631,260137.8257,180425.5274,42367.37322,1386141.677,-719177.11,98220.09146,65488.0307,5751.537038,21477.03266,125.1718357,1358.1166,18809.50821,0
205,Rwanda,Africa,Eastern Africa,Sub-Saharan Africa,5033.118483,242991.0139,139190.2514,45283.46686,775.1675631,27995.28624,29746.83788,317337.1434,-126634.7003,52288.57599,32443.91491,2248.004296,17596.65678,0,0,9.5342432,0
206,R?union,Africa,Eastern Africa,Sub-Saharan Africa,0,0,0,0,0,0,0,0,0,0,0,0,0,0,0,0,0
207,Saint Helena,Africa,Western Africa,Sub-Saharan Africa,0,0,0,0,0,0,0,0,0,0,0,0,0,0,0,0,0
208,Saint Kitts and Nevis,Americas,Caribbean,Central & South America,0,0,0,0,0,0,0,0,0,0,0,0,0,0,0,0,0
209,Saint Lucia,Americas,Caribbean,Central & South America,0,0,0,0,0,0,0,0,0,0,0,0,0,0,0,0,0
210,Saint Pierre et Miquelon,Americas,Northern America,Oceania,0,0,0,0,0,0,0,0,0,0,0,0,0,0,0,0,0
211,Saint Vincent and the Grenadines,Americas,Caribbean,Central & South America,18.1445027,1247.507469,367.0258597,414.039072,0,453.6125603,12.82997757,1699.243298,-583.6686945,131.932862,114.8090801,7.880498141,9.243283565,0,0,0,0
212,Samoa,Oceania,Polynesia,Oceania,0,0,0,0,0,0,0,0,0,0,0,0,0,0,0,0,0
213,San Marino,Europe,Southern Europe,Western Europe,0,0,0,0,0,0,0,0,0,0,0,0,0,0,0,0,0
214,Sao Tome and Principe,Africa,Middle Africa,Sub-Saharan Africa,81.92992902,1886.154375,434.6835384,762.8989461,0,409.6496489,278.9222609,2397.418891,-701.1290449,189.8643937,163.2265991,12.08578963,14.55200547,0,0,0,0
215,Saudi Arabia,Asia,Western Asia,West Asia & Northern Africa,0,0,0,0,0,0,0,0,0,0,0,0,0,0,0,0,0
216,Scarborough Reef,Asia,South-Eastern Asia,East Asia,0,0,0,0,0,0,0,0,0,0,0,0,0,0,0,0,0
217,Senegal,Africa,Western Africa,Sub-Saharan Africa,44321.94549,4521265.704,3638696.796,327272.6461,119295.0021,343187.3813,92814.29503,5669851.828,-2717633.081,1569047.209,772396.1367,78236.86567,718414.2322,0,1040.41929,29594.55654,0
218,Senkaku Islands,Asia,Eastern Asia,East Asia,0,0,0,0,0,0,0,0,0,0,0,0,0,0,0,0,0
220,Seychelles,Africa,Eastern Africa,Sub-Saharan Africa,0,0,0,0,0,0,0,0,0,0,0,0,0,0,0,0,0
221,Sierra Leone,Africa,Western Africa,Sub-Saharan Africa,15519.77889,1304236.903,866678.2247,263439.7967,0,96289.18187,77829.68169,1920181.526,-1027661.068,411716.5136,199679.6066,9367.553353,202669.328,0,1800.32037,73834.96395,0
222,Singapore,Asia,South-Eastern Asia,East Asia,4.226943016,1563.730713,1483.490356,3.52050209,0,42.26942825,34.45043182,321.5392151,413.9410706,828.2503662,297.0501099,18.7828846,512.4173584,0,1.3731,1.995121837,0
223,Slovakia,Europe,Eastern Europe,Eastern Europe,0,0,0,0,0,0,0,0,0,0,0,0,0,0,0,0,0
224,Slovenia,Europe,Southern Europe,Western Europe,1294.90211,225461.8337,55338.11064,35505.79717,81970.10015,30086.9306,22560.89979,270913.4441,-94131.4811,48679.87213,22815.21194,2013.972497,23850.68798,28.2596965,311.76195,2406.784517,0
225,Solomon Islands,Oceania,Melanesia,Oceania,3204.281059,466125.7757,16294.65275,52998.88588,376200.9848,17546.42755,3084.790663,214021.9925,65314.52874,186789.2511,46178.91658,5476.110751,132872.1993,298.9139153,1080.96762,4713.952263,111.8462653
226,Somalia,Africa,Eastern Africa,Sub-Saharan Africa,0,0,0,0,0,0,0,0,0,0,0,0,0,0,0,0,0
227,South Africa,Africa,Southern Africa,Sub-Saharan Africa,490872.2657,36516976.52,24227713.85,1869266.637,4578678.028,4636464.545,1204853.803,37501389.02,-15016278.88,14031865.96,5490337.108,403897.9985,8137630.419,0,24751.74388,189095.9924,0
228,South Georgia and the South Sandwich Islands,Antarctica,,,0,0,0,0,0,0,0,0,0,0,0,0,0,0,0,0,0
229,Spain,Europe,Southern Europe,Western Europe,54817.05471,6011187.475,1719543.25,488314.1978,2827327.857,671011.2315,304990.9735,7211601.914,-2503864.159,1303449.697,675472.8589,56338.14881,571638.7052,356.8591932,6696.16697,437258.7444,0
230,Spratly Islands,Asia,South-Eastern Asia,East Asia,0,0,0,0,0,0,0,0,0,0,0,0,0,0,0,0,0
231,Sri Lanka,Asia,Southern Asia,South Asia,0,0,0,0,0,0,0,0,0,0,0,0,0,0,0,0,0
233,Suriname,Americas,South America,Central & South America,95.6649735,14787.38012,1157.511524,2572.299114,9729.434447,1095.309227,232.8260206,18076.30976,-7267.481284,3978.55155,1461.675631,108.4843566,2408.391534,0,35.05186,829.0774299,0
234,Svalbard and Jan Mayen Islands,Europe,Northern Europe,Western Europe,0,0,0,0,0,0,0,0,0,0,0,0,0,0,0,0,0
235,Swaziland,Africa,Southern Africa,Sub-Saharan Africa,11961.33595,622640.8716,378974.6115,88251.75003,0,95387.45288,60027.04636,2436479.905,-1944941.669,131102.6078,84620.09885,7266.888933,39215.62252,0,0,287.8479818,0
236,Sweden,Europe,Northern Europe,Western Europe,13.24465651,1026.545642,212.8451655,189.0732633,387.2623779,182.4546071,54.91022143,2032.848608,-1115.980217,109.6772421,100.2025986,7.93073912,1.543906423,0.198171639,3.53869,27.56519899,0
237,Switzerland,Europe,Western Europe,Western Europe,0,0.021290543,0.006871111,0.001826258,0.006782916,0.003585656,0.002224602,0.031761489,-0.014895626,0.00442468,0.00223514,0.000188493,0.002001047,5.55E-06,0.00003,0.000226271,0
238,Syrian Arab Republic,Asia,Western Asia,West Asia & Northern Africa,0,0,0,0,0,0,0,0,0,0,0,0,0,0,0,0,0
239,Tajikistan,Asia,Central Asia,West Asia & Northern Africa,98931.41589,6774776.447,2275791.163,900131.9026,2426851.308,764951.9425,407050.2663,8802747.251,-3941747.621,1913776.834,787856.5552,68028.65477,1057891.625,0,2457.72499,127887.0653,0
240,Thailand,Asia,South-Eastern Asia,East Asia,5262.882933,700498.8217,47671.0709,99457.52274,495648.2656,29146.82919,28575.1448,479013.3716,-62665.45766,284150.926,69044.79398,6650.327641,207969.9428,0,988.14253,47971.50219,0
241,The former Yugoslav Republic of Macedonia,Europe,Southern Europe,Western Europe,0,0,0,0,0,0,0,0,0,0,0,0,0,0,0,0,0
242,Timor-Leste,Asia,South-Eastern Asia,East Asia,261.8927474,9585.064209,1334.841557,4398.927528,1884.363621,1331.495502,635.4359484,15346.36459,-6886.783905,1125.483456,895.2974224,66.88995111,163.2961358,0,22.82681,786.701417,0
243,Togo,Africa,Western Africa,Sub-Saharan Africa,21394.64077,618729.0066,135340.8455,167214.5864,45795.52355,144559.2493,125818.8148,2622090.388,-2062481.087,59119.70821,48369.18027,4046.191402,6704.336978,0,23.7542,4710.14331,0
244,Tokelau,Oceania,Polynesia,Oceania,0,0,0,0,0,0,0,0,0,0,0,0,0,0,0,0,0
245,Tonga,Oceania,Polynesia,Oceania,0,0,0,0,0,0,0,0,0,0,0,0,0,0,0,0,0
246,Trinidad and Tobago,Americas,Caribbean,Central & South America,596.3594282,219183.9478,133831.0657,9722.700912,70143.06195,3065.639922,2421.482069,35442.55075,60140.19847,123601.2001,34752.78913,1984.01195,86864.39818,0,54.78186,170.3858084,0
247,Tromelin Island,Africa,Eastern Africa,Sub-Saharan Africa,0,0,0,0,0,0,0,0,0,0,0,0,0,0,0,0,0
248,Tunisia,Africa,Northern Africa,West Asia & Northern Africa,9236.247811,2534895.419,2324122.311,48409.12818,55110.12382,77658.83937,29594.99636,305032.0198,823052.3851,1406811.084,475176.3713,31190.0553,900444.6162,0,461.08771,9773.835053,0
249,Turkey,Asia,Western Asia,West Asia & Northern Africa,0,0,0,0,0,0,0,0,0,0,0,0,0,0,0,0,0
250,Turkmenistan,Asia,Central Asia,West Asia & Northern Africa,450589.7022,14724911.23,5029961.75,5832061.425,0,2985042.302,877845.6053,26161246.68,-13354444.19,1918108.396,1589198.477,108243.6565,220666.2697,0,9707.27699,804248.2298,0
251,Turks and Caicos islands,Americas,Caribbean,Central & South America,0,0,0,0,0,0,0,0,0,0,0,0,0,0,0,0,0
252,Tuvalu,Oceania,Polynesia,Oceania,0,0,0,0,0,0,0,0,0,0,0,0,0,0,0,0,0
253,Uganda,Africa,Eastern Africa,Sub-Saharan Africa,64874.14264,10091292.57,8437518.294,676385.8049,77225.33592,443023.3456,457140.7672,8569850.557,-2538685.447,4060128.15,1762864.732,118129.872,2179133.47,0,36698.24605,16443.48429,0
254,Ukraine,Europe,Eastern Europe,Eastern Europe,0,0,0,0,0,0,0,0,0,0,0,0,0,0,0,0,0
255,United Arab Emirates,Asia,Western Asia,West Asia & Northern Africa,44397.81554,9043883.275,3150170.543,961651.7732,4475723.484,362292.4488,94044.93191,3865688.492,1402289.494,3775905.237,1173771.607,104874.0158,2496492.656,0,5508.62092,20601.13248,0
256,U.K. of Great Britain and Northern Ireland,Europe,Northern Europe,Western Europe,927.3924326,185968.3294,64625.89203,20514.9049,60035.14143,31902.42512,8889.964871,280880.3851,-129983.9367,35071.88178,20980.18301,1757.827242,12325.66654,26.55624038,221.58611,1436.351886,0
257,United Republic of Tanzania,Africa,Eastern Africa,Sub-Saharan Africa,127170.5662,12176636.6,9237577.948,997336.58,379497.1834,885986.7887,676238.332,19524045.54,-10265511.55,2918103.363,1985199.002,121681.6789,811222.6162,0,3856.95467,69568.97322,0
258,United States Virgin Islands,Americas,Caribbean,Central & South America,0,0,0,0,0,0,0,0,0,0,0,0,0,0,0,0,0
259,United States of America,Americas,Northern America,North America,112405.3386,6960909.309,3065063.763,1079650.318,1006071.286,1073828.577,736295.3007,18162033.53,-12255573.61,1054449.377,821584.9122,55878.19814,176986.2681,0,20533.64856,106691.0206,0
260,Uruguay,Americas,South America,Central & South America,300.2788288,29197.26226,10083.42377,5630.117071,8358.64525,2606.750298,2518.325683,79828.23742,-55436.69252,4805.71781,3415.560963,277.2624166,1112.894495,0,20.18892,910.3268225,0
261,Uzbekistan,Asia,Central Asia,West Asia & Northern Africa,0,0,0,0,0,0,0,0,0,0,0,0,0,0,0,0,0
262,Vanuatu,Oceania,Melanesia,Oceania,825.4231738,65998.21647,3861.326247,8577.900874,48845.57227,4127.115852,586.3015398,22181.29507,12001.49954,31815.42344,6514.612634,798.0077043,23410.61955,19.05274386,68.52106,1328.89258,0
263,Venezuela,Americas,South America,Central & South America,76693.0148,7548467.995,2098635.424,807571.2335,3806704.757,546657.6372,288898.8902,10894509.72,-6321297.259,2975255.54,881154.6835,86411.50093,2003755.322,0,1457.79738,63011.54589,0
264,Viet Nam,Asia,South-Eastern Asia,East Asia,25587.22189,3709663.364,695491.5626,554122.1853,2120112.916,153858.8481,186077.9118,3925951.28,-1560241.083,1343953.077,406521.8168,26800.85404,910389.7856,0,5013.0267,374341.1119,0
265,Wake Island,Oceania,Micronesia,Oceania,0,0,0,0,0,0,0,0,0,0,0,0,0,0,0,0,0
266,Wallis and Futuna,Oceania,Polynesia,Oceania,0,0,0,0,0,0,0,0,0,0,0,0,0,0,0,0,0
267,West Bank,Asia,Western Asia,West Asia & Northern Africa,0,0,0,0,0,0,0,0,0,0,0,0,0,0,0,0,0
268,Western Sahara,Africa,Northern Africa,West Asia & Northern Africa,0,0,0,0,0,0,0,0,0,0,0,0,0,0,0,0,0
269,Yemen,Asia,Western Asia,West Asia & Northern Africa,874654.5471,35082392.6,13456215.81,6615593.039,7305105.725,6191227.358,1514250.431,30380763.4,-2248906.849,6950536.368,4083313.013,298611.1619,2568609.25,0,17843.68246,546638.0138,0
270,Zambia,Africa,Eastern Africa,Sub-Saharan Africa,67756.03289,4611829.983,2466456.372,679375.6352,716646.206,531059.3515,218292.457,13690402.38,-10254138.67,1175566.307,632893.449,45176.17935,497496.6967,0,4163.02547,69470.55438,0
271,Zimbabwe,Africa,Eastern Africa,Sub-Saharan Africa,83841.07042,4647260.276,2513516,452818.4184,727898.718,606860.7155,346166.4459,10187184.41,-7088529.997,1548605.827,620774.903,59075.67081,868755.276,0,6818.83604,1788.089366,0
2647,Montenegro,Europe,Southern Europe,Western Europe,850.1450312,110901.8479,22988.45729,20087.72964,40981.17673,17935.31043,8909.173471,151275.5578,-63436.8612,23063.15265,10704.58235,951.4519491,11407.11809,15.86007736,156.0612,1544.440428,0
2648,Serbia,Europe,Southern Europe,Western Europe,3058.958032,411771.6854,94115.07618,72747.04733,146765.9548,65477.85184,32665.74762,551401.7538,-222930.6799,83300.60872,40774.31629,3602.150615,38924.14167,57.31520252,574.6474,5925.157503,0
33364,Hong Kong,Asia,Eastern Asia,East Asia,288.7574908,93904.53387,26872.09957,7116.766977,53330.14586,1474.890392,5110.633587,26048.18599,20662.17314,47194.17239,11419.11095,1096.108486,34678.95404,0,1.3192,2.715779066,0
40760,Hala'ib triangle,Africa,Northern Africa,West Asia & Northern Africa,0,0,0,0,0,0,0,0,0,0,0,0,0,0,46.80723,0,0
40762,Ma'tan al-Sarra,Africa,Northern Africa,West Asia & Northern Africa,0,0,0,0,0,0,0,0,0,0,0,0,0,0,25.14624,0,0
40765,Egypt,Africa,Northern Africa,West Asia & Northern Africa,8221.988342,1141700.455,333320.168,127617.3566,589108.14,62407.73388,29247.02631,512675.8385,185269.4813,443755.1465,138336.5848,12320.66966,293097.8973,0,956.15966,15857.64121,0
40781,Jammu and Kashmir,Asia,Eastern Asia,East Asia,86783.03595,4800957.597,1719856.262,1886049.777,0,502476.9264,692574.6976,8532819.982,-4557430.385,825568.0379,532576.2257,33126.11855,259865.6916,0,25567.76775,6950.655474,0
61013,Ilemi triangle,Africa,Northern Africa,West Asia & Northern Africa,6506.459522,287340.2399,169432.5258,6543.147835,0,65064.59514,46299.96359,597607.5083,-349642.208,39374.92535,34540.8209,2488.23398,2345.869721,0,0,0,0
74578,Azores Islands,Europe,Southern Europe,Western Europe,0,0,0,0,0,0,0,0,0,0,0,0,0,0,0,0,0
