ADM0_CODE,ADM0_NAME,CONTINENT,REGION,REG_ANNEX5,Area,Crop_total_input,Crop_manure_input ,Crop_residue_input ,Crop_fertilizer_input ,Crop_BNF_input,Crop_atmospheric_input,Crop_total_output,Crop_total_stock_change,Crop_total_loss,Crop_total_ammonia,Crop_total_nitrous_oxide,crop_total_runoff_leaching,Blending_transport_concentrate,Feed_transport_processing,Field_operations,Trade
1,Afghanistan,Asia,Southern Asia,South Asia,1683061.87,56307697.41,9578326.01,25243012.48,7631389.43,10037888.91,3817081.86,92909541.3,-43070138.3,6468294.44,5203105.47,414192.89,850996.12,0,164048.2570,2616025.872,0
2,Aksai Chin,Asia,Eastern Asia,East Asia,0,0,0,0,0,0,0,0,0,0,0,0,0,0,0.0000,0,0
3,Albania,Europe,Southern Europe,Western Europe,95956.38,11857379.41,4560899.19,2383068.25,2840390.86,1305436.86,767584.02,11792793.75,-2274021.95,2338607.63,1434525.76,109484.75,794597.05,7469.171461,19332.2717,206089.6009,631.4003178
4,Algeria,Africa,Northern Africa,West Asia & Northern Africa,3460922,457415189.2,366384140.9,27207882.15,23667467.44,26858566.68,13297118.34,175036549.8,72492835.09,209885811.8,78364363.8,5126931.38,126394521.4,0,181766.3728,3036941.857,0
5,American Samoa,Oceania,Polynesia,Oceania,0,0,0,0,0,0,0,0,0,0,0,0,0,0,0.0000,0,0
6,Sudan,Africa,Northern Africa,West Asia & Northern Africa,4872548.27,263198291.3,153170810.6,35671761.54,30729896.73,33141140.65,10484667.65,173430338.1,-851669.86,90619616.71,37274329.96,2609550.8,50735731.39,0,275977.0105,3011066.631,0
7,Andorra,Europe,Southern Europe,Western Europe,0,0,0,0,0,0,0,0,0,0,0,0,0,0,0.0000,0,0
8,Angola,Africa,Middle Africa,Sub-Saharan Africa,0,0,0,0,0,0,0,0,0,0,0,0,0,0,0.0000,0,0
9,Anguilla,Americas,Caribbean,Central & South America,0,0,0,0,0,0,0,0,0,0,0,0,0,0,0.0000,0,0
10,Antarctica,Antarctica,,,0,0,0,0,0,0,0,0,0,0,0,0,0,0,0.0000,0,0
11,Antigua and Barbuda,Americas,Caribbean,Central & South America,0,0,0,0,0,0,0,0,0,0,0,0,0,0,0.0000,0,0
12,Argentina,Americas,South America,Central & South America,0,0,0,0,0,0,0,0,0,0,0,0,0,0,0.0000,0,0
13,Armenia,Asia,Western Asia,West Asia & Northern Africa,27460.3,1883074.88,781237.48,311647.18,408792.79,202475.48,178921.96,2688505.9,-1134730.14,329299.15,228291.5,18033.11,82974.55,0,2568.0110,30162.68035,0
14,Aruba,Americas,Caribbean,Central & South America,0,0,0,0,0,0,0,0,0,0,0,0,0,0,0.0000,0,0
15,Arunachal Pradesh,Asia,Eastern Asia,East Asia,0,0,0,0,0,0,0,0,0,0,0,0,0,0,0.0000,0,0
16,Ashmore and Cartier Islands,Oceania,Australia and New Zealand,Oceania,0,0,0,0,0,0,0,0,0,0,0,0,0,0,0.0000,0,0
17,Australia,Oceania,Australia and New Zealand,Oceania,0,0,0,0,0,0,0,0,0,0,0,0,0,0,0.0000,0,0
18,Austria,Europe,Western Europe,Western Europe,6580.67,1153156.45,286403.97,239891.01,384849.15,126941.46,115070.83,1337979.68,-408563.75,223740.52,119754.81,10100.95,93884.75,958.8918516,2472.2875,14316.93632,0
19,Azerbaijan,Asia,Western Asia,West Asia & Northern Africa,24470.66,1848472.04,1031645.71,315596.92,163533.32,171135.85,166560.2,2248786.23,-784716.31,384402.1,254242.17,16957.76,113202.17,0,2672.8705,36510.75187,0
20,Bahamas,Americas,Caribbean,Central & South America,0,0,0,0,0,0,0,0,0,0,0,0,0,0,0.0000,0,0
21,Bahrain,Asia,Western Asia,West Asia & Northern Africa,76.67,13393.18,1485.52,1842.11,9169.79,383.36,512.4,5297.1,2389.96,5706.13,1398.29,156.35,4151.49,0,21.2047,93.30050898,0
22,Baker Island,Americas,Northern America,North America,0,0,0,0,0,0,0,0,0,0,0,0,0,0,0.0000,0,0
23,Bangladesh,Asia,Southern Asia,South Asia,2024.9,346330.78,111127.48,42746.24,132731.54,10379.71,49345.8,156386.63,54322.64,135621.51,39773.27,2924.49,92923.75,0,438.9326,10228.41379,0
24,Barbados,Americas,Caribbean,Central & South America,0,0,0,0,0,0,0,0,0,0,0,0,0,0,0.0000,0,0
25,Bassas da India,Africa,Eastern Africa,Sub-Saharan Africa,0,0,0,0,0,0,0,0,0,0,0,0,0,0,0.0000,0,0
26,Belarus,Europe,Eastern Europe,Eastern Europe,0,0,0,0,0,0,0,0,0,0,0,0,0,0,0.0000,0,0
27,Belgium,Europe,Western Europe,Western Europe,0,0,0,0,0,0,0,0,0,0,0,0,0,0,0.0000,0,0
28,Belize,Americas,Central America,Central & South America,0,0,0,0,0,0,0,0,0,0,0,0,0,0,0.0000,0,0
29,Benin,Africa,Western Africa,Sub-Saharan Africa,0,0,0,0,0,0,0,0,0,0,0,0,0,0,0.0000,0,0
30,Bermuda,Americas,Northern America,North America,0,0,0,0,0,0,0,0,0,0,0,0,0,0,0.0000,0,0
31,Bhutan,Asia,Southern Asia,South Asia,0,0,0,0,0,0,0,0,0,0,0,0,0,0,0.0000,0,0
32,Bird Island,Americas,Caribbean,Central & South America,0,0,0,0,0,0,0,0,0,0,0,0,0,0,0.0000,0,0
33,Bolivia,Americas,South America,Central & South America,317741.15,16632978.83,9518619.42,3182213.19,742884.45,2383640.95,805620.79,36716911.38,-23219342.6,3135410,2296233.67,141650.01,697526.34,0,47413.4681,784876.1972,0
34,Bosnia and Herzegovina,Europe,Southern Europe,Western Europe,43639.46,5018702.03,1090351.14,1221854.76,1639111.96,607352.8,460031.41,5764034.75,-1617948.36,872615.66,504166.92,42864.9,325583.84,3601.31983,10096.6009,88714.65285,40.44557067
35,Botswana,Africa,Southern Africa,Sub-Saharan Africa,0,0,0,0,0,0,0,0,0,0,0,0,0,0,0.0000,0,0
36,Bouvet Island,Antarctica,,,0,0,0,0,0,0,0,0,0,0,0,0,0,0,0.0000,0,0
37,Brazil,Americas,South America,Central & South America,0,0,0,0,0,0,0,0,0,0,0,0,0,0,0.0000,0,0
38,British Indian Ocean Territory,Africa,Eastern Africa,South Asia,0,0,0,0,0,0,0,0,0,0,0,0,0,0,0.0000,0,0
39,British Virgin Islands,Americas,Caribbean,Central & South America,0,0,0,0,0,0,0,0,0,0,0,0,0,0,0.0000,0,0
40,Brunei Darussalam,Asia,South-Eastern Asia,East Asia,0,0,0,0,0,0,0,0,0,0,0,0,0,0,0.0000,0,0
41,Bulgaria,Europe,Eastern Europe,Eastern Europe,33151.64,3612708.43,421252.31,829178.65,1399492.08,595828.13,366957.37,5645973.13,-2485808.9,452544.19,307117.54,28329.31,117097.34,2725.252149,8540.4146,61219.61181,16.06251752
42,Burkina Faso,Africa,Western Africa,Sub-Saharan Africa,66238.73,3187506.91,1926184.69,319349.53,161771.16,518268.73,261932.79,7303734.26,-4983233.53,867006.2,433349.01,33742.35,399914.84,0,11.1303,17002.05674,0
43,Burundi,Africa,Eastern Africa,Sub-Saharan Africa,856.84,69589.53,47730.64,10258.11,1056.09,4748.32,5796.37,57172.14,-11519.19,23936.59,10677.55,508.16,12750.88,0,4.5450,1009.933687,0
44,Cambodia,Asia,South-Eastern Asia,East Asia,0,0,0,0,0,0,0,0,0,0,0,0,0,0,0.0000,0,0
45,Cameroon,Africa,Middle Africa,Sub-Saharan Africa,70479.85,13355969.88,12074754.12,243299.27,31531.04,665180.9,341204.45,13169411.54,-3427151.16,3613709.25,2442433.78,137466.5,1033808.9,0,1536.5286,4737.346064,0
46,Canada,Americas,Northern America,North America,0,0,0,0,0,0,0,0,0,0,0,0,0,0,0.0000,0,0
47,Cape Verde,Africa,Western Africa,Sub-Saharan Africa,0,0,0,0,0,0,0,0,0,0,0,0,0,0,0.0000,0,0
48,Cayman Islands,Americas,Caribbean,Central & South America,0,0,0,0,0,0,0,0,0,0,0,0,0,0,0.0000,0,0
49,Central African Republic,Africa,Middle Africa,Sub-Saharan Africa,0,0,0,0,0,0,0,0,0,0,0,0,0,0,0.0000,0,0
50,Chad,Africa,Middle Africa,Sub-Saharan Africa,51676.11,1765037.23,940490.44,301189.57,0,378044.92,145312.3,4822548.08,-3426272.75,368761.85,218217.04,17489.29,133055.52,0,5802.1402,13206.91647,0
51,Chile,Americas,South America,Central & South America,0,0,0,0,0,0,0,0,0,0,0,0,0,0,0.0000,0,0
52,China/India,Asia,Eastern Asia,East Asia,0,0,0,0,0,0,0,0,0,0,0,0,0,0,0.0000,0,0
53,China,Asia,Eastern Asia,East Asia,6975528.92,985984234.6,165146025.9,156364128.9,578040912.3,46386374.66,40046750.19,675245716.9,-8728423.12,319466942.1,106469710.1,10040298.55,202956931,0,1235723.3891,20914309.72,0
54,Christmas Island,Asia,South-Eastern Asia,East Asia,0,0,0,0,0,0,0,0,0,0,0,0,0,0,0.0000,0,0
55,Clipperton Island,Americas,Central America,Central & South America,0,0,0,0,0,0,0,0,0,0,0,0,0,0,0.0000,0,0
56,Cocos (Keeling) Islands,Asia,South-Eastern Asia,East Asia,0,0,0,0,0,0,0,0,0,0,0,0,0,0,0.0000,0,0
57,Colombia,Americas,South America,Central & South America,0,0,0,0,0,0,0,0,0,0,0,0,0,0,0.0000,0,0
58,Comoros,Africa,Eastern Africa,Sub-Saharan Africa,0,0,0,0,0,0,0,0,0,0,0,0,0,0,0.0000,0,0
59,Congo,Africa,Middle Africa,Sub-Saharan Africa,0,0,0,0,0,0,0,0,0,0,0,0,0,0,0.0000,0,0
60,Cook Islands,Oceania,Polynesia,Oceania,0,0,0,0,0,0,0,0,0,0,0,0,0,0,0.0000,0,0
61,Costa Rica,Americas,Central America,Central & South America,0,0,0,0,0,0,0,0,0,0,0,0,0,0,0.0000,0,0
62,Croatia,Europe,Southern Europe,Western Europe,13502.98,2678532.82,242854.9,420079.66,1622879.99,207073.34,185644.9,2061446.31,-253313.69,870400.19,252866.95,27781.53,589751.71,1367.159894,3810.4596,29825.61708,0
63,Cuba,Americas,Caribbean,Central & South America,0,0,0,0,0,0,0,0,0,0,0,0,0,0,0.0000,0,0
64,Cyprus,Asia,Western Asia,West Asia & Northern Africa,21591.41,1989044.85,354911.12,426455.48,790129.31,235648.53,181900.38,2222013.42,-535552.79,302584.18,192640.7,17067.45,92876.03,1889.976945,3634.6267,23507.38617,351.4696918
65,Czech Republic,Europe,Eastern Europe,Eastern Europe,7473.45,1421095.67,223746.39,226569.93,704108.6,139234.92,127435.82,1440783.86,-387481.76,367793.56,137817.13,13377.52,216598.91,725.0897266,2547.4121,16375.16906,0
66,C?te d'Ivoire,Africa,Western Africa,Sub-Saharan Africa,0,0,0,0,0,0,0,0,0,0,0,0,0,0,0.0000,0,0
67,Dem People's Rep of Korea,Asia,Eastern Asia,East Asia,0,0,0,0,0,0,0,0,0,0,0,0,0,0,0.0000,0,0
68,Democratic Republic of the Congo,Africa,Middle Africa,Sub-Saharan Africa,0,0,0,0,0,0,0,0,0,0,0,0,0,0,0.0000,0,0
69,Denmark,Europe,Northern Europe,Western Europe,0,0,0,0,0,0,0,0,0,0,0,0,0,0,0.0000,0,0
70,Djibouti,Africa,Eastern Africa,Sub-Saharan Africa,0,0,0,0,0,0,0,0,0,0,0,0,0,0,0.0000,0,0
71,Dominica,Americas,Caribbean,Central & South America,0,0,0,0,0,0,0,0,0,0,0,0,0,0,0.0000,0,0
72,Dominican Republic,Americas,Caribbean,Central & South America,0,0,0,0,0,0,0,0,0,0,0,0,0,0,0.0000,0,0
73,Ecuador,Americas,South America,Central & South America,10405.32,1576697.66,1016722.85,135282.44,309313.67,79343.19,36035.51,2582582.06,-1450509.51,444625.09,247804.18,16100.77,180720.14,0,2752.6516,19343.20246,0
74,South Sudan,Africa,Northern Africa,West Asia & Northern Africa,821163.31,53292082.86,26966089.21,7662753.12,7760351.58,5712880.95,5190007.9,126026917.5,-83659173.97,10924338.94,6935528.34,476123.79,3512686.95,0,72404.3955,467158.0212,0
75,El Salvador,Americas,Central America,Central & South America,0,0,0,0,0,0,0,0,0,0,0,0,0,0,0.0000,0,0
76,Equatorial Guinea,Africa,Middle Africa,Sub-Saharan Africa,0,0,0,0,0,0,0,0,0,0,0,0,0,0,0.0000,0,0
77,Eritrea,Africa,Eastern Africa,Sub-Saharan Africa,58166.32,1378752.35,485766.18,379862.68,29766.71,358412.86,124943.92,1998787.02,-822313.33,202278.66,138116.18,9925.7,54236.78,0,37.2906,2401.666449,0
78,Estonia,Europe,Northern Europe,Western Europe,0,0,0,0,0,0,0,0,0,0,0,0,0,0,0.0000,0,0
79,Ethiopia,Africa,Eastern Africa,Sub-Saharan Africa,261138.25,8197098.98,2760603.48,1284133.75,592010.68,2288850.06,1271501.05,20810429.96,-13687638.52,1074307.57,739735.13,55860.25,278712.2,0,894.6194,1031.14458,0
80,Europa Island,Africa,Eastern Africa,Sub-Saharan Africa,0,0,0,0,0,0,0,0,0,0,0,0,0,0,0.0000,0,0
81,Falkland Islands (Malvinas),Americas,South America,Central & South America,0,0,0,0,0,0,0,0,0,0,0,0,0,0,0.0000,0,0
82,Faroe Islands,Europe,Northern Europe,Western Europe,0,0,0,0,0,0,0,0,0,0,0,0,0,0,0.0000,0,0
83,Fiji,Oceania,Melanesia,Oceania,0,0,0,0,0,0,0,0,0,0,0,0,0,0,0.0000,0,0
84,Finland,Europe,Northern Europe,Western Europe,0,0,0,0,0,0,0,0,0,0,0,0,0,0,0.0000,0,0
85,France,Europe,Western Europe,Western Europe,76629.11,15679727.48,3115214.84,2812260.1,6645401.73,2027216.48,1079634.45,19449678.8,-6611338.15,2841386.93,1568809.2,144124.88,1128452.85,13275.63871,29852.1070,156784.7158,0
86,French Guiana,Americas,South America,Central & South America,0,0,0,0,0,0,0,0,0,0,0,0,0,0,0.0000,0,0
87,French Polynesia,Oceania,Polynesia,Oceania,0,0,0,0,0,0,0,0,0,0,0,0,0,0,0.0000,0,0
88,French Southern and Antarctic Territories,Antarctica,,,0,0,0,0,0,0,0,0,0,0,0,0,0,0,0.0000,0,0
89,Gabon,Africa,Middle Africa,Sub-Saharan Africa,0,0,0,0,0,0,0,0,0,0,0,0,0,0,0.0000,0,0
90,Gambia,Africa,Western Africa,Sub-Saharan Africa,0,0,0,0,0,0,0,0,0,0,0,0,0,0,0.0000,0,0
91,Gaza Strip,Asia,Western Asia,West Asia & Northern Africa,1782.16,235714.19,193428.87,24518.48,0,8910.78,8856.07,74761.43,53544.34,107408.43,41137.62,2660.16,63610.65,0,0.0000,0.656166196,0
92,Georgia,Asia,Western Asia,West Asia & Northern Africa,7790.92,595276.89,177711.89,91998.39,218112.6,53066.98,54387.02,901213.46,-469481.83,163545.26,66553.48,5848.32,91143.46,0,1513.0659,4466.385087,0
93,Germany,Europe,Western Europe,Western Europe,0,0,0,0,0,0,0,0,0,0,0,0,0,0,0.0000,0,0
94,Ghana,Africa,Western Africa,Sub-Saharan Africa,0,0,0,0,0,0,0,0,0,0,0,0,0,0,0.0000,0,0
95,Gibraltar,Europe,Southern Europe,Western Europe,0,0,0,0,0,0,0,0,0,0,0,0,0,0,0.0000,0,0
96,Glorioso Island,Africa,Eastern Africa,Sub-Saharan Africa,0,0,0,0,0,0,0,0,0,0,0,0,0,0,0.0000,0,0
97,Greece,Europe,Southern Europe,Western Europe,436084.09,70520583.71,17691156.25,11114167.87,32501759.78,6446448.76,2767049.79,62552378.44,-10620634.47,18588840.06,7899824.23,743674.21,9945341.63,40995.7366,135426.7729,839156.391,2989.931709
98,Greenland,Americas,Northern America,North America,0,0,0,0,0,0,0,0,0,0,0,0,0,0,0.0000,0,0
99,Grenada,Americas,Caribbean,Central & South America,0,0,0,0,0,0,0,0,0,0,0,0,0,0,0.0000,0,0
100,Guadeloupe,Americas,Caribbean,Central & South America,0,0,0,0,0,0,0,0,0,0,0,0,0,0,0.0000,0,0
101,Guam,Oceania,Micronesia,Oceania,0,0,0,0,0,0,0,0,0,0,0,0,0,0,0.0000,0,0
102,Abyei,Africa,Northern Africa,West Asia & Northern Africa,6116.86,284931.27,162252.37,26802.6,17032.26,45339.41,33504.63,846179.38,-634671.88,73423.76,36833.96,2981.76,33608.04,0,563.0987,1.239178508,0
103,Guatemala,Americas,Central America,Central & South America,0,0,0,0,0,0,0,0,0,0,0,0,0,0,0.0000,0,0
104,Guernsey,Europe,Northern Europe,Western Europe,0,0,0,0,0,0,0,0,0,0,0,0,0,0,0.0000,0,0
105,Guinea-Bissau,Africa,Western Africa,Sub-Saharan Africa,8334.1,453869.5,273924.08,92686.22,0,57694.28,29564.91,1138312.78,-776282.04,91838.75,64053.44,4827.81,22957.5,0,199.9770,21660.4012,0
106,Guinea,Africa,Western Africa,Sub-Saharan Africa,13456.67,610854.1,293160.39,150507.26,5843.47,99291.27,62051.69,2540292.6,-2034373.97,104935.45,74267.15,5402.24,25266.06,0,353.3078,30928.12336,0
107,Guyana,Americas,South America,Central & South America,0,0,0,0,0,0,0,0,0,0,0,0,0,0,0.0000,0,0
108,Haiti,Americas,Caribbean,Central & South America,0,0,0,0,0,0,0,0,0,0,0,0,0,0,0.0000,0,0
109,Heard Island and McDonald Islands,Antarctica,,,0,0,0,0,0,0,0,0,0,0,0,0,0,0,0.0000,0,0
110,Holy See,Europe,Southern Europe,Western Europe,0,0,0,0,0,0,0,0,0,0,0,0,0,0,0.0000,0,0
111,Honduras,Americas,Central America,Central & South America,0,0,0,0,0,0,0,0,0,0,0,0,0,0,0.0000,0,0
112,Howland Island,Americas,Northern America,North America,0,0,0,0,0,0,0,0,0,0,0,0,0,0,0.0000,0,0
113,Hungary,Europe,Eastern Europe,Eastern Europe,531.17,71744.89,7037.2,16039.75,31368.25,9237.59,8062.11,94941.27,-34840.16,11643.79,6148.24,589.41,4906.14,42.9225815,154.6745,1136.67746,0
114,Iceland,Europe,Northern Europe,Western Europe,0,0,0,0,0,0,0,0,0,0,0,0,0,0,0.0000,0,0
115,India,Asia,Southern Asia,South Asia,0,0,0,0,0,0,0,0,0,0,0,0,0,0,0.0000,0,0
116,Indonesia,Asia,South-Eastern Asia,East Asia,125840.13,21896943.72,7912602.04,3148961.54,9699299.59,666953.54,469126.88,12959109.73,1403571.22,7534262.72,2867346.57,174190.44,4492725.75,0,21808.0740,1032014.169,0
117,Iran  (Islamic Republic of),Asia,Southern Asia,South Asia,2589127.05,269145413.8,56293851.79,45726941.15,140714393.7,16392473.96,10017753.58,178757989.7,8602797.84,81784627.12,29902904.18,2591653.2,49290069.56,0,233319.2196,5015559.469,0
118,Iraq,Asia,Western Asia,West Asia & Northern Africa,715486.78,40209068.5,6277800.49,7793028.88,17527353.2,4603424.71,4007460.81,37203751.88,-4760441.93,7765758.3,3787598.27,346591.74,3631568.36,0,44443.1102,1283740.453,0
119,Ireland,Europe,Northern Europe,Western Europe,0,0,0,0,0,0,0,0,0,0,0,0,0,0,0.0000,0,0
120,Isle of Man,Europe,Northern Europe,Western Europe,0,0,0,0,0,0,0,0,0,0,0,0,0,0,0.0000,0,0
121,Israel,Asia,Western Asia,West Asia & Northern Africa,554796.61,20924841.95,13217224.99,309767.84,1201502.2,4663563.3,1532786.47,2056380.67,6419323.69,12449139.5,2794571.85,220295.62,9434271.24,1211.892455,2962.5986,288865.9481,0
122,Italy,Europe,Southern Europe,Western Europe,368947.04,52354874.23,9614200.87,9286169.21,24285497.82,5340275.76,3828729.48,52153249.71,-11292190.29,11493815.06,5280006.86,484907.08,5728900.95,35365.70743,97421.3240,757024.5514,0
123,Jamaica,Americas,Caribbean,Central & South America,0,0,0,0,0,0,0,0,0,0,0,0,0,0,0.0000,0,0
126,Japan,Asia,Eastern Asia,East Asia,0,0,0,0,0,0,0,0,0,0,0,0,0,0,0.0000,0,0
127,Jarvis Island,Americas,Northern America,North America,0,0,0,0,0,0,0,0,0,0,0,0,0,0,0.0000,0,0
128,Jersey,Europe,Northern Europe,Western Europe,0,0,0,0,0,0,0,0,0,0,0,0,0,0,0.0000,0,0
129,Johnston Atoll,Americas,Northern America,North America,0,0,0,0,0,0,0,0,0,0,0,0,0,0,0.0000,0,0
130,Jordan,Asia,Western Asia,West Asia & Northern Africa,1945271.76,95382002.19,43959859.7,5244613.01,20896907.08,16956842.63,8323781.83,33094797.1,17327230.5,44959974.66,11406123.93,964468.45,32589382.95,16149.05452,38471.9897,1075705.631,11555.30134
131,Juan de Nova Island,Africa,Eastern Africa,Sub-Saharan Africa,0,0,0,0,0,0,0,0,0,0,0,0,0,0,0.0000,0,0
132,Kazakhstan,Asia,Central Asia,West Asia & Northern Africa,99364.14,2555560.6,639417.75,983806.79,97546.02,633249.72,201540.35,5803985.92,-3537339.27,288913.91,236018.83,16987.74,35907.34,0,696.4615,187723.9146,0
133,Kenya,Africa,Eastern Africa,Sub-Saharan Africa,131938.69,9892674.85,6724306.48,733086.78,579548,1107167.73,748565.64,21396925.01,-14791400.06,3287149.82,1476124.82,105257,1705768.18,0,1267.3868,34021.05624,0
134,Kingman Reef,Americas,Northern America,North America,0,0,0,0,0,0,0,0,0,0,0,0,0,0,0.0000,0,0
135,Kiribati,Oceania,Micronesia,Oceania,0,0,0,0,0,0,0,0,0,0,0,0,0,0,0.0000,0,0
136,Kuril islands,Asia,Eastern Asia,East Asia,0,0,0,0,0,0,0,0,0,0,0,0,0,0,0.0000,0,0
137,Kuwait,Asia,Western Asia,West Asia & Northern Africa,1739.18,187243.02,98429.74,8359.05,59805.62,16707.03,3941.59,51674.68,44013.76,91554.59,26502.42,2158.39,62893.78,33.35580721,108.2513,1167.550475,0
138,Kyrgyzstan,Asia,Central Asia,West Asia & Northern Africa,81889.98,4216244.28,1908149.12,686606.36,734864.93,617824.05,268799.83,7990138.39,-4762044.66,988150.57,523776.95,36807.48,427566.14,0,2661.9685,121057.0311,0
139,Lao People's Democratic Republic,Asia,South-Eastern Asia,East Asia,0,0,0,0,0,0,0,0,0,0,0,0,0,0,0.0000,0,0
140,Latvia,Europe,Northern Europe,Western Europe,0,0,0,0,0,0,0,0,0,0,0,0,0,0,0.0000,0,0
141,Lebanon,Asia,Western Asia,West Asia & Northern Africa,12482.58,1777666.38,885470.23,136541.12,596681.02,81804.57,77169.38,983079.56,26316.37,768270.41,250416.27,20033.94,497820.22,0,720.3023,14241.89089,0
142,Lesotho,Africa,Southern Africa,Sub-Saharan Africa,0,0,0,0,0,0,0,0,0,0,0,0,0,0,0.0000,0,0
144,Liberia,Africa,Western Africa,Sub-Saharan Africa,0,0,0,0,0,0,0,0,0,0,0,0,0,0,0.0000,0,0
145,Libya,Africa,Northern Africa,West Asia & Northern Africa,5456848.85,583890723,510510038.6,5865708.04,11630611.39,51668325.56,4216080.05,27006370.92,205147893.4,351736438.5,103851652.2,7100825.36,240784012.6,0,49975.7148,8287712.356,0
146,Liechtenstein,Europe,Western Europe,Western Europe,0,0,0,0,0,0,0,0,0,0,0,0,0,0,0.0000,0,0
147,Lithuania,Europe,Northern Europe,Western Europe,0,0,0,0,0,0,0,0,0,0,0,0,0,0,0.0000,0,0
148,Luxembourg,Europe,Western Europe,Western Europe,0,0,0,0,0,0,0,0,0,0,0,0,0,0,0.0000,0,0
149,Macau,Asia,Eastern Asia,East Asia,0,0,0,0,0,0,0,0,0,0,0,0,0,0,0.0000,0,0
150,Madagascar,Africa,Eastern Africa,Sub-Saharan Africa,0,0,0,0,0,0,0,0,0,0,0,0,0,0,0.0000,0,0
151,Madeira Islands,Europe,Southern Europe,Western Europe,0,0,0,0,0,0,0,0,0,0,0,0,0,0,0.0000,0,0
152,Malawi,Africa,Eastern Africa,Sub-Saharan Africa,0,0,0,0,0,0,0,0,0,0,0,0,0,0,0.0000,0,0
153,Malaysia,Asia,South-Eastern Asia,East Asia,0,0,0,0,0,0,0,0,0,0,0,0,0,0,0.0000,0,0
154,Maldives,Asia,Southern Asia,South Asia,0,0,0,0,0,0,0,0,0,0,0,0,0,0,0.0000,0,0
155,Mali,Africa,Western Africa,Sub-Saharan Africa,1234661.3,42898257.45,11806805.3,12358781.04,10036726.13,7658653.83,1037290.73,73920893.99,-37576347.07,6553710.49,4600911.79,355451.1,1597347.51,0,43721.2272,614627.0291,0
156,Malta,Europe,Southern Europe,Western Europe,0,0,0,0,0,0,0,0,0,0,0,0,0,0,0.0000,0,0
157,Marshall Islands,Oceania,Micronesia,Oceania,0,0,0,0,0,0,0,0,0,0,0,0,0,0,0.0000,0,0
158,Martinique,Americas,Caribbean,Central & South America,0,0,0,0,0,0,0,0,0,0,0,0,0,0,0.0000,0,0
159,Mauritania,Africa,Western Africa,Sub-Saharan Africa,1087651.4,114213406.6,100604507.3,5149458.32,0,7405632.44,1053811.55,32251696.67,23759884.24,58201822.9,20635848.8,1335038.76,36230941.32,0,75339.7935,175627.7152,0
160,Mauritius,Africa,Eastern Africa,Sub-Saharan Africa,0,0,0,0,0,0,0,0,0,0,0,0,0,0,0.0000,0,0
161,Mayotte,Africa,Eastern Africa,Sub-Saharan Africa,0,0,0,0,0,0,0,0,0,0,0,0,0,0,0.0000,0,0
162,Mexico,Americas,Central America,Central & South America,0,0,0,0,0,0,0,0,0,0,0,0,0,0,0.0000,0,0
163,Micronesia (Federated States of),Oceania,Micronesia,Oceania,0,0,0,0,0,0,0,0,0,0,0,0,0,0,0.0000,0,0
164,Midway Island,Americas,Northern America,North America,0,0,0,0,0,0,0,0,0,0,0,0,0,0,0.0000,0,0
165,"Moldova, Republic of",Europe,Eastern Europe,Eastern Europe,1796.62,117946.91,21568.67,34333.47,11950.6,23940.83,26153.33,202104.79,-95439.16,11281.26,8942.14,712.47,1626.65,90.53781128,271.9745,3757.294586,0
166,Monaco,Europe,Western Europe,Western Europe,0,0,0,0,0,0,0,0,0,0,0,0,0,0,0.0000,0,0
167,Mongolia,Asia,Eastern Asia,East Asia,476073.19,47290949.46,6123675.88,9487026.47,26741085.85,2669219.16,2269942.41,31012152.2,1141603.86,15137193.37,4847546.62,498082.88,9791564.07,0,88033.5063,315845.8371,0
168,Montserrat,Americas,Caribbean,Central & South America,0,0,0,0,0,0,0,0,0,0,0,0,0,0,0.0000,0,0
169,Morocco,Africa,Northern Africa,West Asia & Northern Africa,204371.23,9893452.81,3333762.73,1543294.49,2907710.98,1521946.29,586738.4,9173533.43,-1703012.07,2422931.56,1111853.08,86908.13,1224170.31,0,10237.4497,230772.4465,0
170,Mozambique,Africa,Eastern Africa,Sub-Saharan Africa,0,0,0,0,0,0,0,0,0,0,0,0,0,0,0.0000,0,0
171,Myanmar,Asia,South-Eastern Asia,East Asia,929.05,69810.75,27312.67,18165.56,12469.26,5165.76,6697.51,90470.92,-31695.24,11035.07,8526.01,704.58,1804.47,0,133.6999,3340.730801,0
172,Namibia,Africa,Southern Africa,Sub-Saharan Africa,0,0,0,0,0,0,0,0,0,0,0,0,0,0,0.0000,0,0
173,Nauru,Oceania,Micronesia,Oceania,0,0,0,0,0,0,0,0,0,0,0,0,0,0,0.0000,0,0
174,Navassa Island,Americas,Northern America,North America,0,0,0,0,0,0,0,0,0,0,0,0,0,0,0.0000,0,0
175,Nepal,Asia,Southern Asia,South Asia,92983.42,7577385.53,2437908.69,1393164.86,1514000.3,524465.8,1707845.88,6718905.15,-1089512.71,1947993.1,778298.23,64115.91,1105578.95,0,13271.5446,129907.1465,0
176,Netherlands Antilles,Americas,Caribbean,Central & South America,0,0,0,0,0,0,0,0,0,0,0,0,0,0,0.0000,0,0
177,Netherlands,Europe,Western Europe,Western Europe,0,0,0,0,0,0,0,0,0,0,0,0,0,0,0.0000,0,0
178,New Caledonia,Oceania,Melanesia,Oceania,0,0,0,0,0,0,0,0,0,0,0,0,0,0,0.0000,0,0
179,New Zealand,Oceania,Australia and New Zealand,Oceania,0,0,0,0,0,0,0,0,0,0,0,0,0,0,0.0000,0,0
180,Nicaragua,Americas,Central America,Central & South America,0,0,0,0,0,0,0,0,0,0,0,0,0,0,0.0000,0,0
181,Niger,Africa,Western Africa,Sub-Saharan Africa,666152.81,24322694.92,14981628.04,4048102.06,129388.36,4176477.33,987100.87,25026793.19,-8497360.52,7793263.03,3414074.42,225743.34,4153445.17,0,24576.4106,218175.6862,0
182,Nigeria,Africa,Western Africa,Sub-Saharan Africa,0,0,0,0,0,0,0,0,0,0,0,0,0,0,0.0000,0,0
183,Niue,Oceania,Polynesia,Oceania,0,0,0,0,0,0,0,0,0,0,0,0,0,0,0.0000,0,0
184,Norfolk Island,Oceania,Australia and New Zealand,Oceania,0,0,0,0,0,0,0,0,0,0,0,0,0,0,0.0000,0,0
185,Northern Mariana Islands,Oceania,Micronesia,Oceania,0,0,0,0,0,0,0,0,0,0,0,0,0,0,0.0000,0,0
186,Norway,Europe,Northern Europe,Western Europe,0,0,0,0,0,0,0,0,0,0,0,0,0,0,0.0000,0,0
187,Oman,Asia,Western Asia,West Asia & Northern Africa,48197.05,6100618.15,959293.59,1022405.21,3673893.32,341356.96,103669.05,3512872,668645.9,1919100.27,661488.56,65659.08,1191952.6,0,7378.9259,19981.74448,0
188,Pakistan,Asia,Southern Asia,South Asia,210022.48,16676385.39,6092124.8,1263173.39,6344915.26,1815590.22,1160581.73,6549399.06,2774155,7352831.32,1979233.82,164166.86,5209430.6,0,2823.5561,184000.3418,0
189,Palau,Oceania,Micronesia,Oceania,0,0,0,0,0,0,0,0,0,0,0,0,0,0,0.0000,0,0
190,Palmyra Atoll,Americas,Northern America,North America,0,0,0,0,0,0,0,0,0,0,0,0,0,0,0.0000,0,0
191,Panama,Americas,Central America,Central & South America,0,0,0,0,0,0,0,0,0,0,0,0,0,0,0.0000,0,0
192,Papua New Guinea,Oceania,Melanesia,Oceania,0,0,0,0,0,0,0,0,0,0,0,0,0,0,0.0000,0,0
193,Paracel Islands,Asia,South-Eastern Asia,East Asia,0,0,0,0,0,0,0,0,0,0,0,0,0,0,0.0000,0,0
194,Paraguay,Americas,South America,Central & South America,0,0,0,0,0,0,0,0,0,0,0,0,0,0,0.0000,0,0
195,Peru,Americas,South America,Central & South America,0,0,0,0,0,0,0,0,0,0,0,0,0,0,0.0000,0,0
196,Philippines,Asia,South-Eastern Asia,East Asia,0,0,0,0,0,0,0,0,0,0,0,0,0,0,0.0000,0,0
197,Pitcairn,Oceania,Polynesia,Oceania,0,0,0,0,0,0,0,0,0,0,0,0,0,0,0.0000,0,0
198,Poland,Europe,Eastern Europe,Eastern Europe,853.44,145414.97,22603.17,20782.59,74644.8,15509.38,11875.03,151695.15,-40439.21,34159.03,14063.37,1347.21,18748.44,70.9494812,254.3950,1852.06548,0
199,Portugal,Europe,Southern Europe,Western Europe,91037.54,10498926.71,2256991.98,1700169.05,4518483.92,1335918.59,687363.26,12702990.13,-4007941.87,1803878.48,1073263.71,95365.99,635248.78,8676.290058,21629.4517,181625.0413,1186.51911
200,Puerto Rico,Americas,Caribbean,Central & South America,0,0,0,0,0,0,0,0,0,0,0,0,0,0,0.0000,0,0
201,Qatar,Asia,Western Asia,West Asia & Northern Africa,9865.46,1029932.42,559515.53,119824.48,239907.54,73922.61,36762.27,443578.02,210420.11,375934.31,147876.3,10834.7,217223.3,0,1574.5294,10390.89228,0
202,Republic of Korea,Asia,Eastern Asia,East Asia,0,0,0,0,0,0,0,0,0,0,0,0,0,0,0.0000,0,0
203,Romania,Europe,Eastern Europe,Eastern Europe,342054.14,41471721.37,10335305.65,7409848.74,13688400.99,5222832.5,4815334.18,47173624.73,-13999557.03,8297653.6,4176886.17,356585.32,3764182.12,22250.96121,76340.4941,742854.3701,2169.491546
204,Russian Federation,Europe,Eastern Europe,Russian Federation,3614.95,272716.66,48289.82,61484.33,107410.26,42356.43,13175.82,334133.2,-105666.15,44249.61,26547.42,2309.05,15393.14,158.1520522,453.9498,6163.475155,0
205,Rwanda,Africa,Eastern Africa,Sub-Saharan Africa,2954.4,156743.54,95185.57,26985.27,449.91,16585.65,17537.13,198091.63,-75800.08,34451.99,21780.63,1649.22,11022.14,0,0.0000,5.784806367,0
206,R?union,Africa,Eastern Africa,Sub-Saharan Africa,0,0,0,0,0,0,0,0,0,0,0,0,0,0,0.0000,0,0
207,Saint Helena,Africa,Western Africa,Sub-Saharan Africa,0,0,0,0,0,0,0,0,0,0,0,0,0,0,0.0000,0,0
208,Saint Kitts and Nevis,Americas,Caribbean,Central & South America,0,0,0,0,0,0,0,0,0,0,0,0,0,0,0.0000,0,0
209,Saint Lucia,Americas,Caribbean,Central & South America,0,0,0,0,0,0,0,0,0,0,0,0,0,0,0.0000,0,0
210,Saint Pierre et Miquelon,Americas,Northern America,Oceania,0,0,0,0,0,0,0,0,0,0,0,0,0,0,0.0000,0,0
211,Saint Vincent and the Grenadines,Americas,Caribbean,Central & South America,0,0,0,0,0,0,0,0,0,0,0,0,0,0,0.0000,0,0
212,Samoa,Oceania,Polynesia,Oceania,0,0,0,0,0,0,0,0,0,0,0,0,0,0,0.0000,0,0
213,San Marino,Europe,Southern Europe,Western Europe,0,0,0,0,0,0,0,0,0,0,0,0,0,0,0.0000,0,0
214,Sao Tome and Principe,Africa,Middle Africa,Sub-Saharan Africa,0,0,0,0,0,0,0,0,0,0,0,0,0,0,0.0000,0,0
215,Saudi Arabia,Asia,Western Asia,West Asia & Northern Africa,13402539.72,345195891.4,172254117.4,11707334.65,19152046.14,112235033.8,29847344.65,56429733.48,89542829.21,199223320.8,37536763.42,3482993.19,158203557.7,41303.17524,87302.0193,364935.2765,22343.5808
216,Scarborough Reef,Asia,South-Eastern Asia,East Asia,0,0,0,0,0,0,0,0,0,0,0,0,0,0,0.0000,0,0
217,Senegal,Africa,Western Africa,Sub-Saharan Africa,24351.56,888099.35,428125.6,163485.47,64198.11,189564.76,42725.41,2718924.82,-2000221.72,169396.25,108393.48,8801.1,52201.66,0,552.1261,15077.12948,0
218,Senkaku Islands,Asia,Eastern Asia,East Asia,0,0,0,0,0,0,0,0,0,0,0,0,0,0,0.0000,0,0
220,Seychelles,Africa,Eastern Africa,Sub-Saharan Africa,0,0,0,0,0,0,0,0,0,0,0,0,0,0,0.0000,0,0
221,Sierra Leone,Africa,Western Africa,Sub-Saharan Africa,0,0,0,0,0,0,0,0,0,0,0,0,0,0,0.0000,0,0
222,Singapore,Asia,South-Eastern Asia,East Asia,0,0,0,0,0,0,0,0,0,0,0,0,0,0,0.0000,0,0
223,Slovakia,Europe,Eastern Europe,Eastern Europe,23050.62,3409656.64,518993.19,594525,1551008.24,390170.96,354959.28,3804846.08,-1234022.04,838832.59,318351.96,30970.56,489510.07,1775.982483,6450.3151,50014.31856,0
224,Slovenia,Europe,Southern Europe,Western Europe,878.21,154935.12,31844.38,28705.67,65165.74,14170.71,15048.62,145823.6,-28072.49,37184.01,15756.02,1442.62,19985.37,97.49436947,274.9161,1701.260533,0
225,Solomon Islands,Oceania,Melanesia,Oceania,0,0,0,0,0,0,0,0,0,0,0,0,0,0,0.0000,0,0
226,Somalia,Africa,Eastern Africa,Sub-Saharan Africa,6908831.13,124276528.1,35356945.92,25514981.94,0,44407370.45,18997230.55,107989570.7,-21290011.54,37576970.17,9622887.4,835657.93,27118424.72,0,1971.7806,771175.2469,0
227,South Africa,Africa,Southern Africa,Sub-Saharan Africa,0,0,0,0,0,0,0,0,0,0,0,0,0,0,0.0000,0,0
228,South Georgia and the South Sandwich Islands,Antarctica,,,0,0,0,0,0,0,0,0,0,0,0,0,0,0,0.0000,0,0
229,Spain,Europe,Southern Europe,Western Europe,386196.62,52723522.15,10634638.76,7459255.72,27542846.38,4499119.63,2587662.09,52187612.99,-11481164.11,12017073.22,5627138.07,510102.71,5879832.53,30238.33037,86603.6984,2393404.935,48894.65001
230,Spratly Islands,Asia,South-Eastern Asia,East Asia,0,0,0,0,0,0,0,0,0,0,0,0,0,0,0.0000,0,0
231,Sri Lanka,Asia,Southern Asia,South Asia,0,0,0,0,0,0,0,0,0,0,0,0,0,0,0.0000,0,0
233,Suriname,Americas,South America,Central & South America,0,0,0,0,0,0,0,0,0,0,0,0,0,0,0.0000,0,0
234,Svalbard and Jan Mayen Islands,Europe,Northern Europe,Western Europe,0,0,0,0,0,0,0,0,0,0,0,0,0,0,0.0000,0,0
235,Swaziland,Africa,Southern Africa,Sub-Saharan Africa,0,0,0,0,0,0,0,0,0,0,0,0,0,0,0.0000,0,0
236,Sweden,Europe,Northern Europe,Western Europe,0,0,0,0,0,0,0,0,0,0,0,0,0,0,0.0000,0,0
237,Switzerland,Europe,Western Europe,Western Europe,3401.03,655179.11,168732.91,82674.38,279719.02,64882.11,59170.69,679803.33,-184441.05,159816.83,69985.92,6165.96,83664.95,480.9556892,1247.6446,7383.306102,0
238,Syrian Arab Republic,Asia,Western Asia,West Asia & Northern Africa,2878800.78,179936282.2,56679472.6,21830616.63,67452573.38,16824841.14,17148777.36,101751851.8,13093070.15,65091358.98,20264213.31,1790421.82,43036723.23,0,89172.5779,5037805.187,0
239,Tajikistan,Asia,Central Asia,West Asia & Northern Africa,0,0,0,0,0,0,0,0,0,0,0,0,0,0,0.0000,0,0
240,Thailand,Asia,South-Eastern Asia,East Asia,0,0,0,0,0,0,0,0,0,0,0,0,0,0,0.0000,0,0
241,The former Yugoslav Republic of Macedonia,Europe,Southern Europe,Western Europe,42931.28,4790699.22,1108923.57,1005511.89,1677481.38,580935.66,417846.84,5173431.68,-1176531.27,793798.83,490084.05,41830.06,261884.72,3333.069373,9350.2028,96614.3212,192.1418434
242,Timor-Leste,Asia,South-Eastern Asia,East Asia,0,0,0,0,0,0,0,0,0,0,0,0,0,0,0.0000,0,0
243,Togo,Africa,Western Africa,Sub-Saharan Africa,0,0,0,0,0,0,0,0,0,0,0,0,0,0,0.0000,0,0
244,Tokelau,Oceania,Polynesia,Oceania,0,0,0,0,0,0,0,0,0,0,0,0,0,0,0.0000,0,0
245,Tonga,Oceania,Polynesia,Oceania,0,0,0,0,0,0,0,0,0,0,0,0,0,0,0.0000,0,0
246,Trinidad and Tobago,Americas,Caribbean,Central & South America,0,0,0,0,0,0,0,0,0,0,0,0,0,0,0.0000,0,0
247,Tromelin Island,Africa,Eastern Africa,Sub-Saharan Africa,0,0,0,0,0,0,0,0,0,0,0,0,0,0,0.0000,0,0
248,Tunisia,Africa,Northern Africa,West Asia & Northern Africa,53618.51,14278542.54,12917518.48,311535.07,424615.7,432117.95,192754.13,1771423.93,4651211.89,7855906.41,2657118.9,175133.8,5023653.55,0,3198.0738,65026.55668,0
249,Turkey,Asia,Western Asia,West Asia & Northern Africa,247333.6,21730699.61,4066134.91,4331976.91,10215298.77,1638190.5,1479098.42,25817322.79,-9221137.97,5134514.74,2267954.57,214514.39,2652045.72,0,28244.2069,498017.6614,0
250,Turkmenistan,Asia,Central Asia,West Asia & Northern Africa,0,0,0,0,0,0,0,0,0,0,0,0,0,0,0.0000,0,0
251,Turks and Caicos islands,Americas,Caribbean,Central & South America,0,0,0,0,0,0,0,0,0,0,0,0,0,0,0.0000,0,0
252,Tuvalu,Oceania,Polynesia,Oceania,0,0,0,0,0,0,0,0,0,0,0,0,0,0,0.0000,0,0
253,Uganda,Africa,Eastern Africa,Sub-Saharan Africa,0,0,0,0,0,0,0,0,0,0,0,0,0,0,0.0000,0,0
254,Ukraine,Europe,Eastern Europe,Eastern Europe,22744.61,2872594.82,574209.04,467437.06,1169807.01,333746.59,327395.15,2969012.05,-734493.65,638076.43,278566.21,25191.52,334318.7,1419.24929,4516.0582,47646.84011,0
255,United Arab Emirates,Asia,Western Asia,West Asia & Northern Africa,71924.66,14554322.91,5486027.63,1639798.98,6679867.41,591538.64,157090.12,6042218.24,2527344.94,5984759.7,1929172.13,167605.72,3887981.72,0,9774.3854,35869.94937,0
256,U.K. of Great Britain and Northern Ireland,Europe,Northern Europe,Western Europe,0,0,0,0,0,0,0,0,0,0,0,0,0,0,0.0000,0,0
257,United Republic of Tanzania,Africa,Eastern Africa,Sub-Saharan Africa,0,0,0,0,0,0,0,0,0,0,0,0,0,0,0.0000,0,0
258,United States Virgin Islands,Americas,Caribbean,Central & South America,0,0,0,0,0,0,0,0,0,0,0,0,0,0,0.0000,0,0
259,United States of America,Americas,Northern America,North America,0,0,0,0,0,0,0,0,0,0,0,0,0,0,0.0000,0,0
260,Uruguay,Americas,South America,Central & South America,0,0,0,0,0,0,0,0,0,0,0,0,0,0,0.0000,0,0
261,Uzbekistan,Asia,Central Asia,West Asia & Northern Africa,0,0,0,0,0,0,0,0,0,0,0,0,0,0,0.0000,0,0
262,Vanuatu,Oceania,Melanesia,Oceania,0,0,0,0,0,0,0,0,0,0,0,0,0,0,0.0000,0,0
263,Venezuela,Americas,South America,Central & South America,0,0,0,0,0,0,0,0,0,0,0,0,0,0,0.0000,0,0
264,Viet Nam,Asia,South-Eastern Asia,East Asia,0,0,0,0,0,0,0,0,0,0,0,0,0,0,0.0000,0,0
265,Wake Island,Oceania,Micronesia,Oceania,0,0,0,0,0,0,0,0,0,0,0,0,0,0,0.0000,0,0
266,Wallis and Futuna,Oceania,Polynesia,Oceania,0,0,0,0,0,0,0,0,0,0,0,0,0,0,0.0000,0,0
267,West Bank,Asia,Western Asia,West Asia & Northern Africa,50115.7,6980318.03,4478392.54,512464.17,1358810.52,390416.62,240234.48,2083008.65,1752526.03,3144783.25,1082805.93,78910.3,1983066.92,0,3771.5667,14146.56405,0
268,Western Sahara,Africa,Northern Africa,West Asia & Northern Africa,0,0,0,0,0,0,0,0,0,0,0,0,0,0,0.0000,0,0
269,Yemen,Asia,Western Asia,West Asia & Northern Africa,1121893.9,46966226.52,18737593.45,8109410.62,9523992.01,8403142.72,2192087.55,38769085.37,-1682491.24,9879632.78,5510858.93,401701.7,3967072.03,0,31895.7550,587938.9141,0
270,Zambia,Africa,Eastern Africa,Sub-Saharan Africa,0,0,0,0,0,0,0,0,0,0,0,0,0,0,0.0000,0,0
271,Zimbabwe,Africa,Eastern Africa,Sub-Saharan Africa,0,0,0,0,0,0,0,0,0,0,0,0,0,0,0.0000,0,0
2647,Montenegro,Europe,Southern Europe,Western Europe,10193.69,1421182.49,237675.77,293209.61,631371.96,148920.89,110004.28,1427602.09,-326188.82,319769.23,139993.31,13074.4,166701.51,899.0541663,2520.0210,20207.39794,11.1364872
2648,Serbia,Europe,Southern Europe,Western Europe,13817.23,1895154.69,301865.19,395543.84,844642.06,201526.32,151577.24,1920030.23,-435605.34,410729.81,184391.63,17371.85,208966.32,1212.236819,3328.9166,30131.08724,0
33364,Hong Kong,Asia,Eastern Asia,East Asia,0,0,0,0,0,0,0,0,0,0,0,0,0,0,0.0000,0,0
40760,Hala'ib triangle,Africa,Northern Africa,West Asia & Northern Africa,0,0,0,0,0,0,0,0,0,0,0,0,0,0,0.0000,0,0
40762,Ma'tan al-Sarra,Africa,Northern Africa,West Asia & Northern Africa,0,0,0,0,0,0,0,0,0,0,0,0,0,0,0.0000,0,0
40765,Egypt,Africa,Northern Africa,West Asia & Northern Africa,210510.27,37894690.58,10332315.62,4649339.6,20776666.33,1385289.24,751079.46,18310613.16,5660433.34,13923644.78,4609063.82,412743.76,8901837.16,0,39806.5170,576268.4871,0
40781,Jammu and Kashmir,Asia,Eastern Asia,East Asia,0,0,0,0,0,0,0,0,0,0,0,0,0,0,0.0000,0,0
61013,Ilemi triangle,Africa,Northern Africa,West Asia & Northern Africa,0,0,0,0,0,0,0,0,0,0,0,0,0,0,0.0000,0,0
74578,Azores Islands,Europe,Southern Europe,Western Europe,0,0,0,0,0,0,0,0,0,0,0,0,0,0,0.0000,0,0
