ADM0_CODE,ADM0_NAME,CONTINENT,REGION,REG_ANNEX5,Area,Crop_total_input,Crop_manure_input ,Crop_residue_input ,Crop_fertilizer_input ,Crop_BNF_input,Crop_atmospheric_input,Crop_total_output,Crop_total_stock_change,Crop_total_loss,Crop_total_ammonia,Crop_total_nitrous_oxide,crop_total_runoff_leaching,Blending_transport_concentrate,Feed_transport_processing,Field_operations,Trade
1,Afghanistan,Asia,Southern Asia,South Asia,16864.83,541723.21,196654.57,132017.41,44314.41,126986.06,41750.76,990647.37,-537332.02,88407.86,56964.1,3778.97,27664.79,0,550.16736,17829.53613,0
2,Aksai Chin,Asia,Eastern Asia,East Asia,5.04,75.08,0.17,20.71,0,47.39,6.81,172.41,-99.73,2.41,2.11,0.21,0.09,0,17.94911,1.650711772,0
3,Albania,Europe,Southern Europe,Western Europe,0,0,0,0,0,0,0,0,0,0,0,0,0,0,0.00000,0,0
4,Algeria,Africa,Northern Africa,West Asia & Northern Africa,0,0,0,0,0,0,0,0,0,0,0,0,0,0,0.00000,0,0
5,American Samoa,Oceania,Polynesia,Oceania,0,0,0,0,0,0,0,0,0,0,0,0,0,0,0.00000,0,0
6,Sudan,Africa,Northern Africa,West Asia & Northern Africa,0,0,0,0,0,0,0,0,0,0,0,0,0,0,0.00000,0,0
7,Andorra,Europe,Southern Europe,Western Europe,29.48,728.53,96.26,37.54,0,294.81,299.92,4133.74,-3432.24,27.03,23.01,1.8,2.22,0,34.83964,35.2544651,0
8,Angola,Africa,Middle Africa,Sub-Saharan Africa,83449.97,3366364.39,2017893.1,526949.01,197312.95,530459.01,93750.28,6379866.65,-4021658.93,1008156.63,476004.81,31567.37,500584.45,0,1580.70770,44071.39008,0
9,Anguilla,Americas,Caribbean,Central & South America,0,0,0,0,0,0,0,0,0,0,0,0,0,0,0.00000,0,0
10,Antarctica,Antarctica,,,0,0,0,0,0,0,0,0,0,0,0,0,0,0,0.00000,0,0
11,Antigua and Barbuda,Americas,Caribbean,Central & South America,2.19,118.84,68.31,32,4.52,10.93,3.09,109.13,-9.59,19.3,17.31,1.06,0.93,0,0.00000,0,0
12,Argentina,Americas,South America,Central & South America,1051949.61,50248771.6,8943675.54,13706723.18,16700128.96,8752061.17,2146183.36,159143872.9,-115757370.8,6862269.58,4829420.43,435695.05,1597154.09,0,37841.54541,2387543.773,0
13,Armenia,Asia,Western Asia,West Asia & Northern Africa,0,0,0,0,0,0,0,0,0,0,0,0,0,0,0.00000,0,0
14,Aruba,Americas,Caribbean,Central & South America,0,0,0,0,0,0,0,0,0,0,0,0,0,0,0.00000,0,0
15,Arunachal Pradesh,Asia,Eastern Asia,East Asia,1361.25,48623.67,9871.19,25855.21,0,7905.9,4991.37,140538,-97025.85,5111.52,4559.76,224.62,327.14,0,247.87537,91.70190257,0
16,Ashmore and Cartier Islands,Oceania,Australia and New Zealand,Oceania,0,0,0,0,0,0,0,0,0,0,0,0,0,0,0.00000,0,0
17,Australia,Oceania,Australia and New Zealand,Oceania,5626285.65,564422118.5,193798275.8,42087812.97,233410698.3,89257219.95,5868109.68,470720939.1,-151412430.5,245113608.2,66309507.33,7784930.02,171009800.1,52802.95344,354482.18722,3828328.219,20.31762136
18,Austria,Europe,Western Europe,Western Europe,11695.59,1957467.39,680718.88,240408.52,431143.85,395186.3,210009.82,3527440.94,-1929525.09,359551.54,203299.01,15906.28,140346.25,336.5331758,3360.86060,21139.08988,0
19,Azerbaijan,Asia,Western Asia,West Asia & Northern Africa,170135.7,13162801.09,8010551.42,1874123.33,843417.3,1262148.06,1172560.79,16705688.86,-6478585.32,2935697.41,1873864.37,122667.29,939165.76,0,13584.50796,261985.9289,0
20,Bahamas,Americas,Caribbean,Central & South America,507.64,22754.15,3291.26,9185.21,5339.05,2947.79,1990.83,31091.32,-10658.9,2321.72,2110.68,178.4,32.64,0,98.45494,367.7493493,0
21,Bahrain,Asia,Western Asia,West Asia & Northern Africa,233.09,40716.3,4516.09,5600.17,27876.86,1165.43,1557.75,16103.57,7265.65,17347.07,4250.92,475.3,12620.85,0,64.46392,283.6406441,0
22,Baker Island,Americas,Northern America,North America,0,0,0,0,0,0,0,0,0,0,0,0,0,0,0.00000,0,0
23,Bangladesh,Asia,Southern Asia,South Asia,280.35,50019.54,17136.66,6064.65,18508.05,1450.95,6859.23,22934.09,7457.28,19628.17,5884.6,400.37,13343.2,0,54.32538,1888.245752,0
24,Barbados,Americas,Caribbean,Central & South America,0,0,0,0,0,0,0,0,0,0,0,0,0,0,0.00000,0,0
25,Bassas da India,Africa,Eastern Africa,Sub-Saharan Africa,0,0,0,0,0,0,0,0,0,0,0,0,0,0,0.00000,0,0
26,Belarus,Europe,Eastern Europe,Eastern Europe,1195.8,174234.02,37072.6,23806.9,80983.53,17119.74,15251.25,217720.92,-89901.16,46414.26,17893.56,1724.78,26795.92,15.56200097,254.60149,2309.439554,0
27,Belgium,Europe,Western Europe,Western Europe,548.55,192173.78,68694.6,16635.95,65669.43,24634.17,16539.63,212479.77,-58358.1,38052.11,21969.46,1988.76,14093.89,19.02291854,174.63420,987.2844081,0
28,Belize,Americas,Central America,Central & South America,501.55,36450.21,14496.03,4830.02,11331.74,3848.27,1944.15,139903.48,-112110.18,8656.92,4515.38,451.79,3689.45,0,53.06150,246.1510685,0
29,Benin,Africa,Western Africa,Sub-Saharan Africa,12505.09,419747.82,146497.45,92604.72,17728.21,90244.17,72673.28,1886559.92,-1516743.01,49930.91,40332.78,3291.16,6306.97,0,43.98763,2068.06349,0
30,Bermuda,Americas,Northern America,North America,0,0,0,0,0,0,0,0,0,0,0,0,0,0,0.00000,0,0
31,Bhutan,Asia,Southern Asia,South Asia,1495.1,66174.54,11277.9,24759.8,13860.89,9000.67,7275.27,147234.17,-88519.93,7460.29,6117.65,436.94,905.7,0,220.97914,7031.305055,0
32,Bird Island,Americas,Caribbean,Central & South America,0,0,0,0,0,0,0,0,0,0,0,0,0,0,0.00000,0,0
33,Bolivia,Americas,South America,Central & South America,547362.46,28941440.14,17269969.03,4964163.14,1015868.83,4313216.3,1378222.53,68840966.89,-45558321.49,5658794.63,4051997.03,246999.97,1359797.63,0,78163.35643,1424214.739,0
34,Bosnia and Herzegovina,Europe,Southern Europe,Western Europe,11243.53,1340782.44,414091.86,269531.3,309527.32,233522.77,114109.22,1981793.06,-875045.18,234034.56,140724.24,11083.1,82227.23,214.9069097,2133.43662,21302.23745,0
35,Botswana,Africa,Southern Africa,Sub-Saharan Africa,49285.78,2100700.47,409272.75,136451.42,1005855.86,389654.36,159466.05,2434353.03,-1272386.14,938733.57,196085.28,22887.25,719761.04,0,0.47273,183.3691135,0
36,Bouvet Island,Antarctica,,,0,0,0,0,0,0,0,0,0,0,0,0,0,0,0.00000,0,0
37,Brazil,Americas,South America,Central & South America,456479.11,46244205.56,18558822.3,6798888.2,14714902.23,3522652.29,2648939.89,97884176.92,-61488276.48,9848305,5863143.51,509615.4,3475546.09,0,26177.94213,1387114.425,0
38,British Indian Ocean Territory,Africa,Eastern Africa,South Asia,0,0,0,0,0,0,0,0,0,0,0,0,0,0,0.00000,0,0
39,British Virgin Islands,Americas,Caribbean,Central & South America,80.61,9127.18,6128.57,1371.16,741.98,403.05,482.42,3947.65,722.62,4456.91,1437.03,104.45,0,0,15.76701,0,0
40,Brunei Darussalam,Asia,South-Eastern Asia,East Asia,118.95,23376.3,11852.63,2040.61,8305.3,618.53,559.23,8687.07,3523.15,11166.07,3405.12,228.86,7532.09,0,23.23805,671.2158239,0
41,Bulgaria,Europe,Eastern Europe,Eastern Europe,0,0,0,0,0,0,0,0,0,0,0,0,0,0,0.00000,0,0
42,Burkina Faso,Africa,Western Africa,Sub-Saharan Africa,148926.36,7166655.08,4331006.58,717856.09,363729.7,1165224.61,588838.08,16412273.18,-11195370.89,1949752.84,974359.9,75864.12,899528.81,0,25.03770,38240.3706,0
43,Burundi,Africa,Eastern Africa,Sub-Saharan Africa,2071.2,168878.31,115984.81,24849.74,2555.51,11468.43,14019.82,137902.87,-27194.75,58170.2,25937.49,1233.71,30999,0,11.04929,2451.611018,0
44,Cambodia,Asia,South-Eastern Asia,East Asia,289.02,16636.08,4396.85,5161.31,3412.99,1670.54,1994.39,31851.76,-17318.34,2102.67,1736.8,122.28,243.59,0,34.38053,3229.602887,0
45,Cameroon,Africa,Middle Africa,Sub-Saharan Africa,60812.04,11526556.66,10421134.94,209903.2,27197.76,573947.38,294373.24,11362875.66,-2954963.71,3118644.83,2107937.14,118656.84,892050.87,0,1324.99548,4086.269264,0
46,Canada,Americas,Northern America,North America,83655.22,7621064.35,3704360.73,586298.99,2487115.99,790852.63,52436.02,12027342.6,-6642367.13,2236088.9,1048213.64,83322.5,1098262.68,0,18927.40416,126081.5069,300.3893994
47,Cape Verde,Africa,Western Africa,Sub-Saharan Africa,0,0,0,0,0,0,0,0,0,0,0,0,0,0,0.00000,0,0
48,Cayman Islands,Americas,Caribbean,Central & South America,0,0,0,0,0,0,0,0,0,0,0,0,0,0,0.00000,0,0
49,Central African Republic,Africa,Middle Africa,Sub-Saharan Africa,6477.48,403000.94,272347.64,31786.8,68.24,63444.76,35353.5,2773469.97,-2438120.52,67651.48,57655.03,5564.73,4431.72,0,176.97475,323.6725122,0
50,Chad,Africa,Middle Africa,Sub-Saharan Africa,85157.09,2908684.97,1549922.21,496328.74,0,622977.96,239456.05,7946581.06,-5645614.88,607718.79,359617.32,28821.91,219279.56,0,9562.54400,21763.36613,0
51,Chile,Americas,South America,Central & South America,203341.15,18929556.06,5734018.1,3085058.18,8159014.57,1729464.9,222000.47,40231286.45,-24959887.29,3658156.73,2271210.9,190004.88,1196940.99,0,36608.14188,483092.6002,0
52,China/India,Asia,Eastern Asia,East Asia,362.11,7200.08,440.98,891.04,1676.78,3586.5,604.77,64617.74,-58178.13,760.47,344.98,36.58,378.91,0,111.52990,84.4480866,0
53,China,Asia,Eastern Asia,East Asia,6415090.3,853635382,156844806.8,132396696.6,486867051.5,44724070.08,32802726.78,623617319.7,-40429379.16,270447440.4,93295337.87,8509720.25,168642381.9,0,933982.44873,21719859.94,0
54,Christmas Island,Asia,South-Eastern Asia,East Asia,0,0,0,0,0,0,0,0,0,0,0,0,0,0,0.00000,0,0
55,Clipperton Island,Americas,Central America,Central & South America,0,0,0,0,0,0,0,0,0,0,0,0,0,0,0.00000,0,0
56,Cocos (Keeling) Islands,Asia,South-Eastern Asia,East Asia,0,0,0,0,0,0,0,0,0,0,0,0,0,0,0.00000,0,0
57,Colombia,Americas,South America,Central & South America,55266.04,7844485.62,2586033.7,615129.12,4075573.81,436450.07,131298.78,10444708.31,-5880950.92,3280728.08,986277.03,91043.79,2203112.21,0,3878.48746,176358.0518,0
58,Comoros,Africa,Eastern Africa,Sub-Saharan Africa,1121.18,34006.28,5672.68,20511.21,0,5605.92,2216.47,62698.72,-32392.02,3699.58,3185.66,190.28,323.64,0,0.00000,0,0
59,Congo,Africa,Middle Africa,Sub-Saharan Africa,19158.71,436249.67,93980.29,137800.87,12954.91,106841.41,84672.18,1235326.46,-884489.4,85412.61,33871.64,2845.53,48695.44,0,143.99779,1428.641017,0
60,Cook Islands,Oceania,Polynesia,Oceania,0,0,0,0,0,0,0,0,0,0,0,0,0,0,0.00000,0,0
61,Costa Rica,Americas,Central America,Central & South America,72.26,11166.84,7496.28,780.63,1935.05,651.06,303.82,28157.04,-19884.36,2894.16,1770.82,137.27,986.07,0,20.84818,229.8539087,0
62,Croatia,Europe,Southern Europe,Western Europe,16356.53,3006627.39,387400.39,434563.96,1583565.28,373469.26,227628.47,3277652.86,-1105049.16,834023.7,279293,29311.43,525419.27,370.0843017,3704.44771,32418.13685,0
63,Cuba,Americas,Caribbean,Central & South America,45060.97,3045379.7,725754.21,765596.28,1057619.54,277021.48,219388.14,4125598.66,-1568650.28,488431.31,327472.43,27105.16,133850.26,0,6598.06951,167857.41,0
64,Cyprus,Asia,Western Asia,West Asia & Northern Africa,2467.81,195989.58,45316.11,34550.15,64292.25,33412.18,18418.88,248235.14,-80954.54,28708.98,18947.46,1623.46,8138.06,26.53543827,207.10140,2448.599318,0
65,Czech Republic,Europe,Eastern Europe,Eastern Europe,1656.54,300535.61,63681.35,42318.27,124730.54,41438.16,28367.29,395499.67,-163241.01,68276.95,29441.15,2657.61,36178.19,26.71000606,483.94062,3267.545207,0
66,C?te d'Ivoire,Africa,Western Africa,Sub-Saharan Africa,16984.04,744075.14,360777.94,127694.65,14114.49,149213.58,92274.49,4345501.63,-3712756.2,111329.71,86336.5,7077.31,17915.9,0,799.57037,15156.6816,0
67,Dem People's Rep of Korea,Asia,Eastern Asia,East Asia,18591.76,982882.99,247449.02,324905.35,22350.07,98292.58,289885.95,1305423.7,-456808.58,134267.87,84215.34,5104.47,44948.05,0,2274.91822,69397.71349,0
68,Democratic Republic of the Congo,Africa,Middle Africa,Sub-Saharan Africa,54014.87,3527309.3,2459248.33,434842.83,21602.82,318665.56,292949.8,4245959.87,-2005368.24,1286717.87,537494.22,31948.5,717275.04,0,1801.96456,34186.22079,0
69,Denmark,Europe,Northern Europe,Western Europe,961.73,170300.22,52170.35,30462.3,49939.1,26526.02,11202.46,251009.2,-113255.93,32546.96,18474.21,1456.93,12610.12,33.68526053,233.56559,1607.051702,0
70,Djibouti,Africa,Eastern Africa,Sub-Saharan Africa,13586.71,893506.25,684322.87,17726.52,0,135867.13,55589.73,1603625.29,-943857.96,233738.95,138637.23,8104.69,86997.03,0,213.34047,22.25309524,0
71,Dominica,Americas,Caribbean,Central & South America,1092.07,56038.44,21691.79,14202.7,11038.29,6510.47,2595.18,46485.44,134.59,9418.41,6862.46,484.98,2070.97,0,102.97827,396.5601444,0
72,Dominican Republic,Americas,Caribbean,Central & South America,8564.47,821079.8,317968.97,150956.51,274594.97,53729.51,23829.85,1222228.99,-641937.7,240788.5,106148.94,7968.34,126671.21,0,1186.14967,31066.07801,0
73,Ecuador,Americas,South America,Central & South America,2943.42,477203.47,345045.06,30697.31,66781.47,24414,10265.63,866716.06,-525702.12,136189.53,78756.89,4869.3,52437.18,0,776.05156,5683.034258,0
74,South Sudan,Africa,Northern Africa,West Asia & Northern Africa,0,0,0,0,0,0,0,0,0,0,0,0,0,0,0.00000,0,0
75,El Salvador,Americas,Central America,Central & South America,339.54,41596.64,6885.93,5432.84,24988.43,1903.35,2386.08,32159.31,-5364.78,14802.1,4419.31,471.83,9910.96,0,47.96514,665.5067172,0
76,Equatorial Guinea,Africa,Middle Africa,Sub-Saharan Africa,129.58,3525.35,1140.19,642.97,0,1295.82,446.37,61938.78,-58736.66,323.23,292.33,28.95,1.95,0,71.77022,15.51629365,0
77,Eritrea,Africa,Eastern Africa,Sub-Saharan Africa,190724.4,4522169.39,1592488.48,1260026.83,99001.29,1164734.34,405918.43,6453591.89,-2592481.75,661059.22,454400.51,32585.97,168378.47,0,116.63195,7504.064336,0
78,Estonia,Europe,Northern Europe,Western Europe,2388.07,255967.63,38492,47199.97,115592.37,31562.82,23120.47,392738.22,-199104.33,62333.74,23977.63,2292.53,36063.58,55.10983021,538.85431,3932.655343,0
79,Ethiopia,Africa,Eastern Africa,Sub-Saharan Africa,930066.76,29207709.61,9853454.54,4569279.93,2106584.66,8152989.44,4525401.49,74017632.35,-48639342.08,3829419.55,2638277.23,199447.23,991695.03,0,3189.64966,3663.482828,0
80,Europa Island,Africa,Eastern Africa,Sub-Saharan Africa,0,0,0,0,0,0,0,0,0,0,0,0,0,0,0.00000,0,0
81,Falkland Islands (Malvinas),Americas,South America,Central & South America,1918.36,276966.8,45518.95,36087.39,165986.98,9591.78,19781.68,139271.28,37567.29,100128.23,29311.23,2988.49,67806.6,0,690.97344,2944.862078,0
82,Faroe Islands,Europe,Northern Europe,Western Europe,1786.38,295721.52,88112.71,65262.58,113094.57,11998.27,17253.42,203201.88,15211.41,77308.23,35458.26,2958.59,38891.38,125.9177048,559.19991,3127.705231,0
83,Fiji,Oceania,Melanesia,Oceania,84.72,6591.87,729.94,1470.35,3858.87,444.42,88.28,4406.61,768.4,1416.86,678.91,65.67,654.67,3.997967378,17.24615,135.8450824,0
84,Finland,Europe,Northern Europe,Western Europe,7469.52,843095.38,179457.24,157088.86,372896.53,90460.62,43192.15,1366417.42,-639181,115858.97,88889.99,7353.8,19615.18,207.1219465,2789.97834,16204.01164,0
85,France,Europe,Western Europe,Western Europe,49935.08,9248545.01,2687162.3,1155077.57,2504950.04,2267764.41,633590.68,17815907.84,-10027348.88,1459986.2,903435.24,81989.3,474561.66,1660.096288,9575.22426,73989.94117,0
86,French Guiana,Americas,South America,Central & South America,127.78,3474.06,482.09,1112.68,0,1765.5,113.79,6173.96,-3446.67,746.77,207.68,16.84,522.24,0,4.84476,497.3200687,0
87,French Polynesia,Oceania,Polynesia,Oceania,0,0,0,0,0,0,0,0,0,0,0,0,0,0,0.00000,0,0
88,French Southern and Antarctic Territories,Antarctica,,,0,0,0,0,0,0,0,0,0,0,0,0,0,0,0.00000,0,0
89,Gabon,Africa,Middle Africa,Sub-Saharan Africa,3980.55,90157.75,15033.04,24475.52,711.96,37228.74,12708.49,1623037.98,-1538969.05,6088.82,5525.36,524.77,38.69,0,294.25494,221.5255674,0
90,Gambia,Africa,Western Africa,Sub-Saharan Africa,4744.86,151494.42,39055.49,60503.25,17562.88,26947.15,7425.65,330271.86,-196402,17624.56,15617.71,970.84,1036,0,34.21027,17120.13348,0
91,Gaza Strip,Asia,Western Asia,West Asia & Northern Africa,0,0,0,0,0,0,0,0,0,0,0,0,0,0,0.00000,0,0
92,Georgia,Asia,Western Asia,West Asia & Northern Africa,18896.79,1334041.75,459732.13,170534.16,432187.37,141110.49,130477.59,2616814.26,-1651749.38,368976.86,152218.58,13105.67,203652.61,0,3656.88515,6781.747557,0
93,Germany,Europe,Western Europe,Western Europe,17824.53,4275732.09,1368294.19,301697.26,1248942.65,915028.01,441769.97,7310313.39,-3764698.52,730117.22,428722.83,36996.85,264397.53,941.4532467,4604.96636,29421.80619,0
94,Ghana,Africa,Western Africa,Sub-Saharan Africa,71285.04,3734164.72,2133830.94,545572.11,88981.4,541045.52,424734.79,11980372.34,-8921061.03,674853.37,490221.52,40266.76,144365.08,0,4235.69013,24368.31728,0
95,Gibraltar,Europe,Southern Europe,Western Europe,0,0,0,0,0,0,0,0,0,0,0,0,0,0,0.00000,0,0
96,Glorioso Island,Africa,Eastern Africa,Sub-Saharan Africa,0,0,0,0,0,0,0,0,0,0,0,0,0,0,0.00000,0,0
97,Greece,Europe,Southern Europe,Western Europe,0,0,0,0,0,0,0,0,0,0,0,0,0,0,0.00000,0,0
98,Greenland,Americas,Northern America,North America,0,0,0,0,0,0,0,0,0,0,0,0,0,0,0.00000,0,0
99,Grenada,Americas,Caribbean,Central & South America,1110.32,28704.55,11359.98,10100.96,0,6458.5,785.11,32233.65,-7412.41,3883.31,3282.09,217.51,383.7,0,0.00000,0,0
100,Guadeloupe,Americas,Caribbean,Central & South America,337.81,7359.19,2662.24,2477.57,0,1742.43,476.95,5447.26,875.01,1036.91,780.2,52.94,203.77,0,9.31778,432.60198,0
101,Guam,Oceania,Micronesia,Oceania,3048.63,286916.59,39575.32,46943.9,154442.2,15629.13,30326.06,112606.85,52463.21,121846.57,28053.68,3094.99,90697.9,76.89332581,323.08124,5311.927734,0
102,Abyei,Africa,Northern Africa,West Asia & Northern Africa,0,0,0,0,0,0,0,0,0,0,0,0,0,0,0.00000,0,0
103,Guatemala,Americas,Central America,Central & South America,27691.16,4338150.14,2709698.51,262570.82,1014151.03,203435.38,148294.38,6181145.77,-3525882.28,1682886.81,669611.91,49580.86,963694.05,0,9230.16099,45848.86048,0
104,Guernsey,Europe,Northern Europe,Western Europe,11.01,1058.01,218.89,641.36,0,55.06,142.69,2032.9,-1091.51,116.62,107.91,8.6,0.1,0,0.00000,0,0
105,Guinea-Bissau,Africa,Western Africa,Sub-Saharan Africa,12430.24,691762.61,423621.82,137806.28,0,86143.19,44191.32,1702409.83,-1151359.45,140712.22,98504.99,7498.87,34708.36,0,299.54968,32108.16684,0
106,Guinea,Africa,Western Africa,Sub-Saharan Africa,39340.28,1804117.86,878876.75,436715.24,17024.08,290634.76,180867.03,7421442.2,-5931076.3,313752.01,221149.28,16243.3,76359.43,0,1023.21463,89341.91426,0
107,Guyana,Americas,South America,Central & South America,17051.09,989504.65,239017.66,283531.62,324084.6,104394.31,38476.48,1765773.4,-981993.51,205724.77,108565.15,8432.19,88727.43,0,497.26807,33932.15612,0
108,Haiti,Americas,Caribbean,Central & South America,8403.52,210724.19,80258.52,67394.04,0,47097.76,15973.87,395377.05,-214711.68,30058.83,22791.11,1455.66,5812.06,0,122.49017,10355.06081,0
109,Heard Island and McDonald Islands,Antarctica,,,0,0,0,0,0,0,0,0,0,0,0,0,0,0,0.00000,0,0
110,Holy See,Europe,Southern Europe,Western Europe,0,0,0,0,0,0,0,0,0,0,0,0,0,0,0.00000,0,0
111,Honduras,Americas,Central America,Central & South America,1446.86,383010.53,304414.26,13585.29,52342.86,8282.1,4386.02,104344.6,65117.67,213548.27,67475.67,4793.36,63377.26,0,47.70893,1434.763454,0
112,Howland Island,Americas,Northern America,North America,0,0,0,0,0,0,0,0,0,0,0,0,0,0,0.00000,0,0
113,Hungary,Europe,Eastern Europe,Eastern Europe,4177.19,531208.11,61827.08,108773.88,201828.95,95155.48,63622.73,911380.92,-458088.93,77916.15,43425.7,4058.22,30432.23,63.12000362,1057.89959,8060.540527,0
114,Iceland,Europe,Northern Europe,Western Europe,39858.85,2378999.07,444310.83,292034.3,938874.57,609792.8,93986.56,5069534.21,-3086944.73,396409.62,211953.05,19069.92,165386.64,880.6563981,8515.07518,65128.63944,153.6092572
115,India,Asia,Southern Asia,South Asia,1126203.55,141866196.1,21715192.54,17671791.85,81135590.38,7221614.55,14122006.84,80152629.49,6046786.34,55666780.21,14223776.72,1272894.36,40170109.15,0,45273.05050,6528036.969,0
116,Indonesia,Asia,South-Eastern Asia,East Asia,22291.48,4733995.49,2157931.63,604195.14,1752575.85,122946.7,96346.26,2864677.85,155254.02,1714063.68,667263.43,33220.49,1011289.81,0,2537.54716,290699.0647,0
117,Iran  (Islamic Republic of),Asia,Southern Asia,South Asia,2448676.26,254930917.7,52237067.07,43425780.04,133547357.6,16186231.26,9534480.9,168457428.9,9467740.17,77005748.24,28144727.44,2458529.23,46402480.95,123013.1025,241102.74499,4499800.861,31631.92328
118,Iraq,Asia,Western Asia,West Asia & Northern Africa,230102.84,12518684.98,2130071.54,2282264.2,5273786.73,1521908.06,1310654.38,11864618.96,-1874259.68,2528325.7,1181619.4,107365.94,1239340.38,0,9732.35579,430962.6449,0
119,Ireland,Europe,Northern Europe,Western Europe,101352.32,23115160.5,8751746.62,1933731.43,7375226.67,4331721.67,722734.27,36024116.97,-17352535.87,4443579.25,2681245.14,219443.63,1542890.44,4973.357794,24993.97548,125114.7344,0
120,Isle of Man,Europe,Northern Europe,Western Europe,172.37,7632.48,4285.38,662.42,0,1723.68,961,71541.52,-64946.84,1037.8,923.32,49.97,64.51,0,0.00000,0,0
121,Israel,Asia,Western Asia,West Asia & Northern Africa,269486.92,9913678.49,6408976.97,79008.04,423607.19,2269921.5,732164.59,741085.75,3136125.08,6036467.26,1332057.01,104717.82,4599692.36,52.10149831,624.85857,139204.8687,0
122,Italy,Europe,Southern Europe,Western Europe,0,0,0,0,0,0,0,0,0,0,0,0,0,0,0.00000,0,0
123,Jamaica,Americas,Caribbean,Central & South America,36.68,2325.31,730.61,557.55,656.6,262.01,118.54,4378.88,-2582.31,528.73,267.54,22.38,238.81,0,6.64370,23.2486534,0
126,Japan,Asia,Eastern Asia,East Asia,210.33,26154.84,12943.89,2388.14,7818.15,1837.89,1166.76,37683.44,-17656.94,6128.34,3609.41,302.67,2214.65,0,75.54025,368.0424936,0
127,Jarvis Island,Americas,Northern America,North America,0,0,0,0,0,0,0,0,0,0,0,0,0,0,0.00000,0,0
128,Jersey,Europe,Northern Europe,Western Europe,0,0,0,0,0,0,0,0,0,0,0,0,0,0,0.00000,0,0
129,Johnston Atoll,Americas,Northern America,North America,0,0,0,0,0,0,0,0,0,0,0,0,0,0,0.00000,0,0
130,Jordan,Asia,Western Asia,West Asia & Northern Africa,0,-0.05,-0.02,0,-0.02,-0.01,0,-0.02,-0.01,-0.02,-0.01,0,-0.01,0,-0.00001,-0.000152843,0
131,Juan de Nova Island,Africa,Eastern Africa,Sub-Saharan Africa,0,0,0,0,0,0,0,0,0,0,0,0,0,0,0.00000,0,0
132,Kazakhstan,Asia,Central Asia,West Asia & Northern Africa,2809484.66,72255284.32,18071273.29,27826425.92,2759088.74,17901169.28,5697327.92,164049601.3,-99961920.21,8167601.89,6672806.22,480344.06,1014451.74,0,19682.51531,5309003.777,0
133,Kenya,Africa,Eastern Africa,Sub-Saharan Africa,485933.77,36418961.94,24764299.2,2690436.22,2126710.78,4080581.27,2756933.59,78737675.29,-54431241.22,12112527.37,5434574.64,387726.86,6290225.82,0,4678.27047,124999.3407,0
134,Kingman Reef,Americas,Northern America,North America,0,0,0,0,0,0,0,0,0,0,0,0,0,0,0.00000,0,0
135,Kiribati,Oceania,Micronesia,Oceania,157.62,23577.71,1319.18,3390.84,17201.19,788.11,878.4,9347.45,4001.12,10229.14,2323.04,276.76,7629.33,8.147251129,34.23215,271.7080994,0
136,Kuril islands,Asia,Eastern Asia,East Asia,0.92,35.33,6.98,21.7,0,6.04,0.61,175.3,-143.86,3.88,3.57,0.3,0.01,0,8.52358,0.220386639,0
137,Kuwait,Asia,Western Asia,West Asia & Northern Africa,243244.27,23026271.87,14032348.24,657903.28,5394414.36,2432755.67,508850.02,5726493.57,5685561.7,11614216.47,3411701.4,263526.1,7938988.94,468.2499734,8465.86380,155732.9919,0
138,Kyrgyzstan,Asia,Central Asia,West Asia & Northern Africa,380200.05,19575170.28,8856820.72,3189319.59,3411804.61,2868453.09,1248772.23,37095275.78,-22105051.72,4584946.26,2431476.56,170872.08,1982597.64,0,12327.45840,561794.7884,0
139,Lao People's Democratic Republic,Asia,South-Eastern Asia,East Asia,724.63,44280.96,19549.9,11455.67,3327.18,4630.29,5317.92,124416.87,-87292.07,7156.16,5388.27,375.68,1392.22,0,142.84385,2643.546713,0
140,Latvia,Europe,Northern Europe,Western Europe,1320.96,143753.27,28232.3,26267.56,55696.01,21005.04,12552.37,266440.41,-151238.11,28550.97,13842.82,1257.28,13450.88,37.89298302,433.59582,2419.004671,0
141,Lebanon,Asia,Western Asia,West Asia & Northern Africa,0,0,0,0,0,0,0,0,0,0,0,0,0,0,0.00000,0,0
142,Lesotho,Africa,Southern Africa,Sub-Saharan Africa,30578.81,979541.28,427552.78,143864.41,0,257133.21,150990.87,7231396.39,-6398351.75,146496.63,99897,6528.11,40071.52,0,0.00000,78.14646672,0
144,Liberia,Africa,Western Africa,Sub-Saharan Africa,4728.36,252118.03,154759.99,37341.28,0,26007.46,34009.31,302294.77,-131713.56,81536.82,34686.13,2029.77,44820.93,0,55.08134,4002.500647,0
145,Libya,Africa,Northern Africa,West Asia & Northern Africa,2755199.16,294282831.8,260143566.6,1995972.71,3980035.27,26260633.75,1902650.25,11056813,104394106,178831910.2,52626315.67,3588390.24,122617236.9,0,15992.36277,4196821.764,0
146,Liechtenstein,Europe,Western Europe,Western Europe,529.93,54577.36,35063.89,5063.04,0,4578.41,9872.03,27353.53,5970,21253.83,7519.08,529.87,13204.88,3.214449167,31.84077,1010.879578,0
147,Lithuania,Europe,Northern Europe,Western Europe,686.98,109829.91,37257.46,13244.05,40975.52,10382.03,7970.84,129358.91,-48247.51,28718.5,12873.45,1172.66,14672.39,18.19712714,227.04349,1431.187993,0
148,Luxembourg,Europe,Western Europe,Western Europe,145.38,55469.36,25108.87,3579.08,13129.9,8778.74,4872.77,70445.66,-25317.14,10340.84,6692.67,640.64,3007.53,1.89055508,38.94008,218.257081,0
149,Macau,Asia,Eastern Asia,East Asia,0,0,0,0,0,0,0,0,0,0,0,0,0,0,0.00000,0,0
150,Madagascar,Africa,Eastern Africa,Sub-Saharan Africa,19984.67,941327.42,571182.97,162746.37,7271.52,170316.98,29809.6,4937478.62,-4214460.93,218309.72,131238.38,6804.23,80267.11,0,343.74274,24858.19734,0
151,Madeira Islands,Europe,Southern Europe,Western Europe,0,0,0,0,0,0,0,0,0,0,0,0,0,0,0.00000,0,0
152,Malawi,Africa,Eastern Africa,Sub-Saharan Africa,5121.38,465814.97,292062.3,45967.65,78788.88,34014.35,14981.8,478880.92,-135817.07,122751.13,70888.11,5280.48,46582.53,0,267.84018,1526.670209,0
153,Malaysia,Asia,South-Eastern Asia,East Asia,3192.41,418022.33,73681.12,60582.36,250971.61,17891.91,14895.34,383308.28,-119063.29,153777.34,45891.62,4037.84,103839.77,0,529.79456,16574.13786,0
154,Maldives,Asia,Southern Asia,South Asia,0,0,0,0,0,0,0,0,0,0,0,0,0,0,0.00000,0,0
155,Mali,Africa,Western Africa,Sub-Saharan Africa,31577.19,1097165.48,301980.03,316085.63,256697.17,195873.63,26529.01,1890547.81,-961001.16,167618.81,117674.28,9091.16,40853.37,0,1118.20351,15719.72915,0
156,Malta,Europe,Southern Europe,Western Europe,0,0,0,0,0,0,0,0,0,0,0,0,0,0,0.00000,0,0
157,Marshall Islands,Oceania,Micronesia,Oceania,0,0,0,0,0,0,0,0,0,0,0,0,0,0,0.00000,0,0
158,Martinique,Americas,Caribbean,Central & South America,9.44,667.65,90.91,333.96,0,236.1,6.68,1370.58,-760.6,57.67,51.58,4.26,1.83,0,0.00000,0,0
159,Mauritania,Africa,Western Africa,Sub-Saharan Africa,951470.87,99928340.88,88023521.83,4504402.16,0,6478510.49,921910.46,28212110.88,20792528.57,50923704.23,18055144.05,1168077.87,31700479.22,0,65909.61976,153633.0992,0
160,Mauritius,Africa,Eastern Africa,Sub-Saharan Africa,0,0,0,0,0,0,0,0,0,0,0,0,0,0,0.00000,0,0
161,Mayotte,Africa,Eastern Africa,Sub-Saharan Africa,0,0,0,0,0,0,0,0,0,0,0,0,0,0,0.00000,0,0
162,Mexico,Americas,Central America,Central & South America,520230.14,57682878.68,15009951.36,6720719.53,28512388.46,3873430.04,3566388.71,66378226.17,-28610978.43,19915630.98,6525301.1,637359.14,12745342,0,44938.34333,877633.4717,0
163,Micronesia (Federated States of),Oceania,Micronesia,Oceania,342.56,114733.91,72834.23,7516.46,30915.36,1712.8,1755.06,18909.78,34667.34,61156.8,18410.03,1424.92,41321.85,14.18282133,59.59170,616.4673157,0
164,Midway Island,Americas,Northern America,North America,0,0,0,0,0,0,0,0,0,0,0,0,0,0,0.00000,0,0
165,"Moldova, Republic of",Europe,Eastern Europe,Eastern Europe,0,0,0,0,0,0,0,0,0,0,0,0,0,0,0.00000,0,0
166,Monaco,Europe,Western Europe,Western Europe,0,0,0,0,0,0,0,0,0,0,0,0,0,0,0.00000,0,0
167,Mongolia,Asia,Eastern Asia,East Asia,582919.96,41788024.82,6853752.76,8495569.92,20647892.1,3828062.96,1962747.1,41657569.72,-11653577.07,11784032.26,4285096.93,415255.84,7083679.6,0,73964.43705,268646.4482,0
168,Montserrat,Americas,Caribbean,Central & South America,46.64,2482.86,332.98,1850.85,0,233.19,65.85,6858.5,-4656.77,281.13,251.68,21.9,7.55,0,0.00000,0,0
169,Morocco,Africa,Northern Africa,West Asia & Northern Africa,1526652.29,70772465.28,26030077.64,9719952.24,19141073.29,11657419.48,4223943.4,65136040.06,-12921675.37,18558101.74,8092118.09,621623,9844360.24,0,50471.36852,1746479.09,0
170,Mozambique,Africa,Eastern Africa,Sub-Saharan Africa,10048.53,290605.09,78934.38,84574.21,29202.18,72327.14,25567.17,1760168.12,-1504732.34,35169.34,27164.52,2276.03,5728.79,0,150.37677,7210.286849,0
171,Myanmar,Asia,South-Eastern Asia,East Asia,680.19,55243.28,26170.15,13606.55,6348.53,4014.32,5103.73,83624.5,-37817.36,9436.14,7229.54,607.8,1598.81,0,65.17953,3741.193832,0
172,Namibia,Africa,Southern Africa,Sub-Saharan Africa,1245068.49,41929460.08,25300150.05,2885645.63,724835.88,11498693.94,1520133.05,25159195.22,451954.21,16318311.18,5421078.27,384289.59,10512941,0,7474.04230,4476.725308,0
173,Nauru,Oceania,Micronesia,Oceania,0,0,0,0,0,0,0,0,0,0,0,0,0,0,0.00000,0,0
174,Navassa Island,Americas,Northern America,North America,0,0,0,0,0,0,0,0,0,0,0,0,0,0,0.00000,0,0
175,Nepal,Asia,Southern Asia,South Asia,6306.32,502668.35,181566.24,79397.96,85925.61,39848.18,115930.36,614051.91,-243800.33,132416.77,52845.6,4139.27,75431.89,0,795.15457,11731.00983,0
176,Netherlands Antilles,Americas,Caribbean,Central & South America,0,0,0,0,0,0,0,0,0,0,0,0,0,0,0.00000,0,0
177,Netherlands,Europe,Western Europe,Western Europe,5367.23,1755299.26,881644.72,161800.73,430615.71,165869.05,115369.09,1718961.81,-432880.68,469218.11,235570.58,17794.95,215852.57,158.9113124,1468.12226,9021.416527,0
178,New Caledonia,Oceania,Melanesia,Oceania,42.22,4801.35,228.54,801.93,3513.16,223.88,33.84,2522.89,639.84,1638.62,477.22,53.81,548.59,1.248887325,11.08881,34.30040489,0.724119647
179,New Zealand,Oceania,Australia and New Zealand,Oceania,746734.94,182060329.6,89864883.63,11817133.66,42334640.54,37076798.77,966871.95,270665650.3,-123254066.2,34648744.82,23388154.13,2360773.4,8899473.85,22545.9979,136872.74208,887265.3634,4001.42984
180,Nicaragua,Americas,Central America,Central & South America,179.9,20011.69,13335.16,1715.33,2861.98,1294.24,804.98,42627.8,-27608.56,4992.45,3124.76,299.94,1567.75,0,18.75151,342.0273703,0
181,Niger,Africa,Western Africa,Sub-Saharan Africa,395944.52,14457154.86,8905062.5,2406069.93,76904.57,2482405.36,586712.35,14875261.83,-5050431.63,4632324.35,2029310.06,134180.34,2468834.32,0,14608.27784,129676.8734,0
182,Nigeria,Africa,Western Africa,Sub-Saharan Africa,248846.63,15729707.52,10844734.81,1115436.32,263029.77,2177602.17,1328904.15,32127675.53,-20258876.2,3860907.92,2306793.61,142530.66,1411583.65,0,3493.55385,78935.37862,0
183,Niue,Oceania,Polynesia,Oceania,0,0,0,0,0,0,0,0,0,0,0,0,0,0,0.00000,0,0
184,Norfolk Island,Oceania,Australia and New Zealand,Oceania,0,0,0,0,0,0,0,0,0,0,0,0,0,0,0.00000,0,0
185,Northern Mariana Islands,Oceania,Micronesia,Oceania,0,0,0,0,0,0,0,0,0,0,0,0,0,0,0.00000,0,0
186,Norway,Europe,Northern Europe,Western Europe,127591.84,18988839.27,4479667.11,2051488.57,9642984.33,1955429.43,859269.65,24707747.01,-9665406.85,3946499.06,2065380.79,175924.49,1705115.79,3839.57584,44246.36558,231137.7921,729.5178367
187,Oman,Asia,Western Asia,West Asia & Northern Africa,0,0,0,0,0,0,0,0,0,0,0,0,0,0,0.00000,0,0
188,Pakistan,Asia,Southern Asia,South Asia,3499856.06,278098238.5,101658954.8,21062853.24,105784913.9,30253313.32,19338204.72,109524865.3,45987340.3,122586033.4,33016567.57,2738479.91,86830985.47,0,47025.39882,3065865.656,0
189,Palau,Oceania,Micronesia,Oceania,0,0,0,0,0,0,0,0,0,0,0,0,0,0,0.00000,0,0
190,Palmyra Atoll,Americas,Northern America,North America,0,0,0,0,0,0,0,0,0,0,0,0,0,0,0.00000,0,0
191,Panama,Americas,Central America,Central & South America,6050.21,570166.89,312524.02,71421.41,129416.83,33134.54,23670.08,415006.55,-56010.21,211170.57,82588.63,4835.9,123738.97,0,415.72265,33660.96079,0
192,Papua New Guinea,Oceania,Melanesia,Oceania,239.84,18250.33,1019.67,2685.77,6230.36,8092.39,222.13,58019.12,-41636.06,1867.26,1095.55,105.6,652.47,7.321995538,38.23231,274.7169404,0
193,Paracel Islands,Asia,South-Eastern Asia,East Asia,0,0,0,0,0,0,0,0,0,0,0,0,0,0,0.00000,0,0
194,Paraguay,Americas,South America,Central & South America,15183.24,1272155.85,693836.36,219418.95,170276.19,111734.85,76889.49,3294104.97,-2248552.24,226603.12,177736.79,15778.47,33087.86,0,707.24714,39738.90333,0
195,Peru,Americas,South America,Central & South America,700893.25,40033648.12,19203142.14,4981633.31,8112674.71,6143397.7,1592800.36,119475365.8,-87737323.23,8295605.31,5150059.22,351155.9,2794390.19,0,153283.95126,1265611.848,0
196,Philippines,Asia,South-Eastern Asia,East Asia,275.97,26996.22,4946.89,5855.47,13720.02,1492.49,981.36,25041.11,-3295.56,5250.67,2946.93,217.65,2077.47,0,36.74867,1014.780082,0
197,Pitcairn,Oceania,Polynesia,Oceania,0,0,0,0,0,0,0,0,0,0,0,0,0,0,0.00000,0,0
198,Poland,Europe,Eastern Europe,Eastern Europe,4052.85,653284.58,126460.31,82342.44,290106.52,96860.05,57515.27,881693.45,-362440.86,134031.99,62536.96,5690.24,65804.79,60.19251172,1024.64017,7935.363803,0
199,Portugal,Europe,Southern Europe,Western Europe,79146.95,7305090.54,2106074.61,981249.91,2320302.76,1379225.01,518238.27,11102286.43,-5098621.53,1301425.61,751370.2,67094.21,482961.18,1186.120465,9695.90360,138046.8881,0
200,Puerto Rico,Americas,Caribbean,Central & South America,57.95,3622.95,2376.78,627.23,0,394.21,224.73,11868.95,-8949.99,704,538.08,31.13,134.79,0,5.04872,0.17234119,0
201,Qatar,Asia,Western Asia,West Asia & Northern Africa,2828.55,261467.22,187608.29,16982.25,25096.23,24424.91,7355.54,86864.53,63975.34,110627.36,41729.51,2796.64,66101.2,0,255.77391,2830.566029,0
202,Republic of Korea,Asia,Eastern Asia,East Asia,151.43,28444.85,13306.21,1737.88,10300.6,1271.49,1828.68,27816.77,-10055.67,10683.74,3865.09,318.98,6499.64,0,67.11278,295.7837696,0
203,Romania,Europe,Eastern Europe,Eastern Europe,0,0,0,0,0,0,0,0,0,0,0,0,0,0,0.00000,0,0
204,Russian Federation,Europe,Eastern Europe,Russian Federation,1087686.35,81217776.82,23408635.17,14712865.33,22802443.39,15544781.07,4749052.01,115571729,-50763391.26,16409439.35,8433257.81,674671.01,6549485.24,8307.973779,91711.54101,1507012.234,0
205,Rwanda,Africa,Eastern Africa,Sub-Saharan Africa,4548.37,243110.61,148324.52,41524.18,691.76,25560.07,27010.07,306736.21,-117213.72,53588.13,33886.5,2576.97,17124.66,0,0.00000,8.899548471,0
206,R?union,Africa,Eastern Africa,Sub-Saharan Africa,0,0,0,0,0,0,0,0,0,0,0,0,0,0,0.00000,0,0
207,Saint Helena,Africa,Western Africa,Sub-Saharan Africa,0,0,0,0,0,0,0,0,0,0,0,0,0,0,0.00000,0,0
208,Saint Kitts and Nevis,Americas,Caribbean,Central & South America,0,0,0,0,0,0,0,0,0,0,0,0,0,0,0.00000,0,0
209,Saint Lucia,Americas,Caribbean,Central & South America,0,0,0,0,0,0,0,0,0,0,0,0,0,0,0.00000,0,0
210,Saint Pierre et Miquelon,Americas,Northern America,Oceania,0,0,0,0,0,0,0,0,0,0,0,0,0,0,0.00000,0,0
211,Saint Vincent and the Grenadines,Americas,Caribbean,Central & South America,124.96,7643.94,1679.38,2752.16,0,3124.04,88.36,11295.03,-4340.95,689.85,611.09,44.57,34.19,0,0.00000,0,0
212,Samoa,Oceania,Polynesia,Oceania,0,0,0,0,0,0,0,0,0,0,0,0,0,0,0.00000,0,0
213,San Marino,Europe,Southern Europe,Western Europe,0,0,0,0,0,0,0,0,0,0,0,0,0,0,0.00000,0,0
214,Sao Tome and Principe,Africa,Middle Africa,Sub-Saharan Africa,98.45,2107.97,449.39,831.17,0,492.25,335.16,2549.01,-645.25,204.21,172.99,12.94,18.27,0,0.00000,0,0
215,Saudi Arabia,Asia,Western Asia,West Asia & Northern Africa,13650926.01,334975957.1,175630945.9,5950950.45,8936093.66,114719820.6,29738161.22,37704750.48,93816058.26,203455159.6,36614889.79,3405275.55,163434974.8,3932.675016,35662.57706,180068.2317,0
216,Scarborough Reef,Asia,South-Eastern Asia,East Asia,0,0,0,0,0,0,0,0,0,0,0,0,0,0,0.00000,0,0
217,Senegal,Africa,Western Africa,Sub-Saharan Africa,56059.05,2048471.97,989571.29,376363.64,147791.5,436389.42,98356.11,6259108.66,-4601532.23,390895.57,250329.77,20341.1,120224.69,0,1271.05886,34710.48119,0
218,Senkaku Islands,Asia,Eastern Asia,East Asia,0,0,0,0,0,0,0,0,0,0,0,0,0,0,0.00000,0,0
220,Seychelles,Africa,Eastern Africa,Sub-Saharan Africa,0,0,0,0,0,0,0,0,0,0,0,0,0,0,0.00000,0,0
221,Sierra Leone,Africa,Western Africa,Sub-Saharan Africa,14610.02,1156257.92,744380.48,247937.44,0,90681.6,73258.39,1808412,-998520.84,346366.75,173669.85,8322.63,164374.3,0,1757.18656,69346.79946,0
222,Singapore,Asia,South-Eastern Asia,East Asia,1.69,94.23,62.18,1.41,0,16.89,13.76,135.47,-75.11,33.87,12.58,0.82,20.47,0,0.37553,0.386417359,0
223,Slovakia,Europe,Eastern Europe,Eastern Europe,447.34,63832.83,12887.84,9888.51,24119.21,10019.48,6917.8,91779.6,-42452.8,14506.04,5978.34,550.1,7977.6,6.182617092,109.39380,884.0027973,0
224,Slovenia,Europe,Southern Europe,Western Europe,8463.76,1496409.76,381296.17,233597.8,537080.31,196872.19,147563.32,1776237.73,-603782.9,323954.95,153327.05,13417.84,157210.06,193.5543784,2054.29407,15741.96836,0
225,Solomon Islands,Oceania,Melanesia,Oceania,5129.94,757608.33,26196.39,86229.61,612555,27674.36,4952.92,346809.64,106828.78,303969.91,75117.74,8911.83,198962.51,365.644892,1769.64001,7148.958247,154.6530575
226,Somalia,Africa,Eastern Africa,Sub-Saharan Africa,0,0,0,0,0,0,0,0,0,0,0,0,0,0,0.00000,0,0
227,South Africa,Africa,Southern Africa,Sub-Saharan Africa,5755009.14,413340097.4,313363224.1,9118159.47,20923368.36,56265560.55,13669774.17,213386668.2,7129314.45,192824128.7,65676800.64,4581911.17,122565407.5,0,19353.44721,753795.0357,0
228,South Georgia and the South Sandwich Islands,Antarctica,,,0,0,0,0,0,0,0,0,0,0,0,0,0,0,0.00000,0,0
229,Spain,Europe,Southern Europe,Western Europe,523470.31,60901992.02,17127495.62,5089748.03,29189392.14,6492648.75,3002707.8,71062698.42,-23866394.86,13705688.4,6853413.17,580746.64,6271528.7,5652.993321,73909.48583,4255797.093,12223.6625
230,Spratly Islands,Asia,South-Eastern Asia,East Asia,0,0,0,0,0,0,0,0,0,0,0,0,0,0,0.00000,0,0
231,Sri Lanka,Asia,Southern Asia,South Asia,68.92,8472.81,1776.34,1555.87,4198.69,444.73,497.18,12111.2,-5497.79,1859.4,930.72,57.61,871.07,0,4.51173,662.1785849,0
233,Suriname,Americas,South America,Central & South America,136.27,20539.03,1533.23,3523.66,13489.38,1690.57,302.19,29090.17,-14088.16,5537.02,2007.95,155.58,3373.48,0,51.29924,1060.036882,0
234,Svalbard and Jan Mayen Islands,Europe,Northern Europe,Western Europe,0,0,0,0,0,0,0,0,0,0,0,0,0,0,0.00000,0,0
235,Swaziland,Africa,Southern Africa,Sub-Saharan Africa,1590.13,74417.68,42966.34,11450.71,0,12022.25,7978.38,285967.42,-227311.7,15761.96,9738.34,790.67,5232.95,0,0.00000,26.60475952,0
236,Sweden,Europe,Northern Europe,Western Europe,26750.59,3219041.97,969250,567612.13,1077621.1,407477.54,197081.16,5730821.55,-2938125.84,426346.25,358373.33,28318.08,39654.85,800.2567368,9874.99906,53604.49081,0
237,Switzerland,Europe,Western Europe,Western Europe,17224.15,2960561.62,956235.78,237423.02,891003.84,562004.6,313894.41,4948382.02,-2592821.6,605001.2,304089.84,25914.55,274996.81,474.0267741,4770.78906,30822.64049,0
238,Syrian Arab Republic,Asia,Western Asia,West Asia & Northern Africa,0,-0.01,0,0,0,0,0,-0.01,0,0,0,0,0,0,0.00000,-0.000338163,0
239,Tajikistan,Asia,Central Asia,West Asia & Northern Africa,320788.06,24389157.41,9983588.95,2820066.11,7803053.01,2486488.99,1295960.68,27623424.1,-10544921.33,7310654.63,3059029.68,263671.64,3987953.27,0,8064.07110,405638.4722,0
240,Thailand,Asia,South-Eastern Asia,East Asia,620.84,84140.18,6066.54,12674.67,58438.33,3474.34,3486.3,57991.79,-7315.96,33464.34,8324.61,694.74,24429.31,0,65.60181,9036.780391,0
241,The former Yugoslav Republic of Macedonia,Europe,Southern Europe,Western Europe,0,0,0,0,0,0,0,0,0,0,0,0,0,0,0.00000,0,0
242,Timor-Leste,Asia,South-Eastern Asia,East Asia,147.64,5506.75,769.59,2437.07,1192.4,749.48,358.2,8461.5,-3603.25,648.5,516.87,39.43,92.2,0,13.72181,400.3714606,0
243,Togo,Africa,Western Africa,Sub-Saharan Africa,25428.67,748086.65,175090.18,196321.76,52817.75,174259.8,149597.17,3217595.1,-2543398,73889.54,59931.99,5075.07,8882.48,0,24.94390,5610.179294,0
244,Tokelau,Oceania,Polynesia,Oceania,0,0,0,0,0,0,0,0,0,0,0,0,0,0,0.00000,0,0
245,Tonga,Oceania,Polynesia,Oceania,0,0,0,0,0,0,0,0,0,0,0,0,0,0,0.00000,0,0
246,Trinidad and Tobago,Americas,Caribbean,Central & South America,1842.9,665097.45,400629.61,29943.95,217509.64,9574.01,7440.25,116358.66,173639.95,375098.83,104871.28,6012.16,264215.4,0,158.61324,494.3376653,0
247,Tromelin Island,Africa,Eastern Africa,Sub-Saharan Africa,0,0,0,0,0,0,0,0,0,0,0,0,0,0,0.00000,0,0
248,Tunisia,Africa,Northern Africa,West Asia & Northern Africa,464995.53,129841689.1,119844071.5,1991303.41,2564157.16,3855097.96,1587068.32,13831304.16,43277229.63,72733164.35,24424360.7,1602746.64,46706054.91,0,19544.19360,565053.3444,0
249,Turkey,Asia,Western Asia,West Asia & Northern Africa,26916.34,2105075.84,491417.82,406406.61,861166.77,187151.09,158933.54,2905678.76,-1274047.83,473444.91,225040.9,20396.31,228007.69,0,1782.04467,56661.09242,0
250,Turkmenistan,Asia,Central Asia,West Asia & Northern Africa,3152656.34,103116616.2,35323497.11,40828499.86,0,20867172.4,6097445.92,182948031.9,-93188976.94,13357558.23,11147549.24,757302.04,1452706.97,0,72232.43845,5659089.771,0
251,Turks and Caicos islands,Americas,Caribbean,Central & South America,0,0,0,0,0,0,0,0,0,0,0,0,0,0,0.00000,0,0
252,Tuvalu,Oceania,Polynesia,Oceania,0,0,0,0,0,0,0,0,0,0,0,0,0,0,0.00000,0,0
253,Uganda,Africa,Eastern Africa,Sub-Saharan Africa,13544.32,2079153.35,1725897.25,148497.87,17965.25,87744.94,99048.08,1409307.68,-206839.43,876685.14,361825.74,23387.17,491472.15,0,8400.94340,4459.231963,0
254,Ukraine,Europe,Eastern Europe,Eastern Europe,0,0,0,0,0,0,0,0,0,0,0,0,0,0,0.00000,0,0
255,United Arab Emirates,Asia,Western Asia,West Asia & Northern Africa,83916.84,15485181.2,6894706.93,1247958.97,6446551.99,725496.17,170466.73,5822062.15,2827022.64,6836096.27,2148392.48,180159.42,4506542.63,0,7948.00684,35570.66619,0
256,U.K. of Great Britain and Northern Ireland,Europe,Northern Europe,Western Europe,936726.85,179737776.9,62315401.59,20465936.22,57502884.88,30426611.59,9026942.02,267079400.5,-121515107.8,34173484.04,20259962.35,1690557,12222762.95,34162.53874,220555.62581,1447767.049,5077.860042
257,United Republic of Tanzania,Africa,Eastern Africa,Sub-Saharan Africa,75557.55,5288253.97,3603521.73,560288.92,230917.99,520907.09,372618.19,10944816.33,-6953855.43,1297292.85,799825.05,52116.12,445351.64,0,476.20896,37148.4936,0
258,United States Virgin Islands,Americas,Caribbean,Central & South America,0,0,0,0,0,0,0,0,0,0,0,0,0,0,0.00000,0,0
259,United States of America,Americas,Northern America,North America,486643.75,29028226.65,11437204.41,3816541.76,7729633.13,4666613.37,1378233.42,67586846.79,-43816224.91,5257604.84,3442058.37,264942.55,1550603.94,0,87629.02284,546902.0596,1186.825741
260,Uruguay,Americas,South America,Central & South America,222609.02,19023607.15,9461737.37,2312865.7,3278003.01,1971024.37,1999976.76,73339783.68,-57978722.34,3662545.86,2451434.33,229541.07,981570.45,0,5146.31869,223504.5703,0
261,Uzbekistan,Asia,Central Asia,West Asia & Northern Africa,1237583.38,145711679.8,43564067.77,19993206.38,68818730.57,9654393.91,3681282.02,119956157,-12223910.68,37979432.35,17594007.22,1454636.6,18930788.7,0,33193.24907,1667107.685,0
262,Vanuatu,Oceania,Melanesia,Oceania,2569.56,205629.84,12025.61,26756.38,152175.91,12847.8,1824.14,68883.06,37631.91,99114.87,20298.35,2486.38,71421.18,47.15262882,211.41390,4080.228061,0
263,Venezuela,Americas,South America,Central & South America,23255.94,2903825.97,1157919.56,265467.44,1228432.98,160354.33,91651.62,3621534.66,-1901593.73,1183885.02,380973.96,34315.59,765591.2,0,557.54445,24896.8713,0
264,Viet Nam,Asia,South-Eastern Asia,East Asia,1171.27,163024.72,23780.47,26514.29,97600.21,7117.85,8011.91,192088.45,-81761.97,52698.24,17167.54,1359.35,33954.09,0,172.92587,11957.74871,0
265,Wake Island,Oceania,Micronesia,Oceania,0,0,0,0,0,0,0,0,0,0,0,0,0,0,0.00000,0,0
266,Wallis and Futuna,Oceania,Polynesia,Oceania,0,0,0,0,0,0,0,0,0,0,0,0,0,0,0.00000,0,0
267,West Bank,Asia,Western Asia,West Asia & Northern Africa,0,-0.01,-0.01,0,0,0,0,0,0,0,0,0,0,0,0.00000,-8.84E-09,0
268,Western Sahara,Africa,Northern Africa,West Asia & Northern Africa,0.27,2.82,0,0.01,0,2.67,0.14,0.68,0.57,1.57,0,0.01,1.56,0,235.12543,0.137716023,0
269,Yemen,Asia,Western Asia,West Asia & Northern Africa,1192655.38,46015101.61,20405145.22,7020695.54,7220261.32,9189020.32,2179979.25,38118456.44,-2468268.87,10364914.53,5505124.72,389122.16,4470665.03,0,13932.67282,576965.2349,0
270,Zambia,Africa,Eastern Africa,Sub-Saharan Africa,6856.46,306146.23,111165.67,53389.84,46022.46,59157.61,36410.65,1827937.26,-1576290.06,54499.01,32174.36,2425.51,19899.14,0,178.47088,3655.325074,0
271,Zimbabwe,Africa,Eastern Africa,Sub-Saharan Africa,10836.66,735236.65,462385.37,58211.18,91866.53,79148.74,43624.83,1269117.89,-816657.44,282776.19,107484.85,9432.12,165859.23,0,2033.56407,257.2421045,0
2647,Montenegro,Europe,Southern Europe,Western Europe,0,0,0,0,0,0,0,0,0,0,0,0,0,0,0.00000,0,0
2648,Serbia,Europe,Southern Europe,Western Europe,16619.24,2254000.45,508527.59,406013.54,800570.83,361514.78,177373.69,3062480.06,-1255867.52,447387.94,222363.96,19786.74,205237.24,334.8375456,3187.29703,32106.96232,0
33364,Hong Kong,Asia,Eastern Asia,East Asia,29.37,9419.1,2624.66,723.22,5399.95,150.92,520.35,2675.39,2019.39,4724.32,1137.25,109.21,3477.87,0,0.03599,0.182088226,0
40760,Hala'ib triangle,Africa,Northern Africa,West Asia & Northern Africa,0,0,0,0,0,0,0,0,0,0,0,0,0,0,103.73913,0,0
40762,Ma'tan al-Sarra,Africa,Northern Africa,West Asia & Northern Africa,0,0,0,0,0,0,0,0,0,0,0,0,0,0,36.94710,0,0
40765,Egypt,Africa,Northern Africa,West Asia & Northern Africa,61805.81,11003287.42,3310637.2,1246930.19,5803151.32,423761.18,218807.66,5288001.43,1630553.83,4084732.26,1367135.59,119221.08,2598375.68,0,10287.30565,181938.6786,0
40781,Jammu and Kashmir,Asia,Eastern Asia,East Asia,183342.7,10784159.01,4145535.62,4126828.31,0,1032533.24,1479261.76,17537414.99,-8712751.91,1959495.92,1241789.98,76408.48,641297.46,0,35417.98925,11146.70358,0
61013,Ilemi triangle,Africa,Northern Africa,West Asia & Northern Africa,4815.4,198112.86,110584.5,5107.91,0,48154.04,34266.42,466522.02,-294154.53,25745.36,22627.69,1626.9,1490.77,0,0.00000,0,0
74578,Azores Islands,Europe,Southern Europe,Western Europe,0,0,0,0,0,0,0,0,0,0,0,0,0,0,0.00000,0,0
