ADM0_CODE,ADM0_NAME,CONTINENT,REGION,REG_ANNEX5,Area,Crop_total_input,Crop_manure_input ,Crop_residue_input ,Crop_fertilizer_input ,Crop_BNF_input,Crop_atmospheric_input,Crop_total_output,Crop_total_stock_change,Crop_total_loss,Crop_total_ammonia,Crop_total_nitrous_oxide,crop_total_runoff_leaching,Blending_transport_concentrate,Feed_transport_processing,Field_operations,Trade
1,Afghanistan,Asia,Southern Asia,South Asia,2022576.74,72147687.04,16688273.23,29534836.44,8884255.91,12317472.3,4722850.57,115648520.8,-53743886.22,10243052.48,7179564.03,586023.13,2477465.38,0,203286.3015,2208512.406,0
2,Aksai Chin,Asia,Eastern Asia,East Asia,0,0,0,0,0,0,0,0,0,0,0,0,0,0,0.0000,0,0
3,Albania,Europe,Southern Europe,Western Europe,225490.81,22829589.29,5695448.04,5643896.11,6670148.62,3036783.12,1783313.25,27565270.34,-8148198.06,3412517.05,2370494.05,194566.15,847456.9,17679.0607,43997.8524,478455.4054,1449.439708
4,Algeria,Africa,Northern Africa,West Asia & Northern Africa,1239499.51,56666771.97,16195873.28,15809477.88,11651567.27,7599837.93,5410017.58,82164459.34,-36363223.18,10865536.76,5985279.33,475203.96,4405053.55,0,50867.1126,1943386.311,0
5,American Samoa,Oceania,Polynesia,Oceania,0,0,0,0,0,0,0,0,0,0,0,0,0,0,0.0000,0,0
6,Sudan,Africa,Northern Africa,West Asia & Northern Africa,3599599.92,228673606.8,123387202.1,33370252.92,32644246.45,22654200.79,16617706.29,269334189.4,-101967934,61307351.52,31278889.98,2277073.61,27751386.95,0,162495.0201,1524105.795,0
7,Andorra,Europe,Southern Europe,Western Europe,0,0,0,0,0,0,0,0,0,0,0,0,0,0,0.0000,0,0
8,Angola,Africa,Middle Africa,Sub-Saharan Africa,0,0,0,0,0,0,0,0,0,0,0,0,0,0,0.0000,0,0
9,Anguilla,Americas,Caribbean,Central & South America,0,0,0,0,0,0,0,0,0,0,0,0,0,0,0.0000,0,0
10,Antarctica,Antarctica,,,0,0,0,0,0,0,0,0,0,0,0,0,0,0,0.0000,0,0
11,Antigua and Barbuda,Americas,Caribbean,Central & South America,0,0,0,0,0,0,0,0,0,0,0,0,0,0,0.0000,0,0
12,Argentina,Americas,South America,Central & South America,0,0,0,0,0,0,0,0,0,0,0,0,0,0,0.0000,0,0
13,Armenia,Asia,Western Asia,West Asia & Northern Africa,61406.9,4155708.77,1508608.83,815016.32,1004275.15,435201.77,392606.72,6444250.88,-2994665.44,706123.39,483650.91,36901.97,185570.5,0,7408.5583,79743.21685,0
14,Aruba,Americas,Caribbean,Central & South America,0,0,0,0,0,0,0,0,0,0,0,0,0,0,0.0000,0,0
15,Arunachal Pradesh,Asia,Eastern Asia,East Asia,0,0,0,0,0,0,0,0,0,0,0,0,0,0,0.0000,0,0
16,Ashmore and Cartier Islands,Oceania,Australia and New Zealand,Oceania,0,0,0,0,0,0,0,0,0,0,0,0,0,0,0.0000,0,0
17,Australia,Oceania,Australia and New Zealand,Oceania,0,0,0,0,0,0,0,0,0,0,0,0,0,0,0.0000,0,0
18,Austria,Europe,Western Europe,Western Europe,1445.67,238613.68,44484.75,53888.05,87176.47,28216.12,24848.27,299232.38,-105664.32,45045.62,23003.4,2013.06,20029.15,214.4459211,552.9007,3154.209997,0
19,Azerbaijan,Asia,Western Asia,West Asia & Northern Africa,87375.26,5485613.14,2461963.98,1193234.99,631184.71,585040.07,614189.34,8216512.06,-3666263.44,935364.51,674834.77,47962.99,212566.75,0,9239.7854,137860.4011,0
20,Bahamas,Americas,Caribbean,Central & South America,0,0,0,0,0,0,0,0,0,0,0,0,0,0,0.0000,0,0
21,Bahrain,Asia,Western Asia,West Asia & Northern Africa,4.89,853.87,94.71,117.44,584.61,24.44,32.67,337.71,151.92,364.24,89.15,9.97,265.13,0,1.3519,5.948298156,0
22,Baker Island,Americas,Northern America,North America,0,0,0,0,0,0,0,0,0,0,0,0,0,0,0.0000,0,0
23,Bangladesh,Asia,Southern Asia,South Asia,204983.23,35138842.97,9273286.94,4937507.09,14493363.87,1031407.66,5403276.96,16270013.39,5780593.54,13088236.02,3797744.46,279154.44,9011337.01,0,41512.1560,1347888.634,0
24,Barbados,Americas,Caribbean,Central & South America,0,0,0,0,0,0,0,0,0,0,0,0,0,0,0.0000,0,0
25,Bassas da India,Africa,Eastern Africa,Sub-Saharan Africa,0,0,0,0,0,0,0,0,0,0,0,0,0,0,0.0000,0,0
26,Belarus,Europe,Eastern Europe,Eastern Europe,0,0,0,0,0,0,0,0,0,0,0,0,0,0,0.0000,0,0
27,Belgium,Europe,Western Europe,Western Europe,0,0,0,0,0,0,0,0,0,0,0,0,0,0,0.0000,0,0
28,Belize,Americas,Central America,Central & South America,0,0,0,0,0,0,0,0,0,0,0,0,0,0,0.0000,0,0
29,Benin,Africa,Western Africa,Sub-Saharan Africa,0,0,0,0,0,0,0,0,0,0,0,0,0,0,0.0000,0,0
30,Bermuda,Americas,Northern America,North America,0,0,0,0,0,0,0,0,0,0,0,0,0,0,0.0000,0,0
31,Bhutan,Asia,Southern Asia,South Asia,0,0,0,0,0,0,0,0,0,0,0,0,0,0,0.0000,0,0
32,Bird Island,Americas,Caribbean,Central & South America,0,0,0,0,0,0,0,0,0,0,0,0,0,0,0.0000,0,0
33,Bolivia,Americas,South America,Central & South America,20070.67,983736.74,538546.33,183926.8,42937.8,156605.46,61720.35,2691960.08,-1895456.72,187233.4,130395.73,8159.43,48678.24,0,3630.6557,54160.15287,0
34,Bosnia and Herzegovina,Europe,Southern Europe,Western Europe,85942.07,9278890.48,1648236.53,2363573.57,3173982.98,1188064.44,905033.1,11148629.22,-3440159.1,1570420.44,883402.99,77972.42,609045.03,6967.352033,19380.3410,173449.891,102.7569393
35,Botswana,Africa,Southern Africa,Sub-Saharan Africa,0,0,0,0,0,0,0,0,0,0,0,0,0,0,0.0000,0,0
36,Bouvet Island,Antarctica,,,0,0,0,0,0,0,0,0,0,0,0,0,0,0,0.0000,0,0
37,Brazil,Americas,South America,Central & South America,0,0,0,0,0,0,0,0,0,0,0,0,0,0,0.0000,0,0
38,British Indian Ocean Territory,Africa,Eastern Africa,South Asia,0,0,0,0,0,0,0,0,0,0,0,0,0,0,0.0000,0,0
39,British Virgin Islands,Americas,Caribbean,Central & South America,0,0,0,0,0,0,0,0,0,0,0,0,0,0,0.0000,0,0
40,Brunei Darussalam,Asia,South-Eastern Asia,East Asia,0,0,0,0,0,0,0,0,0,0,0,0,0,0,0.0000,0,0
41,Bulgaria,Europe,Eastern Europe,Eastern Europe,114657.12,11491926.24,676804.51,2733283.94,4780863.82,2008892.94,1292081.36,18637508.65,-8592019.81,1446437.34,886775.7,85655.36,474006.26,8972.233699,27420.6079,205014.5504,103.8377151
42,Burkina Faso,Africa,Western Africa,Sub-Saharan Africa,155722.39,7559359.85,4210733.21,1132143.33,516985.17,1097113.71,602384.44,16766540.03,-10723761.03,1516580.85,1007059.49,83781.23,425740.13,0,3.1544,34199.05116,0
43,Burundi,Africa,Eastern Africa,Sub-Saharan Africa,6785.86,209221.06,50797.29,57237.53,17592.32,40546.39,43047.53,512028.01,-327596.01,24789.06,17642.44,1396.13,5750.49,0,172.3956,1173.259228,0
44,Cambodia,Asia,South-Eastern Asia,East Asia,0,0,0,0,0,0,0,0,0,0,0,0,0,0,0.0000,0,0
45,Cameroon,Africa,Middle Africa,Sub-Saharan Africa,26877.7,5252999.2,4635806.67,203172.93,34021.4,225178.26,154820.09,4107036.65,-560633.9,1706596.63,950880.82,54887.37,700828.47,0,64.1009,6458.096261,0
46,Canada,Americas,Northern America,North America,0,0,0,0,0,0,0,0,0,0,0,0,0,0,0.0000,0,0
47,Cape Verde,Africa,Western Africa,Sub-Saharan Africa,0,0,0,0,0,0,0,0,0,0,0,0,0,0,0.0000,0,0
48,Cayman Islands,Americas,Caribbean,Central & South America,0,0,0,0,0,0,0,0,0,0,0,0,0,0,0.0000,0,0
49,Central African Republic,Africa,Middle Africa,Sub-Saharan Africa,0,0,0,0,0,0,0,0,0,0,0,0,0,0,0.0000,0,0
50,Chad,Africa,Middle Africa,Sub-Saharan Africa,28711.35,1105569.39,602342.05,131202.34,0,236577.03,135447.94,4318914.92,-3409471.06,196125.5,133588.64,9941.05,52595.81,0,17.7314,3472.015052,0
51,Chile,Americas,South America,Central & South America,0,0,0,0,0,0,0,0,0,0,0,0,0,0,0.0000,0,0
52,China/India,Asia,Eastern Asia,East Asia,0,0,0,0,0,0,0,0,0,0,0,0,0,0,0.0000,0,0
53,China,Asia,Eastern Asia,East Asia,3772954.54,634032967.7,81968932.48,105536136,385383356.7,23089100.12,38055412.7,458534500.8,-29240136.66,204738604.6,65485736.12,6633661.49,132619206,191159.5809,923426.5806,7477447.611,7526.509548
54,Christmas Island,Asia,South-Eastern Asia,East Asia,0,0,0,0,0,0,0,0,0,0,0,0,0,0,0.0000,0,0
55,Clipperton Island,Americas,Central America,Central & South America,0,0,0,0,0,0,0,0,0,0,0,0,0,0,0.0000,0,0
56,Cocos (Keeling) Islands,Asia,South-Eastern Asia,East Asia,0,0,0,0,0,0,0,0,0,0,0,0,0,0,0.0000,0,0
57,Colombia,Americas,South America,Central & South America,0,0,0,0,0,0,0,0,0,0,0,0,0,0,0.0000,0,0
58,Comoros,Africa,Eastern Africa,Sub-Saharan Africa,0,0,0,0,0,0,0,0,0,0,0,0,0,0,0.0000,0,0
59,Congo,Africa,Middle Africa,Sub-Saharan Africa,0,0,0,0,0,0,0,0,0,0,0,0,0,0,0.0000,0,0
60,Cook Islands,Oceania,Polynesia,Oceania,0,0,0,0,0,0,0,0,0,0,0,0,0,0,0.0000,0,0
61,Costa Rica,Americas,Central America,Central & South America,0,0,0,0,0,0,0,0,0,0,0,0,0,0,0.0000,0,0
62,Croatia,Europe,Southern Europe,Western Europe,18344.22,3546652.22,286022.31,561734.46,2171172.32,284505.67,243217.4,2792586.01,-410741.79,1164808.01,330495.14,36694.84,797618.02,1825.511962,5078.2952,40263.25861,0
63,Cuba,Americas,Caribbean,Central & South America,0,0,0,0,0,0,0,0,0,0,0,0,0,0,0.0000,0,0
64,Cyprus,Asia,Western Asia,West Asia & Northern Africa,35222.52,3241411.35,536319.53,683694.81,1334866.26,391177.6,295353.16,3617587.15,-883497.13,507321.32,309120.01,28193.53,170007.76,3027.322584,6117.2067,39311.02071,562.3515068
65,Czech Republic,Europe,Eastern Europe,Eastern Europe,8001,1414755.05,131401.3,242479.75,753735.71,149207.69,137930.59,1541339.26,-489378.79,362794.57,125901.81,12969.27,223923.5,776.1547516,2726.8156,17515.27347,0
66,C?te d'Ivoire,Africa,Western Africa,Sub-Saharan Africa,0,0,0,0,0,0,0,0,0,0,0,0,0,0,0.0000,0,0
67,Dem People's Rep of Korea,Asia,Eastern Asia,East Asia,0,0,0,0,0,0,0,0,0,0,0,0,0,0,0.0000,0,0
68,Democratic Republic of the Congo,Africa,Middle Africa,Sub-Saharan Africa,0,0,0,0,0,0,0,0,0,0,0,0,0,0,0.0000,0,0
69,Denmark,Europe,Northern Europe,Western Europe,0,0,0,0,0,0,0,0,0,0,0,0,0,0,0.0000,0,0
70,Djibouti,Africa,Eastern Africa,Sub-Saharan Africa,0,0,0,0,0,0,0,0,0,0,0,0,0,0,0.0000,0,0
71,Dominica,Americas,Caribbean,Central & South America,0,0,0,0,0,0,0,0,0,0,0,0,0,0,0.0000,0,0
72,Dominican Republic,Americas,Caribbean,Central & South America,0,0,0,0,0,0,0,0,0,0,0,0,0,0,0.0000,0,0
73,Ecuador,Americas,South America,Central & South America,15484.65,1726511.69,874897.2,207379.16,484660.67,116244.86,43329.78,3723177.37,-2492682.52,496016.83,244183.42,17884.7,233948.71,0,4699.6734,33591.30903,0
74,South Sudan,Africa,Northern Africa,West Asia & Northern Africa,474832.14,27415184.28,11580558.75,4613136.89,5081134.35,3165576.9,2974777.61,58383312.3,-36501844.58,5533716.71,3285538.89,226897.03,2021280.83,0,38563.0934,299032.9762,0
75,El Salvador,Americas,Central America,Central & South America,0,0,0,0,0,0,0,0,0,0,0,0,0,0,0.0000,0,0
76,Equatorial Guinea,Africa,Middle Africa,Sub-Saharan Africa,0,0,0,0,0,0,0,0,0,0,0,0,0,0,0.0000,0,0
77,Eritrea,Africa,Eastern Africa,Sub-Saharan Africa,33106.35,1096982.18,475187.74,224520.7,54448.23,215067.26,127758.25,1814255.55,-969245.77,251972.41,122934.44,9618.69,119419.28,0,501.7042,3071.618482,0
78,Estonia,Europe,Northern Europe,Western Europe,0,0,0,0,0,0,0,0,0,0,0,0,0,0,0.0000,0,0
79,Ethiopia,Africa,Eastern Africa,Sub-Saharan Africa,246077.58,13694587.53,5749680.08,2840156.7,1472382.14,1703196.5,1929172.11,29313804.31,-18393181.57,2773964.88,1581189.91,132547.97,1060227,0,9610.8408,20104.31804,0
80,Europa Island,Africa,Eastern Africa,Sub-Saharan Africa,0,0,0,0,0,0,0,0,0,0,0,0,0,0,0.0000,0,0
81,Falkland Islands (Malvinas),Americas,South America,Central & South America,0,0,0,0,0,0,0,0,0,0,0,0,0,0,0.0000,0,0
82,Faroe Islands,Europe,Northern Europe,Western Europe,0,0,0,0,0,0,0,0,0,0,0,0,0,0,0.0000,0,0
83,Fiji,Oceania,Melanesia,Oceania,0,0,0,0,0,0,0,0,0,0,0,0,0,0,0.0000,0,0
84,Finland,Europe,Northern Europe,Western Europe,0,0,0,0,0,0,0,0,0,0,0,0,0,0,0.0000,0,0
85,France,Europe,Western Europe,Western Europe,222084.17,46032385.62,7765800.34,8345150.61,20628073.69,6006492.27,3286868.87,57882953.86,-20373855.52,8523287.31,4450482.62,410897.96,3661906.65,39385.44498,90205.1643,464269.0581,0
86,French Guiana,Americas,South America,Central & South America,0,0,0,0,0,0,0,0,0,0,0,0,0,0,0.0000,0,0
87,French Polynesia,Oceania,Polynesia,Oceania,0,0,0,0,0,0,0,0,0,0,0,0,0,0,0.0000,0,0
88,French Southern and Antarctic Territories,Antarctica,,,0,0,0,0,0,0,0,0,0,0,0,0,0,0,0.0000,0,0
89,Gabon,Africa,Middle Africa,Sub-Saharan Africa,0,0,0,0,0,0,0,0,0,0,0,0,0,0,0.0000,0,0
90,Gambia,Africa,Western Africa,Sub-Saharan Africa,0,0,0,0,0,0,0,0,0,0,0,0,0,0,0.0000,0,0
91,Gaza Strip,Asia,Western Asia,West Asia & Northern Africa,3564.94,775971.3,689820.7,49412.92,0,19134.52,17603.21,200106.53,176904.15,398960.64,142905.42,9266.74,246788.44,0,233.3947,1.41210869,0
92,Georgia,Asia,Western Asia,West Asia & Northern Africa,8228.41,647376.78,191354.84,104452.05,238038.79,55210.8,58320.29,936584.19,-459090.92,169883.51,72520.05,6219.09,91144.37,0,1682.8736,4809.767116,0
93,Germany,Europe,Western Europe,Western Europe,0,0,0,0,0,0,0,0,0,0,0,0,0,0,0.0000,0,0
94,Ghana,Africa,Western Africa,Sub-Saharan Africa,0,0,0,0,0,0,0,0,0,0,0,0,0,0,0.0000,0,0
95,Gibraltar,Europe,Southern Europe,Western Europe,0,0,0,0,0,0,0,0,0,0,0,0,0,0,0.0000,0,0
96,Glorioso Island,Africa,Eastern Africa,Sub-Saharan Africa,0,0,0,0,0,0,0,0,0,0,0,0,0,0,0.0000,0,0
97,Greece,Europe,Southern Europe,Western Europe,974817.68,140248254.7,17622404.47,25553699.89,76174691.96,14639686.02,6257770.33,143949964.9,-35285430.67,31583720.36,13697319.91,1342692.41,16543707.67,94207.20436,253856.2735,1893813.923,5777.078552
98,Greenland,Americas,Northern America,North America,0,0,0,0,0,0,0,0,0,0,0,0,0,0,0.0000,0,0
99,Grenada,Americas,Caribbean,Central & South America,0,0,0,0,0,0,0,0,0,0,0,0,0,0,0.0000,0,0
100,Guadeloupe,Americas,Caribbean,Central & South America,0,0,0,0,0,0,0,0,0,0,0,0,0,0,0.0000,0,0
101,Guam,Oceania,Micronesia,Oceania,0,0,0,0,0,0,0,0,0,0,0,0,0,0,0.0000,0,0
102,Abyei,Africa,Northern Africa,West Asia & Northern Africa,2145.93,76572.98,33182.97,9724.69,6252.57,15648.34,11764.4,281848.66,-224873.2,19597.53,8234.32,604.17,10759.03,0,188.3259,0.862120545,0
103,Guatemala,Americas,Central America,Central & South America,0,0,0,0,0,0,0,0,0,0,0,0,0,0,0.0000,0,0
104,Guernsey,Europe,Northern Europe,Western Europe,0,0,0,0,0,0,0,0,0,0,0,0,0,0,0.0000,0,0
105,Guinea-Bissau,Africa,Western Africa,Sub-Saharan Africa,4594.15,224221.24,127486.95,53345.13,1.33,31324.61,12063.22,572157.83,-389307.17,41370.57,30832.04,2419.77,8118.77,0,80.5126,12849.90769,0
106,Guinea,Africa,Western Africa,Sub-Saharan Africa,10655.39,580995.87,135210.17,152852.52,157736.17,65198.94,69998.05,1305084.72,-803941.03,79852.19,58100.91,4489.74,17261.54,0,1459.1495,15484.78104,0
107,Guyana,Americas,South America,Central & South America,0,0,0,0,0,0,0,0,0,0,0,0,0,0,0.0000,0,0
108,Haiti,Americas,Caribbean,Central & South America,0,0,0,0,0,0,0,0,0,0,0,0,0,0,0.0000,0,0
109,Heard Island and McDonald Islands,Antarctica,,,0,0,0,0,0,0,0,0,0,0,0,0,0,0,0.0000,0,0
110,Holy See,Europe,Southern Europe,Western Europe,0,0,0,0,0,0,0,0,0,0,0,0,0,0,0.0000,0,0
111,Honduras,Americas,Central America,Central & South America,0,0,0,0,0,0,0,0,0,0,0,0,0,0,0.0000,0,0
112,Howland Island,Americas,Northern America,North America,0,0,0,0,0,0,0,0,0,0,0,0,0,0,0.0000,0,0
113,Hungary,Europe,Eastern Europe,Eastern Europe,8931.32,1163531.12,92722.03,265480.41,516802.93,153374.55,135151.2,1572757.42,-606927.14,197700.84,96772.74,9445.3,91482.81,709.1387236,2252.0562,18086.75004,0
114,Iceland,Europe,Northern Europe,Western Europe,0,0,0,0,0,0,0,0,0,0,0,0,0,0,0.0000,0,0
115,India,Asia,Southern Asia,South Asia,0,0,0,0,0,0,0,0,0,0,0,0,0,0,0.0000,0,0
116,Indonesia,Asia,South-Eastern Asia,East Asia,881290.69,151168270.1,50240412.98,24072151.06,68818423.73,4587909.44,3449372.86,90282047.36,13030829.2,47855392.99,19337140.13,1136194.41,27382058.61,0,148288.6412,8055300.703,0
117,Iran  (Islamic Republic of),Asia,Southern Asia,South Asia,1487926.87,167331716.8,47989140.57,25981599.96,76136152.47,9789731.83,7435091.88,140257345.6,-26995844.09,54070215.58,19809603.61,1719372.16,32541239.71,0,155542.3643,1334380.094,0
118,Iraq,Asia,Western Asia,West Asia & Northern Africa,584773.67,34473785.82,7936810.28,5940158.16,13164052.95,3943052.24,3489712.18,37097710.61,-10047251.94,7423327.29,3497783.12,311390.41,3614153.79,0,31418.1598,858473.8104,0
119,Ireland,Europe,Northern Europe,Western Europe,0,0,0,0,0,0,0,0,0,0,0,0,0,0,0.0000,0,0
120,Isle of Man,Europe,Northern Europe,Western Europe,0,0,0,0,0,0,0,0,0,0,0,0,0,0,0.0000,0,0
121,Israel,Asia,Western Asia,West Asia & Northern Africa,34038.56,4645494.59,1415267,575466.63,1968589.92,475803.13,210367.83,3884051.9,-743231.92,1504674.63,537459.05,48283.91,918931.68,2281.844725,4745.9950,21859.40377,0
122,Italy,Europe,Southern Europe,Western Europe,972850.1,133038197.2,21998543.9,24820903.76,62585774.3,14239736.62,9393235.36,139316724,-34345519.65,28066993.23,13140376.58,1257039.89,13669576.34,94392.1117,257230.7749,1989587.81,11877.55621
123,Jamaica,Americas,Caribbean,Central & South America,0,0,0,0,0,0,0,0,0,0,0,0,0,0,0.0000,0,0
126,Japan,Asia,Eastern Asia,East Asia,0,0,0,0,0,0,0,0,0,0,0,0,0,0,0.0000,0,0
127,Jarvis Island,Americas,Northern America,North America,0,0,0,0,0,0,0,0,0,0,0,0,0,0,0.0000,0,0
128,Jersey,Europe,Northern Europe,Western Europe,0,0,0,0,0,0,0,0,0,0,0,0,0,0,0.0000,0,0
129,Johnston Atoll,Americas,Northern America,North America,0,0,0,0,0,0,0,0,0,0,0,0,0,0,0.0000,0,0
130,Jordan,Asia,Western Asia,West Asia & Northern Africa,143773.23,13912979.2,4499328.88,1512622.18,5630450.99,1499807.11,770770.28,9647892.72,-601463.11,4866549.67,1614173.07,142958.6,3109418.09,9891.815021,9930.3052,57351.6655,2111.909482
131,Juan de Nova Island,Africa,Eastern Africa,Sub-Saharan Africa,0,0,0,0,0,0,0,0,0,0,0,0,0,0,0.0000,0,0
132,Kazakhstan,Asia,Central Asia,West Asia & Northern Africa,17661.27,467548.44,125702.38,143766.73,12106.49,131884.28,54088.56,1727100.81,-1310985.93,51433.56,40727.8,2990.72,7715.04,0,148.9501,23161.36099,0
133,Kenya,Africa,Eastern Africa,Sub-Saharan Africa,68686.75,5491199.52,2932604.31,817606.1,894939.94,448609.2,397439.95,10297541.33,-5979982.48,1173640.68,757775.48,57521.33,358343.88,0,5222.8845,27902.08219,0
134,Kingman Reef,Americas,Northern America,North America,0,0,0,0,0,0,0,0,0,0,0,0,0,0,0.0000,0,0
135,Kiribati,Oceania,Micronesia,Oceania,0,0,0,0,0,0,0,0,0,0,0,0,0,0,0.0000,0,0
136,Kuril islands,Asia,Eastern Asia,East Asia,0,0,0,0,0,0,0,0,0,0,0,0,0,0,0.0000,0,0
137,Kuwait,Asia,Western Asia,West Asia & Northern Africa,67.94,12448.01,8603.72,365.38,2607.39,687.74,183.77,2428.17,3415.03,6604.81,2018.02,150.22,4436.57,1.449040895,4.6170,43.90453029,0
138,Kyrgyzstan,Asia,Central Asia,West Asia & Northern Africa,23177.71,1102961.06,311322.06,291740.25,268120.53,157480.65,74297.58,2567093.85,-1645042.61,180909.84,118250.49,9611.86,53047.49,0,2318.4868,31879.55335,0
139,Lao People's Democratic Republic,Asia,South-Eastern Asia,East Asia,0,0,0,0,0,0,0,0,0,0,0,0,0,0,0.0000,0,0
140,Latvia,Europe,Northern Europe,Western Europe,0,0,0,0,0,0,0,0,0,0,0,0,0,0,0.0000,0,0
141,Lebanon,Asia,Western Asia,West Asia & Northern Africa,29154.15,2873408.04,813724.1,474111.89,1182103.16,214721.8,188747.06,3208345.14,-1073053.18,738116.1,328366.33,28274.97,381474.8,2610.390969,3924.5910,26502.14545,669.9257836
142,Lesotho,Africa,Southern Africa,Sub-Saharan Africa,0,0,0,0,0,0,0,0,0,0,0,0,0,0,0.0000,0,0
144,Liberia,Africa,Western Africa,Sub-Saharan Africa,0,0,0,0,0,0,0,0,0,0,0,0,0,0,0.0000,0,0
145,Libya,Africa,Northern Africa,West Asia & Northern Africa,210397.31,8217129.4,1280489.91,1677422.66,3527953.21,1260782.29,470481.19,7981959.4,-1554554.54,1789724.6,776635.59,74838.2,938250.76,0,9145.8083,378693.7102,0
146,Liechtenstein,Europe,Western Europe,Western Europe,0,0,0,0,0,0,0,0,0,0,0,0,0,0,0.0000,0,0
147,Lithuania,Europe,Northern Europe,Western Europe,0,0,0,0,0,0,0,0,0,0,0,0,0,0,0.0000,0,0
148,Luxembourg,Europe,Western Europe,Western Europe,0,0,0,0,0,0,0,0,0,0,0,0,0,0,0.0000,0,0
149,Macau,Asia,Eastern Asia,East Asia,0,0,0,0,0,0,0,0,0,0,0,0,0,0,0.0000,0,0
150,Madagascar,Africa,Eastern Africa,Sub-Saharan Africa,0,0,0,0,0,0,0,0,0,0,0,0,0,0,0.0000,0,0
151,Madeira Islands,Europe,Southern Europe,Western Europe,0,0,0,0,0,0,0,0,0,0,0,0,0,0,0.0000,0,0
152,Malawi,Africa,Eastern Africa,Sub-Saharan Africa,0,0,0,0,0,0,0,0,0,0,0,0,0,0,0.0000,0,0
153,Malaysia,Asia,South-Eastern Asia,East Asia,0,0,0,0,0,0,0,0,0,0,0,0,0,0,0.0000,0,0
154,Maldives,Asia,Southern Asia,South Asia,0,0,0,0,0,0,0,0,0,0,0,0,0,0,0.0000,0,0
155,Mali,Africa,Western Africa,Sub-Saharan Africa,241486.06,10847158.78,5162216.91,1894302.18,1254292.31,1829320.5,707026.77,36828860.41,-28121879.93,2140178.19,1347302.85,105596.14,687279.19,0,1144.4037,131649.8079,0
156,Malta,Europe,Southern Europe,Western Europe,1430.54,324444.83,142929.96,52404.73,102234.61,11560.05,15315.48,173720.11,47337.7,103387.03,44049.92,3398.4,55938.7,180.1851149,424.2333,1772.699001,0
157,Marshall Islands,Oceania,Micronesia,Oceania,0,0,0,0,0,0,0,0,0,0,0,0,0,0,0.0000,0,0
158,Martinique,Americas,Caribbean,Central & South America,0,0,0,0,0,0,0,0,0,0,0,0,0,0,0.0000,0,0
159,Mauritania,Africa,Western Africa,Sub-Saharan Africa,21795.37,953164.69,647122.08,96777.3,0,183502.72,25762.58,2367074.17,-1741990.14,328080.63,139102.15,9312.34,179666.15,0,473.8266,5735.376743,0
160,Mauritius,Africa,Eastern Africa,Sub-Saharan Africa,0,0,0,0,0,0,0,0,0,0,0,0,0,0,0.0000,0,0
161,Mayotte,Africa,Eastern Africa,Sub-Saharan Africa,0,0,0,0,0,0,0,0,0,0,0,0,0,0,0.0000,0,0
162,Mexico,Americas,Central America,Central & South America,0,0,0,0,0,0,0,0,0,0,0,0,0,0,0.0000,0,0
163,Micronesia (Federated States of),Oceania,Micronesia,Oceania,0,0,0,0,0,0,0,0,0,0,0,0,0,0,0.0000,0,0
164,Midway Island,Americas,Northern America,North America,0,0,0,0,0,0,0,0,0,0,0,0,0,0,0.0000,0,0
165,"Moldova, Republic of",Europe,Eastern Europe,Eastern Europe,122535.65,7770457.96,1303692.33,2267824.95,806087.89,1609069.05,1783784.1,13343380.77,-6348593.29,775670.45,568129.75,46533.01,161007.68,5972.192216,18984.0699,258483.7004,97.86228449
166,Monaco,Europe,Western Europe,Western Europe,0,0,0,0,0,0,0,0,0,0,0,0,0,0,0.0000,0,0
167,Mongolia,Asia,Eastern Asia,East Asia,147197.71,14530320.6,2103788.56,2791014.79,8057690.08,877665.21,700162.04,11465997.49,-1614783.74,4679106.82,1505628.26,152641.23,3020837.38,0,28683.7959,95695.89683,0
168,Montserrat,Americas,Caribbean,Central & South America,0,0,0,0,0,0,0,0,0,0,0,0,0,0,0.0000,0,0
169,Morocco,Africa,Northern Africa,West Asia & Northern Africa,364590.67,18458067.58,2123473.3,4282601.89,8742081.98,1986266.82,1323643.75,17430048.57,-2918550.35,3946569.43,1727163.06,166736.54,2052669.82,0,13874.1064,637455.7493,0
170,Mozambique,Africa,Eastern Africa,Sub-Saharan Africa,0,0,0,0,0,0,0,0,0,0,0,0,0,0,0.0000,0,0
171,Myanmar,Asia,South-Eastern Asia,East Asia,35159.21,2575902.88,984192.79,702520.57,441268.19,191834.95,256086.39,2931229.97,-796727.49,441400.4,311217.44,21111.28,109071.69,0,4329.1013,187120.206,0
172,Namibia,Africa,Southern Africa,Sub-Saharan Africa,0,0,0,0,0,0,0,0,0,0,0,0,0,0,0.0000,0,0
173,Nauru,Oceania,Micronesia,Oceania,0,0,0,0,0,0,0,0,0,0,0,0,0,0,0.0000,0,0
174,Navassa Island,Americas,Northern America,North America,0,0,0,0,0,0,0,0,0,0,0,0,0,0,0.0000,0,0
175,Nepal,Asia,Southern Asia,South Asia,45509.39,3758878.52,1209939.33,707185.66,763452.92,251083.47,827217.14,3200512.1,-430684.45,989050.87,389051.71,31584.46,568414.71,0,7153.0203,55200.7478,0
176,Netherlands Antilles,Americas,Caribbean,Central & South America,0,0,0,0,0,0,0,0,0,0,0,0,0,0,0.0000,0,0
177,Netherlands,Europe,Western Europe,Western Europe,0,0,0,0,0,0,0,0,0,0,0,0,0,0,0.0000,0,0
178,New Caledonia,Oceania,Melanesia,Oceania,0,0,0,0,0,0,0,0,0,0,0,0,0,0,0.0000,0,0
179,New Zealand,Oceania,Australia and New Zealand,Oceania,0,0,0,0,0,0,0,0,0,0,0,0,0,0,0.0000,0,0
180,Nicaragua,Americas,Central America,Central & South America,0,0,0,0,0,0,0,0,0,0,0,0,0,0,0.0000,0,0
181,Niger,Africa,Western Africa,Sub-Saharan Africa,653451.74,23842835.21,13255257.42,3881402.55,122287.68,4185074.07,2398813.55,39989772.61,-21372627.65,5225690.29,3051420.47,210439.65,1963830.06,0,84.7048,140048.4333,0
182,Nigeria,Africa,Western Africa,Sub-Saharan Africa,0,0,0,0,0,0,0,0,0,0,0,0,0,0,0.0000,0,0
183,Niue,Oceania,Polynesia,Oceania,0,0,0,0,0,0,0,0,0,0,0,0,0,0,0.0000,0,0
184,Norfolk Island,Oceania,Australia and New Zealand,Oceania,0,0,0,0,0,0,0,0,0,0,0,0,0,0,0.0000,0,0
185,Northern Mariana Islands,Oceania,Micronesia,Oceania,0,0,0,0,0,0,0,0,0,0,0,0,0,0,0.0000,0,0
186,Norway,Europe,Northern Europe,Western Europe,0,0,0,0,0,0,0,0,0,0,0,0,0,0,0.0000,0,0
187,Oman,Asia,Western Asia,West Asia & Northern Africa,538.77,48258.07,5658.62,9732.02,27661.94,4227.42,978.07,59778.73,-23921.59,12400.93,4871.12,487.64,7042.17,0,62.7954,191.4331493,0
188,Pakistan,Asia,Southern Asia,South Asia,129732.03,16002219.63,5294132.57,1421747.94,7578932.92,994239.66,713166.72,7998646.77,883540.5,7120032.42,1958894.6,170594.82,4990542.99,0,5994.3307,141831.2906,0
189,Palau,Oceania,Micronesia,Oceania,0,0,0,0,0,0,0,0,0,0,0,0,0,0,0.0000,0,0
190,Palmyra Atoll,Americas,Northern America,North America,0,0,0,0,0,0,0,0,0,0,0,0,0,0,0.0000,0,0
191,Panama,Americas,Central America,Central & South America,0,0,0,0,0,0,0,0,0,0,0,0,0,0,0.0000,0,0
192,Papua New Guinea,Oceania,Melanesia,Oceania,0,0,0,0,0,0,0,0,0,0,0,0,0,0,0.0000,0,0
193,Paracel Islands,Asia,South-Eastern Asia,East Asia,0,0,0,0,0,0,0,0,0,0,0,0,0,0,0.0000,0,0
194,Paraguay,Americas,South America,Central & South America,0,0,0,0,0,0,0,0,0,0,0,0,0,0,0.0000,0,0
195,Peru,Americas,South America,Central & South America,0,0,0,0,0,0,0,0,0,0,0,0,0,0,0.0000,0,0
196,Philippines,Asia,South-Eastern Asia,East Asia,0,0,0,0,0,0,0,0,0,0,0,0,0,0,0.0000,0,0
197,Pitcairn,Oceania,Polynesia,Oceania,0,0,0,0,0,0,0,0,0,0,0,0,0,0,0.0000,0,0
198,Poland,Europe,Eastern Europe,Eastern Europe,2207.26,352751.43,38544.56,53574.78,189701.11,40312.09,30618.89,391566.13,-121277.15,82462.45,32036.5,3175.53,47250.42,183.2160753,655.5820,4766.194485,0
199,Portugal,Europe,Southern Europe,Western Europe,95239.03,11056531.37,2180166.76,1735171.68,5019930.75,1392515.04,728747.19,12942831.79,-3909241.34,2022940.9,1111543.61,101575.62,809821.67,8880.272701,20790.8132,180413.9493,1186.51911
200,Puerto Rico,Americas,Caribbean,Central & South America,0,0,0,0,0,0,0,0,0,0,0,0,0,0,0.0000,0,0
201,Qatar,Asia,Western Asia,West Asia & Northern Africa,1643.42,155460.61,85465.27,16688.9,34422.99,13163.43,5720.02,80256.35,28657.7,46546.55,22204.24,1538.31,22804,0,279.3424,1721.991584,0
202,Republic of Korea,Asia,Eastern Asia,East Asia,0,0,0,0,0,0,0,0,0,0,0,0,0,0,0.0000,0,0
203,Romania,Europe,Eastern Europe,Eastern Europe,844668.75,86437396.35,10906411.06,18086428.35,33380314.14,12392720.6,11671523.65,111162405,-39521027.74,14796018.88,7327956.64,676052.75,6792009.39,54371.67578,170442.3534,1761402.96,2940.792751
204,Russian Federation,Europe,Eastern Europe,Russian Federation,4118.87,288809.83,20361.73,73146.89,125897.32,51808.43,17595.47,419148.26,-168936.19,38597.77,23976.77,2341.67,12279.33,187.1402245,517.6853,7124.640387,0
205,Rwanda,Africa,Eastern Africa,Sub-Saharan Africa,19794.07,940371.24,405194.61,259377.09,33002.26,118850.21,123947.04,1994633.1,-1225551.89,171290.01,110276.86,9579.8,51433.36,0,1146.0112,1195.431369,0
206,R?union,Africa,Eastern Africa,Sub-Saharan Africa,0,0,0,0,0,0,0,0,0,0,0,0,0,0,0.0000,0,0
207,Saint Helena,Africa,Western Africa,Sub-Saharan Africa,0,0,0,0,0,0,0,0,0,0,0,0,0,0,0.0000,0,0
208,Saint Kitts and Nevis,Americas,Caribbean,Central & South America,0,0,0,0,0,0,0,0,0,0,0,0,0,0,0.0000,0,0
209,Saint Lucia,Americas,Caribbean,Central & South America,0,0,0,0,0,0,0,0,0,0,0,0,0,0,0.0000,0,0
210,Saint Pierre et Miquelon,Americas,Northern America,Oceania,0,0,0,0,0,0,0,0,0,0,0,0,0,0,0.0000,0,0
211,Saint Vincent and the Grenadines,Americas,Caribbean,Central & South America,0,0,0,0,0,0,0,0,0,0,0,0,0,0,0.0000,0,0
212,Samoa,Oceania,Polynesia,Oceania,0,0,0,0,0,0,0,0,0,0,0,0,0,0,0.0000,0,0
213,San Marino,Europe,Southern Europe,Western Europe,0,0,0,0,0,0,0,0,0,0,0,0,0,0,0.0000,0,0
214,Sao Tome and Principe,Africa,Middle Africa,Sub-Saharan Africa,0,0,0,0,0,0,0,0,0,0,0,0,0,0,0.0000,0,0
215,Saudi Arabia,Asia,Western Asia,West Asia & Northern Africa,281422.12,7454457.4,837774.33,1038118.26,1700968.97,2673105.22,1204490.57,6347521.79,-1392524.2,2499459.87,441463.58,52141.26,2005855.16,3601.893914,7626.2622,31923.0699,0
216,Scarborough Reef,Asia,South-Eastern Asia,East Asia,0,0,0,0,0,0,0,0,0,0,0,0,0,0,0.0000,0,0
217,Senegal,Africa,Western Africa,Sub-Saharan Africa,116121.8,5148957.77,3004015.77,739807.25,384434.77,836118.75,184581.24,11702661.83,-7853082,1299377.85,713227.34,63540.78,522609.73,0,95.9960,37479.37345,0
218,Senkaku Islands,Asia,Eastern Asia,East Asia,0,0,0,0,0,0,0,0,0,0,0,0,0,0,0.0000,0,0
220,Seychelles,Africa,Eastern Africa,Sub-Saharan Africa,0,0,0,0,0,0,0,0,0,0,0,0,0,0,0.0000,0,0
221,Sierra Leone,Africa,Western Africa,Sub-Saharan Africa,0,0,0,0,0,0,0,0,0,0,0,0,0,0,0.0000,0,0
222,Singapore,Asia,South-Eastern Asia,East Asia,0,0,0,0,0,0,0,0,0,0,0,0,0,0,0.0000,0,0
223,Slovakia,Europe,Eastern Europe,Eastern Europe,13987.72,1914801.54,162149.78,363182.63,935443.82,238819.3,215206.04,2323082.71,-862573.79,454292.63,162292.6,16693.79,275306.24,1086.764783,3947.0970,30300.04676,0
224,Slovenia,Europe,Southern Europe,Western Europe,140.34,24118.09,4596.63,4556.69,10358.16,2245.21,2361.4,23045.76,-4730.03,5802.36,2410.81,225.52,3166.03,15.48430122,43.6629,271.4555585,0
225,Solomon Islands,Oceania,Melanesia,Oceania,0,0,0,0,0,0,0,0,0,0,0,0,0,0,0.0000,0,0
226,Somalia,Africa,Eastern Africa,Sub-Saharan Africa,215824.57,4261855.33,1063693.98,893984.46,185653.66,1452720.02,665803.18,7736158.71,-4254635.99,780332.6,320702.61,30447.28,429182.71,0,2258.2645,15814.95132,0
227,South Africa,Africa,Southern Africa,Sub-Saharan Africa,0,0,0,0,0,0,0,0,0,0,0,0,0,0,0.0000,0,0
228,South Georgia and the South Sandwich Islands,Antarctica,,,0,0,0,0,0,0,0,0,0,0,0,0,0,0,0.0000,0,0
229,Spain,Europe,Southern Europe,Western Europe,1206177.92,149513161.2,19385993.71,23509748.61,84107689.69,14278150.82,8231580.02,164729232.7,-46422999.37,31206927.78,14638942.87,1418525.96,15149459.2,95611.88445,260585.2324,7460790.726,182322.829
230,Spratly Islands,Asia,South-Eastern Asia,East Asia,0,0,0,0,0,0,0,0,0,0,0,0,0,0,0.0000,0,0
231,Sri Lanka,Asia,Southern Asia,South Asia,0,0,0,0,0,0,0,0,0,0,0,0,0,0,0.0000,0,0
233,Suriname,Americas,South America,Central & South America,0,0,0,0,0,0,0,0,0,0,0,0,0,0,0.0000,0,0
234,Svalbard and Jan Mayen Islands,Europe,Northern Europe,Western Europe,0,0,0,0,0,0,0,0,0,0,0,0,0,0,0.0000,0,0
235,Swaziland,Africa,Southern Africa,Sub-Saharan Africa,0,0,0,0,0,0,0,0,0,0,0,0,0,0,0.0000,0,0
236,Sweden,Europe,Northern Europe,Western Europe,0,0,0,0,0,0,0,0,0,0,0,0,0,0,0.0000,0,0
237,Switzerland,Europe,Western Europe,Western Europe,704.42,143243.93,39455.98,18151.77,59565.18,13861.86,12209.13,148416.74,-40813.72,35640.9,15662.89,1394.42,18583.59,104.9384126,272.2202,1548.505682,0
238,Syrian Arab Republic,Asia,Western Asia,West Asia & Northern Africa,3669872.06,186818246.2,22449089.53,29023857.44,93334064.81,20061273.7,21949959.71,146195498.1,-19564089.29,60186836.85,16725610.07,1779485.15,41681741.62,0,81689.5482,6855594.873,0
239,Tajikistan,Asia,Central Asia,West Asia & Northern Africa,0,0,0,0,0,0,0,0,0,0,0,0,0,0,0.0000,0,0
240,Thailand,Asia,South-Eastern Asia,East Asia,0,0,0,0,0,0,0,0,0,0,0,0,0,0,0.0000,0,0
241,The former Yugoslav Republic of Macedonia,Europe,Southern Europe,Western Europe,104313.01,10781209.71,1924001.38,2409986.33,4029121.64,1400630.76,1017469.98,12380398.31,-3275826.49,1676637.88,1028711.07,91703.18,556223.63,7960.699456,22332.0149,233645.6538,389.7719342
242,Timor-Leste,Asia,South-Eastern Asia,East Asia,0,0,0,0,0,0,0,0,0,0,0,0,0,0,0.0000,0,0
243,Togo,Africa,Western Africa,Sub-Saharan Africa,0,0,0,0,0,0,0,0,0,0,0,0,0,0,0.0000,0,0
244,Tokelau,Oceania,Polynesia,Oceania,0,0,0,0,0,0,0,0,0,0,0,0,0,0,0.0000,0,0
245,Tonga,Oceania,Polynesia,Oceania,0,0,0,0,0,0,0,0,0,0,0,0,0,0,0.0000,0,0
246,Trinidad and Tobago,Americas,Caribbean,Central & South America,0,0,0,0,0,0,0,0,0,0,0,0,0,0,0.0000,0,0
247,Tromelin Island,Africa,Eastern Africa,Sub-Saharan Africa,0,0,0,0,0,0,0,0,0,0,0,0,0,0,0.0000,0,0
248,Tunisia,Africa,Northern Africa,West Asia & Northern Africa,86023.53,4310562.28,1265872.28,1030805.18,1080644.81,590891.82,342348.03,5167565.47,-1677811.52,820808.3,464319.47,39382.85,317105.96,0,4544.6711,117905.0396,0
249,Turkey,Asia,Western Asia,West Asia & Northern Africa,2517649.64,237007357.5,32303639.12,50010783.9,121762542.5,17497953.97,15432436.39,257091826.8,-75549482.71,55465013.3,23638060.81,2324600.31,29502351.7,207598.7491,381360.8069,4444293.932,11006.98107
250,Turkmenistan,Asia,Central Asia,West Asia & Northern Africa,0,0,0,0,0,0,0,0,0,0,0,0,0,0,0.0000,0,0
251,Turks and Caicos islands,Americas,Caribbean,Central & South America,0,0,0,0,0,0,0,0,0,0,0,0,0,0,0.0000,0,0
252,Tuvalu,Oceania,Polynesia,Oceania,0,0,0,0,0,0,0,0,0,0,0,0,0,0,0.0000,0,0
253,Uganda,Africa,Eastern Africa,Sub-Saharan Africa,0,0,0,0,0,0,0,0,0,0,0,0,0,0,0.0000,0,0
254,Ukraine,Europe,Eastern Europe,Eastern Europe,154023.05,16287707.49,1460772.37,2928380.05,7441512.14,2203588.45,2253454.56,18812950.2,-5739138.49,3213895.77,1329143.66,134160.2,1750591.92,8848.187392,22959.7716,284704.4437,0
255,United Arab Emirates,Asia,Western Asia,West Asia & Northern Africa,1175.32,294853.9,31785.74,49892.29,202501.2,7882.52,2792.14,202619.25,-15481.64,107716.29,31596.5,3395.52,72724.27,0,300.6913,583.7349828,0
256,U.K. of Great Britain and Northern Ireland,Europe,Northern Europe,Western Europe,0,0,0,0,0,0,0,0,0,0,0,0,0,0,0.0000,0,0
257,United Republic of Tanzania,Africa,Eastern Africa,Sub-Saharan Africa,0,0,0,0,0,0,0,0,0,0,0,0,0,0,0.0000,0,0
258,United States Virgin Islands,Americas,Caribbean,Central & South America,0,0,0,0,0,0,0,0,0,0,0,0,0,0,0.0000,0,0
259,United States of America,Americas,Northern America,North America,0,0,0,0,0,0,0,0,0,0,0,0,0,0,0.0000,0,0
260,Uruguay,Americas,South America,Central & South America,0,0,0,0,0,0,0,0,0,0,0,0,0,0,0.0000,0,0
261,Uzbekistan,Asia,Central Asia,West Asia & Northern Africa,0,0,0,0,0,0,0,0,0,0,0,0,0,0,0.0000,0,0
262,Vanuatu,Oceania,Melanesia,Oceania,0,0,0,0,0,0,0,0,0,0,0,0,0,0,0.0000,0,0
263,Venezuela,Americas,South America,Central & South America,0,0,0,0,0,0,0,0,0,0,0,0,0,0,0.0000,0,0
264,Viet Nam,Asia,South-Eastern Asia,East Asia,0,0,0,0,0,0,0,0,0,0,0,0,0,0,0.0000,0,0
265,Wake Island,Oceania,Micronesia,Oceania,0,0,0,0,0,0,0,0,0,0,0,0,0,0,0.0000,0,0
266,Wallis and Futuna,Oceania,Polynesia,Oceania,0,0,0,0,0,0,0,0,0,0,0,0,0,0,0.0000,0,0
267,West Bank,Asia,Western Asia,West Asia & Northern Africa,83446.87,12776077.42,10021056.99,498545.98,1131299.86,717833.87,407341.36,2286217.65,3816456.55,6673403.08,2167195.96,149921.89,4356285.4,0,3140.0794,11775.79678,0
268,Western Sahara,Africa,Northern Africa,West Asia & Northern Africa,0,0,0,0,0,0,0,0,0,0,0,0,0,0,0.0000,0,0
269,Yemen,Asia,Western Asia,West Asia & Northern Africa,208001.18,13091222.76,7301315.91,1680879.59,2064042.23,1563094.77,481890.22,11870226.65,-2484992.3,3705988.53,1834755.35,127960.54,1743272.61,0,7810.0866,91956.11808,0
270,Zambia,Africa,Eastern Africa,Sub-Saharan Africa,0,0,0,0,0,0,0,0,0,0,0,0,0,0,0.0000,0,0
271,Zimbabwe,Africa,Eastern Africa,Sub-Saharan Africa,0,0,0,0,0,0,0,0,0,0,0,0,0,0,0.0000,0,0
2647,Montenegro,Europe,Southern Europe,Western Europe,19634.04,2655019.98,374751.12,567796.33,1212001.94,289093.69,211376.94,2765644.09,-687617.87,576993.76,252930.06,24221.55,299842.15,1744.476043,4886.5059,38878.74227,19.08231996
2648,Serbia,Europe,Southern Europe,Western Europe,69343.74,9147975.56,1267961.46,1948316.61,4155127.48,1002864.08,773705.68,9458341.46,-2315967.05,2005601.15,863936.72,84445.08,1057219.34,5967.604281,15455.8016,146525.5377,0
33364,Hong Kong,Asia,Eastern Asia,East Asia,0,0,0,0,0,0,0,0,0,0,0,0,0,0,0.0000,0,0
40760,Hala'ib triangle,Africa,Northern Africa,West Asia & Northern Africa,0,0,0,0,0,0,0,0,0,0,0,0,0,0,0.0000,0,0
40762,Ma'tan al-Sarra,Africa,Northern Africa,West Asia & Northern Africa,0,0,0,0,0,0,0,0,0,0,0,0,0,0,0.0000,0,0
40765,Egypt,Africa,Northern Africa,West Asia & Northern Africa,165164.01,38954382.49,4702939.16,6419995.21,26267686.88,936019.97,627740.93,23381106.09,3354484.53,12218791.79,4209356.09,404265.5,7605170.32,0,36830.1509,729619.4295,0
40781,Jammu and Kashmir,Asia,Eastern Asia,East Asia,0,0,0,0,0,0,0,0,0,0,0,0,0,0,0.0000,0,0
61013,Ilemi triangle,Africa,Northern Africa,West Asia & Northern Africa,0,0,0,0,0,0,0,0,0,0,0,0,0,0,0.0000,0,0
74578,Azores Islands,Europe,Southern Europe,Western Europe,0,0,0,0,0,0,0,0,0,0,0,0,0,0,0.0000,0,0
