ADM0_CODE,ADM0_NAME,CONTINENT,REGION,REG_ANNEX5,Total_N_intake,Total_N_excreted,TAN,NH3, N2O , NOx ,Nox_burned,N2,NO3_leach, NH3_daily_spread ,N_discharged,Npublsew,N_not_collected,Nox_incinerated,N_losses, N_recycled, Balance ,Intake_non_crop,share_trade
1,Afghanistan,Asia,Southern Asia,South Asia,2556714.644,2137811.244,1320970.173,306800.6062,16571.72679,6604.85086,0,198145.5256,34807.5173,0,0,0,0,0,562930.2268,1574881.011,0.005963,212795.6514,0.008685
2,Aksai Chin,Asia,Eastern Asia,East Asia,3354.062515,2340.799477,1321.758499,306.983697,16.49398969,6.608792,0,198.263772,23.23243513,0,0,0,0,0,551.582687,1789.216825,-0.000034,5.56431,0.256403
3,Albania,Europe,Southern Europe,Western Europe,0.004639,0.003903,0.002668,0.000357,1.88717E-05,0.000007,0,0.000224,4.3383E-05,0,0,0,0,0,0.000651,0.003252,0,0,0
4,Algeria,Africa,Northern Africa,West Asia & Northern Africa,0,0,0,0,0,0,0,0,0,0,0,0,0,0,0,0,0,0,0
5,American Samoa,Oceania,Polynesia,Oceania,0,0,0,0,0,0,0,0,0,0,0,0,0,0,0,0,0,0,0
6,Sudan,Africa,Northern Africa,West Asia & Northern Africa,0,0,0,0,0,0,0,0,0,0,0,0,0,0,0,0,0,0,0
7,Andorra,Europe,Southern Europe,Western Europe,8453.25925,6557.15979,4017.039322,537.555592,28.47607666,11.247711,0,337.431305,72.88938642,0,0,0,0,0,987.600068,5569.559525,0.000197,1330.95339,0.062151
8,Angola,Africa,Middle Africa,Sub-Saharan Africa,10008413.99,8834930.446,5716495.813,266218.8141,14341.34217,5580.204181,0,167406.1255,65088.79324,0,0,0,0,0,518635.2792,8316295.161,0.00558,515007.9048,0.063059
9,Anguilla,Americas,Caribbean,Central & South America,1343.434817,1062.331764,610.088047,15.006666,0.788947966,0.305044,0,9.15132,3.609714627,0,0,0,0,0,28.861692,1033.470074,-0.000002,84.04099,0.010092
10,Antarctica,Antarctica,,,0,0,0,0,0,0,0,0,0,0,0,0,0,0,0,0,0,0,0
11,Antigua and Barbuda,Americas,Caribbean,Central & South America,114068.1551,98284.22974,58734.80566,1444.731842,76.2537483,29.367402,0,881.022081,387.1664112,0,0,0,0,0,2818.541501,95465.69189,-0.003659,25789.10297,0.063232
12,Argentina,Americas,South America,Central & South America,19086481.86,16269711.99,10725919.35,282701.6638,14599.73179,5771.8891,0,173156.6728,26517.11838,0,0,0,0,0,502747.0759,15766964.9,0.012729,549762.2879,0.007561
13,Armenia,Asia,Western Asia,West Asia & Northern Africa,0,0,0,0,0,0,0,0,0,0,0,0,0,0,0,0,0,0,0
14,Aruba,Americas,Caribbean,Central & South America,0,0,0,0,0,0,0,0,0,0,0,0,0,0,0,0,0,0,0
15,Arunachal Pradesh,Asia,Eastern Asia,East Asia,414979.2047,302593.2269,171105.0142,39739.82413,2224.869734,855.525076,0,25665.75214,14875.22352,0,0,0,0,0,83361.19455,219232.0308,0.001544,19972.81626,0.028741
16,Ashmore and Cartier Islands,Oceania,Australia and New Zealand,Oceania,0,0,0,0,0,0,0,0,0,0,0,0,0,0,0,0,0,0,0
17,Australia,Oceania,Australia and New Zealand,Oceania,15131550.76,12707328.98,9317104.763,0,0,0,0,0,0,0,0,0,0,0,0,12707328.98,0,0,0.01071
18,Austria,Europe,Western Europe,Western Europe,0,0,0,0,0,0,0,0,0,0,0,0,0,0,0,0,0,0,0
19,Azerbaijan,Asia,Western Asia,West Asia & Northern Africa,477818.9173,373668.3211,223246.4019,51849.87029,2818.46674,1116.232017,0,33486.96054,8239.950548,0,0,0,0,0,97511.48011,276156.8407,0.000269,60851.07697,0.002739
20,Bahamas,Americas,Caribbean,Central & South America,0,0,0,0,0,0,0,0,0,0,0,0,0,0,0,0,0,0,0
21,Bahrain,Asia,Western Asia,West Asia & Northern Africa,23525.23764,17074.59021,9346.331909,2170.723022,116.6704102,46.731661,0,1401.94976,169.465301,0,0,0,0,0,3905.540154,13169.04944,0.000617,3554.02725,0.043975
22,Baker Island,Americas,Northern America,North America,0,0,0,0,0,0,0,0,0,0,0,0,0,0,0,0,0,0,0
23,Bangladesh,Asia,Southern Asia,South Asia,0,0,0,0,0,0,0,0,0,0,0,0,0,0,0,0,0,0,0
24,Barbados,Americas,Caribbean,Central & South America,0,0,0,0,0,0,0,0,0,0,0,0,0,0,0,0,0,0,0
25,Bassas da India,Africa,Eastern Africa,Sub-Saharan Africa,0,0,0,0,0,0,0,0,0,0,0,0,0,0,0,0,0,0,0
26,Belarus,Europe,Eastern Europe,Eastern Europe,0,0,0,0,0,0,0,0,0,0,0,0,0,0,0,0,0,0,0
27,Belgium,Europe,Western Europe,Western Europe,0,0,0,0,0,0,0,0,0,0,0,0,0,0,0,0,0,0,0
28,Belize,Americas,Central America,Central & South America,692.114687,578.118187,375.63519,9.239703,0.490230282,0.187818,0,5.634528,2.813973505,0,0,0,0,0,18.366251,559.751933,0.000003,7.59644,0.000134
29,Benin,Africa,Western Africa,Sub-Saharan Africa,1063925.957,933685.9338,610673.1096,15021.0579,782.3497189,305.336559,0,9160.096744,2639.883578,0,0,0,0,0,27908.72449,905777.2078,0.001554,44874.76623,0.01735
30,Bermuda,Americas,Northern America,North America,0,0,0,0,0,0,0,0,0,0,0,0,0,0,0,0,0,0,0
31,Bhutan,Asia,Southern Asia,South Asia,133399.8027,110903.3365,69393.80818,16116.98958,897.8561422,346.969043,0,10409.07128,5441.570104,0,0,0,0,0,33212.45618,77690.8795,0.000784,13332.09153,0.014479
32,Bird Island,Americas,Caribbean,Central & South America,0,0,0,0,0,0,0,0,0,0,0,0,0,0,0,0,0,0,0
33,Bolivia,Americas,South America,Central & South America,3126388.505,2639135.395,1696264.495,193214.5251,10666.02874,4130.99495,0,123929.8484,59864.5526,0,0,0,0,0,391805.9497,2247329.443,0.00205,109178.3198,0.00504
34,Bosnia and Herzegovina,Europe,Southern Europe,Western Europe,120173.7649,101815.331,69519.50198,9303.019778,491.8315941,194.654609,0,5839.638395,1131.779197,0,0,0,0,0,16960.92358,84854.40866,-0.001266,0,0.002558
35,Botswana,Africa,Southern Africa,Sub-Saharan Africa,6054660.444,5368406.404,3490113.163,85848.20782,4397.529879,1745.056613,0,52351.69828,5328.14345,0,0,0,0,0,149670.636,5218735.775,-0.006966,484804.6373,0.077823
36,Bouvet Island,Antarctica,,,0,0,0,0,0,0,0,0,0,0,0,0,0,0,0,0,0,0,0
37,Brazil,Americas,South America,Central & South America,0,0,0,0,0,0,0,0,0,0,0,0,0,0,0,0,0,0,0
38,British Indian Ocean Territory,Africa,Eastern Africa,South Asia,0,0,0,0,0,0,0,0,0,0,0,0,0,0,0,0,0,0,0
39,British Virgin Islands,Americas,Caribbean,Central & South America,9526.038135,7586.815521,4365.641418,107.384049,8.114116073,2.182821,0,65.484623,23.49877611,0,0,0,0,0,188.088638,7398.72702,-0.000137,1002.27477,0.474238
40,Brunei Darussalam,Asia,South-Eastern Asia,East Asia,13974.16124,10847.27425,6980.842457,1621.328608,90.25320979,34.904213,0,1047.126384,538.295982,0,0,0,0,0,3331.9084,7515.365889,-0.000037,241.06475,0.001826
41,Bulgaria,Europe,Eastern Europe,Eastern Europe,0,0,0,0,0,0,0,0,0,0,0,0,0,0,0,0,0,0,0
42,Burkina Faso,Africa,Western Africa,Sub-Saharan Africa,7679547.799,6831227.553,4454561.498,109571.2671,5613.783065,2227.280781,0,66818.42328,6939.697326,0,0,0,0,0,191170.4516,6640057.093,0.008309,485149.9744,0.025767
43,Burundi,Africa,Eastern Africa,Sub-Saharan Africa,498894.8161,438649.1179,273508.0438,11291.47952,613.4444385,235.654583,0,7069.637875,3715.910255,0,0,0,0,0,22926.12665,415722.9851,0.006162,91575.48311,0.033678
44,Cambodia,Asia,South-Eastern Asia,East Asia,4251.615107,3515.378383,2176.398883,505.477339,28.18808759,10.881994,0,326.459835,174.4506509,0,0,0,0,0,1045.457905,2469.920483,-0.000005,86.3646,0.000027
45,Cameroon,Africa,Middle Africa,Sub-Saharan Africa,2378421.554,2123057.708,1354331.024,35983.74513,1906.09566,735.036994,0,22051.10983,9600.714393,0,0,0,0,0,70276.70193,2052781.018,-0.012634,279273.0908,0.021083
46,Canada,Americas,Northern America,North America,117241.1,97721.75458,67919.17893,13990.90928,754.5076201,298.84438,0,8965.331718,1712.900226,0,0,0,0,0,25713.99933,72007.75468,0.00058,0,0.000153
47,Cape Verde,Africa,Western Africa,Sub-Saharan Africa,0,0,0,0,0,0,0,0,0,0,0,0,0,0,0,0,0,0,0
48,Cayman Islands,Americas,Caribbean,Central & South America,2082.094057,1663.17276,959.826515,23.609373,1.80154556,0.479913,0,14.397398,6.24940525,0,0,0,0,0,43.502711,1619.670029,0.00002,184.66293,0.007404
49,Central African Republic,Africa,Middle Africa,Sub-Saharan Africa,13277286.35,11973919.52,7887622.017,194016.1199,10268.27729,3943.811058,0,118314.332,55698.62214,0,0,0,0,0,382241.1624,11591678.36,0.003026,137242.013,0.088747
50,Chad,Africa,Middle Africa,Sub-Saharan Africa,8888412.083,7769806.844,4970281.406,122256.7096,6263.691894,2485.140743,0,74554.22242,7740.723351,0,0,0,0,0,213300.488,7556506.393,-0.036598,1170024.005,0.035282
51,Chile,Americas,South America,Central & South America,0,0,0,0,0,0,0,0,0,0,0,0,0,0,0,0,0,0,0
52,China/India,Asia,Eastern Asia,East Asia,46796.29225,35406.84916,21421.33852,4975.191611,267.8500451,107.106691,0,3213.200776,447.5776171,0,0,0,0,0,9010.926746,26395.92186,0.00055,398.31686,0.171409
53,China,Asia,Eastern Asia,East Asia,220934261.4,164164816.4,97663452.24,22682727.43,1260225.255,488317.261,0,14649517.84,7208262.304,0,0,0,0,0,46289033.94,117875782.4,0.023228,9114209.373,0.021534
54,Christmas Island,Asia,South-Eastern Asia,East Asia,0.089088,0.066804,0.034994,0.008127,0.000457082,0.000175,0,0.005249,0.003315138,0,0,0,0,0,0.017324,0.04948,0,0.00041,0.000042
55,Clipperton Island,Americas,Central America,Central & South America,0,0,0,0,0,0,0,0,0,0,0,0,0,0,0,0,0,0,0
56,Cocos (Keeling) Islands,Asia,South-Eastern Asia,East Asia,0,0,0,0,0,0,0,0,0,0,0,0,0,0,0,0,0,0,0
57,Colombia,Americas,South America,Central & South America,7247419.648,6017479.098,3760089.195,125497.5029,6613.016345,2595.3533,0,77860.59885,20366.53399,0,0,0,0,0,232931.2669,5784547.82,0.010762,1166581.486,0.005451
58,Comoros,Africa,Eastern Africa,Sub-Saharan Africa,185326.0218,155400.6138,99117.7241,2462.318944,130.332869,50.084727,0,1502.541816,700.2424593,0,0,0,0,0,4845.520843,150555.0921,0.000872,42506.54651,0.144786
59,Congo,Africa,Middle Africa,Sub-Saharan Africa,969243.0139,854806.2176,551809.1907,13573.15016,720.9596047,275.904599,0,8277.137966,4241.003063,0,0,0,0,0,27088.15538,827718.0648,-0.002592,14091.76162,0.069516
60,Cook Islands,Oceania,Polynesia,Oceania,0,0,0,0,0,0,0,0,0,0,0,0,0,0,0,0,0,0,0
61,Costa Rica,Americas,Central America,Central & South America,11928.65088,10037.68854,6379.980494,485.238218,26.74751337,10.304523,0,309.135695,162.8147004,0,0,0,0,0,994.225571,9043.462956,0.000012,993.81404,0.00013
62,Croatia,Europe,Southern Europe,Western Europe,0.007446,0.006258,0.004276,0.000572,3.0251E-05,0.000012,0,0.000359,6.95678E-05,0,0,0,0,0,0.001043,0.005215,0,0,0
63,Cuba,Americas,Caribbean,Central & South America,619233.65,519525.4823,330103.2137,8207.949643,432.7525949,166.963413,0,5008.902261,2016.139229,0,0,0,0,0,15830.36583,503695.1092,0.007184,99123.74851,0.003621
64,Cyprus,Asia,Western Asia,West Asia & Northern Africa,0,0,0,0,0,0,0,0,0,0,0,0,0,0,0,0,0,0,0
65,Czech Republic,Europe,Eastern Europe,Eastern Europe,0,0,0,0,0,0,0,0,0,0,0,0,0,0,0,0,0,0,0
66,C?te d'Ivoire,Africa,Western Africa,Sub-Saharan Africa,1274259.194,1128976.839,734650.0317,18070.58578,957.7617027,367.325024,0,11019.75072,5370.151675,0,0,0,0,0,35785.5749,1093191.253,0.011681,41776.80576,0.02123
67,Dem People's Rep of Korea,Asia,Eastern Asia,East Asia,6707345.516,4939298.693,2937039.246,682139.1143,38109.37938,14685.19622,0,440555.8866,244643.69,0,0,0,0,0,1420133.266,3519165.436,-0.008247,346074.1891,0.08525
68,Democratic Republic of the Congo,Africa,Middle Africa,Sub-Saharan Africa,9984200.81,8674660.415,5502645.052,330810.3823,18116.24032,6986.995159,0,209609.8536,105963.4124,0,0,0,0,0,671486.8817,8003173.591,-0.05696,1287837.874,0.233591
69,Denmark,Europe,Northern Europe,Western Europe,3161.731333,2625.441207,1972.67186,254.877627,13.49127504,5.326214,0,159.786429,28.25029,0,0,0,0,0,461.571987,2163.869167,0.000053,0,0.000007
70,Djibouti,Africa,Eastern Africa,Sub-Saharan Africa,1471967.564,1282584.67,827000.8159,20342.18814,1042.096866,413.500415,0,12405.01252,1272.965309,0,0,0,0,0,35475.76324,1247108.91,-0.003594,221453.446,0.140348
71,Dominica,Americas,Caribbean,Central & South America,23842.77028,19744.72968,12315.56494,302.932632,16.09228987,6.157782,0,184.733473,94.85644293,0,0,0,0,0,604.77262,19139.95764,-0.000587,4954.51631,0.041975
72,Dominican Republic,Americas,Caribbean,Central & South America,471279.5003,408240.486,269395.1517,11379.04916,613.8883696,237.688146,0,7130.644399,3119.386033,0,0,0,0,0,22480.65608,385759.8326,-0.002639,33073.37057,0.003135
73,Ecuador,Americas,South America,Central & South America,0,0,0,0,0,0,0,0,0,0,0,0,0,0,0,0,0,0,0
74,South Sudan,Africa,Northern Africa,West Asia & Northern Africa,0,0,0,0,0,0,0,0,0,0,0,0,0,0,0,0,0,0,0
75,El Salvador,Americas,Central America,Central & South America,22159.79292,18184.25504,11863.70663,378.917907,20.37708589,7.819343,0,234.580303,120.5484873,0,0,0,0,0,762.243127,17422.01168,0.000234,1602.02228,0.000345
76,Equatorial Guinea,Africa,Middle Africa,Sub-Saharan Africa,14121.51637,12022.89379,7411.093682,182.619543,10.95791164,3.712586,0,111.377597,38.58128704,0,0,0,0,0,344.094291,11678.79968,-0.00018,2441.38323,0.036454
77,Eritrea,Africa,Eastern Africa,Sub-Saharan Africa,2568840.564,2265795.249,1453695.445,39925.77016,2097.016275,817.179397,0,24515.38185,3815.384417,0,0,0,0,0,71102.38666,2194692.882,-0.020158,277351.9737,0.053056
78,Estonia,Europe,Northern Europe,Western Europe,0,0,0,0,0,0,0,0,0,0,0,0,0,0,0,0,0,0,0
79,Ethiopia,Africa,Eastern Africa,Sub-Saharan Africa,34681393.78,31055205,20266896.29,654669.3688,34332.60049,13517.35864,0,405520.7598,90656.46238,0,0,0,0,0,1198696.55,29856508.37,0.084296,2118139.682,0.040075
80,Europa Island,Africa,Eastern Africa,Sub-Saharan Africa,178582.1091,157140.8438,96396.01563,2371.10498,121.5251236,48.198009,0,1445.940186,155.9622803,0,0,0,0,0,4142.730587,152998.1094,0.003788,0,0
81,Falkland Islands (Malvinas),Americas,South America,Central & South America,271.394625,200.319051,119.353845,22.156812,1.279051674,0.476204,0,14.286115,8.083801878,0,0,0,0,0,45.974492,154.34456,-0.000001,7.54907,0.000075
82,Faroe Islands,Europe,Northern Europe,Western Europe,2946.092998,2448.800993,1900.063069,37.435861,1.927576064,0.760025,0,22.800756,3.888695964,0,0,0,0,0,66.812915,2381.988086,-0.000008,0,0.006145
83,Fiji,Oceania,Melanesia,Oceania,632541.8403,509763.4216,367913.4061,0,0,0,0,0,0,0,0,0,0,0,0,509763.4216,0,0,0.083723
84,Finland,Europe,Northern Europe,Western Europe,22252.90501,18090.95766,14092.95116,4288.1223,235.7962097,94.422777,0,2832.68329,481.2013914,0,0,0,0,0,7932.225971,10158.73143,0.000258,0,0.000175
85,France,Europe,Western Europe,Western Europe,0,0,0,0,0,0,0,0,0,0,0,0,0,0,0,0,0,0,0
86,French Guiana,Americas,South America,Central & South America,4165.06812,3244.027911,1773.426985,43.621945,2.335703768,0.886713,0,26.601405,16.09848839,0,0,0,0,0,89.544256,3154.483654,0.000001,52.44017,0.003449
87,French Polynesia,Oceania,Polynesia,Oceania,0,0,0,0,0,0,0,0,0,0,0,0,0,0,0,0,0,0,0
88,French Southern and Antarctic Territories,Antarctica,,,0,0,0,0,0,0,0,0,0,0,0,0,0,0,0,0,0,0,0
89,Gabon,Africa,Middle Africa,Sub-Saharan Africa,274627.2013,242751.8607,157249.0314,3867.939764,205.3074327,78.624517,0,2358.735505,1189.451861,0,0,0,0,0,7700.059082,235051.8008,0.00086,3755.81347,0.05368
90,Gambia,Africa,Western Africa,Sub-Saharan Africa,198940.5662,172991.2073,107800.166,2651.619181,135.8816321,53.900084,0,1617.002497,171.6937757,0,0,0,0,0,4630.097174,168361.1104,-0.000235,28305.47093,0.019254
91,Gaza Strip,Asia,Western Asia,West Asia & Northern Africa,0,0,0,0,0,0,0,0,0,0,0,0,0,0,0,0,0,0,0
92,Georgia,Asia,Western Asia,West Asia & Northern Africa,0,0,0,0,0,0,0,0,0,0,0,0,0,0,0,0,0,0,0
93,Germany,Europe,Western Europe,Western Europe,164859.6222,134410.6576,103081.2824,31790.37043,1750.440105,700.952723,0,21028.58159,3628.550075,0,0,0,0,0,58898.89489,75511.76309,-0.000357,0,0.000078
94,Ghana,Africa,Western Africa,Sub-Saharan Africa,6703109.63,5908771.595,3839081.027,94431.95937,4970.849802,1919.540542,0,57586.21604,23543.49813,0,0,0,0,0,182452.0637,5726319.532,-0.000688,540791.9701,0.0959
95,Gibraltar,Europe,Southern Europe,Western Europe,0,0,0,0,0,0,0,0,0,0,0,0,0,0,0,0,0,0,0
96,Glorioso Island,Africa,Eastern Africa,Sub-Saharan Africa,180892.6767,158748.875,100644.4531,2475.606201,126.8411942,50.322227,0,1509.66687,157.5582428,0,0,0,0,0,4319.994743,154428.875,0.005257,40172.5625,0
97,Greece,Europe,Southern Europe,Western Europe,0.003841,0.003214,0.002174,0,0,0,0,0,0,0,0,0,0,0,0,0.003214,0,0,0
98,Greenland,Americas,Northern America,North America,0,0,0,0,0,0,0,0,0,0,0,0,0,0,0,0,0,0,0
99,Grenada,Americas,Caribbean,Central & South America,13165.73316,10752.6604,6447.895935,158.602387,8.453165233,3.223948,0,96.718437,53.360075,0,0,0,0,0,320.358013,10432.30212,0.000263,3273.67885,0.044816
100,Guadeloupe,Americas,Caribbean,Central & South America,35149.0998,29517.68032,18234.95451,448.535068,23.7720411,9.117477,0,273.524314,133.184158,0,0,0,0,0,888.13306,28629.54652,0.000744,5470.91376,0.013579
101,Guam,Oceania,Micronesia,Oceania,0,0,0,0,0,0,0,0,0,0,0,0,0,0,0,0,0,0,0
102,Abyei,Africa,Northern Africa,West Asia & Northern Africa,0,0,0,0,0,0,0,0,0,0,0,0,0,0,0,0,0,0,0
103,Guatemala,Americas,Central America,Central & South America,251211.7065,209066.2885,131237.5905,25318.41144,1410.035438,544.32436,0,16329.73083,8687.044909,0,0,0,0,0,52289.54694,156776.7418,-0.000206,12318.47836,0.001098
104,Guernsey,Europe,Northern Europe,Western Europe,567.280257,436.554459,235.799955,44.387588,2.387145638,0.9432,0,28.295998,6.932485223,0,0,0,0,0,82.946416,353.608044,-0.000001,10.46803,0.008237
105,Guinea-Bissau,Africa,Western Africa,Sub-Saharan Africa,5839.41295,5162.701238,3338.209142,82.111748,4.206476829,1.669105,0,50.07314,5.141900497,0,0,0,0,0,143.20237,5019.498932,-0.000065,219.97279,0.000339
106,Guinea,Africa,Western Africa,Sub-Saharan Africa,1942271.999,1715410.255,1105183.286,27184.79336,1420.798373,552.591652,0,16577.74968,5428.468506,0,0,0,0,0,51164.40162,1664245.861,-0.007542,116701.3001,0.011933
107,Guyana,Americas,South America,Central & South America,278352.0639,225759.9371,133358.7644,3364.946882,179.7006921,68.513761,0,2055.412826,1149.157307,0,0,0,0,0,6817.731465,218942.2058,-0.000102,4323.38374,0.016798
108,Haiti,Americas,Caribbean,Central & South America,127537.219,109172.6833,70263.10433,2585.817408,139.2535082,53.714311,0,1611.429349,755.029989,0,0,0,0,0,5145.244563,104027.4393,-0.000636,20920.06814,0.002059
109,Heard Island and McDonald Islands,Antarctica,,,0,0,0,0,0,0,0,0,0,0,0,0,0,0,0,0,0,0,0
110,Holy See,Europe,Southern Europe,Western Europe,0,0,0,0,0,0,0,0,0,0,0,0,0,0,0,0,0,0,0
111,Honduras,Americas,Central America,Central & South America,60833.63403,50974.6603,32691.04973,1500.700974,83.0402642,31.440729,0,943.22188,465.9356978,0,0,0,0,0,3014.555825,47960.10413,0.000351,6099.88065,0.000373
112,Howland Island,Americas,Northern America,North America,0,0,0,0,0,0,0,0,0,0,0,0,0,0,0,0,0,0,0
113,Hungary,Europe,Eastern Europe,Eastern Europe,16753.82168,13371.4621,9166.045562,2521.081936,137.8648893,54.996276,0,1649.888296,318.5082355,0,0,0,0,0,4682.339633,8689.122202,0.000266,0,0.000138
114,Iceland,Europe,Northern Europe,Western Europe,3796.025425,3144.184097,2416.098581,598.109884,30.42779957,9.947078,0,298.412328,61.78793291,0,0,0,0,0,998.685021,2145.499014,0.000062,0,0.000415
115,India,Asia,Southern Asia,South Asia,24530825.99,20421223.04,12074209.83,2804283.531,152445.2519,60371.04916,0,1811131.476,444403.3986,0,0,0,0,0,5272509.903,15148713.13,0.006974,5623778.16,0.002459
116,Indonesia,Asia,South-Eastern Asia,East Asia,1015813.13,775847.4816,444507.4235,103238.6272,5779.574448,2222.537126,0,66676.11361,37526.78229,0,0,0,0,0,215393.509,560453.9751,-0.002447,77469.16521,0.000834
117,Iran  (Islamic Republic of),Asia,Southern Asia,South Asia,15491811.74,12939629.75,7950847.222,1846616.072,99165.07472,39754.23617,0,1192627.084,132828.8781,0,0,0,0,0,3310990.936,9628638.805,0.010501,657519.2664,0.016152
118,Iraq,Asia,Western Asia,West Asia & Northern Africa,0,0,0,0,0,0,0,0,0,0,0,0,0,0,0,0,0,0,0
119,Ireland,Europe,Northern Europe,Western Europe,44367.06638,37410.83193,29381.52525,0,0,0,0,0,0,0,0,0,0,0,0,37410.83193,0,0,0.00011
120,Isle of Man,Europe,Northern Europe,Western Europe,537.384208,432.221565,280.829616,5.533026,0.285739502,0.112332,0,3.369955,0.686367828,0,0,0,0,0,9.98742,422.234137,0.000008,104.92406,0.000536
121,Israel,Asia,Western Asia,West Asia & Northern Africa,0,0,0,0,0,0,0,0,0,0,0,0,0,0,0,0,0,0,0
122,Italy,Europe,Southern Europe,Western Europe,0,0,0,0,0,0,0,0,0,0,0,0,0,0,0,0,0,0,0
123,Jamaica,Americas,Caribbean,Central & South America,0,0,0,0,0,0,0,0,0,0,0,0,0,0,0,0,0,0,0
126,Japan,Asia,Eastern Asia,East Asia,27513.40651,21415.92348,13771.61111,338.747791,17.36075942,6.885806,0,206.574169,21.26367419,0,0,0,0,0,590.816996,20825.10677,-0.000292,0,0.00005
127,Jarvis Island,Americas,Northern America,North America,0,0,0,0,0,0,0,0,0,0,0,0,0,0,0,0,0,0,0
128,Jersey,Europe,Northern Europe,Western Europe,0,0,0,0,0,0,0,0,0,0,0,0,0,0,0,0,0,0,0
129,Johnston Atoll,Americas,Northern America,North America,0,0,0,0,0,0,0,0,0,0,0,0,0,0,0,0,0,0,0
130,Jordan,Asia,Western Asia,West Asia & Northern Africa,0,0,0,0,0,0,0,0,0,0,0,0,0,0,0,0,0,0,0
131,Juan de Nova Island,Africa,Eastern Africa,Sub-Saharan Africa,0,0,0,0,0,0,0,0,0,0,0,0,0,0,0,0,0,0,0
132,Kazakhstan,Asia,Central Asia,West Asia & Northern Africa,6138534.689,5015958.064,2967386.278,689187.3321,38516.43536,14836.9314,0,445107.9419,248917.7144,0,0,0,0,0,1436565.46,3579392.611,-0.005838,439165.8759,0.014205
133,Kenya,Africa,Eastern Africa,Sub-Saharan Africa,49389176.18,44206758.99,28865005,1236689.838,66066.43423,25845.9084,0,775377.252,249157.2948,0,0,0,0,0,2353136.728,41853622.25,0.006409,2855387.722,0.094449
134,Kingman Reef,Americas,Northern America,North America,0,0,0,0,0,0,0,0,0,0,0,0,0,0,0,0,0,0,0
135,Kiribati,Oceania,Micronesia,Oceania,99321.87908,80043.1787,57769.85799,0,0,0,0,0,0,0,0,0,0,0,0,80043.1787,0,0,0
136,Kuril islands,Asia,Eastern Asia,East Asia,2864.848734,1998.77729,1145.385342,266.020329,14.86341737,5.726927,0,171.807803,95.6094832,0,0,0,0,0,554.027958,1444.749338,-0.000006,12.1193,0.008881
137,Kuwait,Asia,Western Asia,West Asia & Northern Africa,381983.8411,302169.213,188043.5159,43673.86087,2344.2479,940.217537,0,28206.52671,2999.029566,0,0,0,0,0,78163.88253,224005.3299,0.00055,0,0.045769
138,Kyrgyzstan,Asia,Central Asia,West Asia & Northern Africa,2026396.354,1679239.741,1035306.044,240453.9693,13311.05183,5176.530226,0,155295.9063,70025.95547,0,0,0,0,0,484263.4131,1194976.326,0.001956,154099.0125,0.020025
139,Lao People's Democratic Republic,Asia,South-Eastern Asia,East Asia,899829.2922,750343.3278,476723.9063,110721.034,6167.01211,2383.619527,0,71508.58586,37235.78764,0,0,0,0,0,228016.0391,522327.2894,-0.000674,19834.32642,0.005296
140,Latvia,Europe,Northern Europe,Western Europe,0,0,0,0,0,0,0,0,0,0,0,0,0,0,0,0,0,0,0
141,Lebanon,Asia,Western Asia,West Asia & Northern Africa,0,0,0,0,0,0,0,0,0,0,0,0,0,0,0,0,0,0,0
142,Lesotho,Africa,Southern Africa,Sub-Saharan Africa,2964884.411,2561598.788,1633232.556,379324.7941,21124.4888,8166.162845,0,244984.8816,127119.3389,0,0,0,0,0,780719.6662,1780879.112,0.010287,63369.33842,0.110045
144,Liberia,Africa,Western Africa,Sub-Saharan Africa,114890.7103,99226.4984,64236.242,1580.053712,83.41020587,32.118122,0,963.543663,425.2958165,0,0,0,0,0,3084.42152,96142.07511,0.001769,8524.2412,0.020598
145,Libya,Africa,Northern Africa,West Asia & Northern Africa,2269384.929,1791220.87,1077000.694,250137.7195,13430.99216,5385.003475,0,161550.1043,17777.86719,0,0,0,0,0,448281.6867,1342939.191,-0.008107,203811.7042,0.049402
146,Liechtenstein,Europe,Western Europe,Western Europe,2001.405642,1643.416748,1252.228989,360.197956,19.72705412,7.889043,0,236.671291,41.10349131,0,0,0,0,0,665.588839,977.827744,0.000165,0,0.003708
147,Lithuania,Europe,Northern Europe,Western Europe,0,0,0,0,0,0,0,0,0,0,0,0,0,0,0,0,0,0,0
148,Luxembourg,Europe,Western Europe,Western Europe,1692.484567,1401.117506,1071.746374,201.748281,10.77996644,4.286986,0,128.609566,22.24974465,0,0,0,0,0,367.674544,1033.44293,0.000032,0,0.000112
149,Macau,Asia,Eastern Asia,East Asia,0,0,0,0,0,0,0,0,0,0,0,0,0,0,0,0,0,0,0
150,Madagascar,Africa,Eastern Africa,Sub-Saharan Africa,3608365.987,3219373.615,2070383.875,52362.45345,2701.707226,1066.312773,0,31989.38324,4715.389951,0,0,0,0,0,92824.31232,3126549.321,-0.018144,288464.4043,0.015929
151,Madeira Islands,Europe,Southern Europe,Western Europe,0,0,0,0,0,0,0,0,0,0,0,0,0,0,0,0,0,0,0
152,Malawi,Africa,Eastern Africa,Sub-Saharan Africa,7956915.282,6943780.426,4393613.22,109901.2135,5728.980876,2236.444495,0,67093.33499,19317.8457,0,0,0,0,0,204277.8197,6739502.702,-0.0957,1626186.473,0.097341
153,Malaysia,Asia,South-Eastern Asia,East Asia,648759.6841,535538.5818,339478.5716,78845.25621,4391.309542,1697.392856,0,50921.78541,26449.83792,0,0,0,0,0,162303.6275,373234.9536,0.000751,18455.46488,0.00371
154,Maldives,Asia,Southern Asia,South Asia,0,0,0,0,1.935068451,0,0,0,4.645978898,0,0,0,0,0,0,0,0,0,0
155,Mali,Africa,Western Africa,Sub-Saharan Africa,0,0,0,0,0,0,0,0,0,0,0,0,0,0,0,0,0,0,0
156,Malta,Europe,Southern Europe,Western Europe,0,0,0,0,0,0,0,0,0,0,0,0,0,0,0,0,0,0,0
157,Marshall Islands,Oceania,Micronesia,Oceania,0,0,0,0,0,0,0,0,0,0,0,0,0,0,0,0,0,0,0
158,Martinique,Americas,Caribbean,Central & South America,1092.357749,875.998001,518.020531,12.742032,0.679577813,0.25901,0,7.770308,4.347140074,0,0,0,0,0,25.798068,850.199936,-0.000003,223.72721,0.001255
159,Mauritania,Africa,Western Africa,Sub-Saharan Africa,5567477.429,4823210.904,2998962.458,73767.10794,3780.258903,1499.481277,0,44984.43816,4787.036921,0,0,0,0,0,128818.3232,4694392.628,-0.047392,523558.8753,0.061291
160,Mauritius,Africa,Eastern Africa,Sub-Saharan Africa,0,0,0,0,0,0,0,0,0,0,0,0,0,0,0,0,0,0,0
161,Mayotte,Africa,Eastern Africa,Sub-Saharan Africa,26025.83243,21844.98798,13721.01184,337.503194,17.81736568,6.860506,0,205.815185,90.94340229,0,0,0,0,0,658.939655,21186.04779,0.00053,3428.94511,0.128024
162,Mexico,Americas,Central America,Central & South America,21276924.5,17572930.45,11455625.11,1128005.975,62067.54761,24065.8692,0,721976.0747,336366.1023,0,0,0,0,0,2272481.567,15300448.87,0.011767,1104263.191,0.017277
163,Micronesia (Federated States of),Oceania,Micronesia,Oceania,19671.51466,15853.20985,11441.79478,0,0,0,0,0,0,0,0,0,0,0,0,15853.20985,0,0,0
164,Midway Island,Americas,Northern America,North America,0,0,0,0,0,0,0,0,0,0,0,0,0,0,0,0,0,0,0
165,"Moldova, Republic of",Europe,Eastern Europe,Eastern Europe,0,0,0,0,0,0,0,0,0,0,0,0,0,0,0,0,0,0,0
166,Monaco,Europe,Western Europe,Western Europe,0,0,0,0,0,0,0,0,0,0,0,0,0,0,0,0,0,0,0
167,Mongolia,Asia,Eastern Asia,East Asia,22332576.28,17229031.75,10580011.34,2457249.949,137081.7069,52900.05663,0,1587001.7,854990.7003,0,0,0,0,0,5089224.113,12139807.62,0.018725,343095.3895,0.125013
168,Montserrat,Americas,Caribbean,Central & South America,22179.63761,18868.15137,11372.30225,279.73069,14.80678844,5.686152,0,170.584557,80.58085704,0,0,0,0,0,551.389045,18316.76172,0.000603,4681.72766,0.084056
169,Morocco,Africa,Northern Africa,West Asia & Northern Africa,845451.8083,716894.3264,436405.5164,101356.9272,5452.352731,2182.027555,0,65460.82708,8534.195366,0,0,0,0,0,182986.3296,533907.9816,0.015175,51322.00642,0.003045
170,Mozambique,Africa,Eastern Africa,Sub-Saharan Africa,10061833.42,8977088.179,5853355.787,147344.8957,7611.034644,2999.636271,0,89989.08809,16333.8838,0,0,0,0,0,264278.5385,8712809.633,0.007154,221402.3418,0.178336
171,Myanmar,Asia,South-Eastern Asia,East Asia,652828.4447,540116.7525,330670.9908,76799.66039,4271.552243,1653.354953,0,49600.64864,24721.47455,0,0,0,0,0,157028.5516,383088.2013,-0.000369,37085.04172,0.000922
172,Namibia,Africa,Southern Africa,Sub-Saharan Africa,7934480.165,6900546.604,4458213.473,109868.8165,5629.326298,2233.60812,0,67008.24388,6924.214141,0,0,0,0,0,191664.2089,6708882.379,0.016067,628441.8548,0.097653
173,Nauru,Oceania,Micronesia,Oceania,0,0,0,0,0,0,0,0,0,0,0,0,0,0,0,0,0,0,0
174,Navassa Island,Americas,Northern America,North America,0,0,0,0,0,0,0,0,0,0,0,0,0,0,0,0,0,0,0
175,Nepal,Asia,Southern Asia,South Asia,5692221.689,4796454.164,3042570.32,706649.1264,39130.06119,15212.85156,0,456385.55,207298.5654,0,0,0,0,0,1424676.156,3371778.03,-0.020889,839249.7157,0.014051
176,Netherlands Antilles,Americas,Caribbean,Central & South America,15907.61745,12651.54395,7272.031967,178.874121,11.33846088,3.636016,0,109.080479,20.09145045,0,0,0,0,0,317.276499,12334.26721,0.000235,1513.22773,0.149807
177,Netherlands,Europe,Western Europe,Western Europe,0,0,0,0,0,0,0,0,0,0,0,0,0,0,0,0,0,0,0
178,New Caledonia,Oceania,Melanesia,Oceania,24997.99304,20145.79932,14539.90051,0,0,0,0,0,0,0,0,0,0,0,0,20145.79932,0,0,0.050461
179,New Zealand,Oceania,Australia and New Zealand,Oceania,380019.1843,319806.0956,234518.8644,0,0,0,0,0,0,0,0,0,0,0,0,319806.0956,0,0,0.000514
180,Nicaragua,Americas,Central America,Central & South America,12685.35509,10690.75574,6970.944807,221.318667,11.88730077,4.565754,0,136.972629,68.84639927,0,0,0,0,0,443.590751,10247.16502,-0.000029,905.31396,0.000064
181,Niger,Africa,Western Africa,Sub-Saharan Africa,1636662.645,1425281.981,907626.5201,22325.38202,1143.825054,453.813265,0,13614.39791,1414.592389,0,0,0,0,0,38952.01063,1386329.969,0.001102,213710.1354,0.005246
182,Nigeria,Africa,Western Africa,Sub-Saharan Africa,20541818.52,17924038.48,11224791.37,281387.6356,14677.53043,5726.931421,0,171807.9429,50467.72968,0,0,0,0,0,524067.7702,17399970.88,-0.174897,2026154.271,0.031227
183,Niue,Oceania,Polynesia,Oceania,0,0,0,0,0,0,0,0,0,0,0,0,0,0,0,0,0,0,0
184,Norfolk Island,Oceania,Australia and New Zealand,Oceania,0,0,0,0,0,0,0,0,0,0,0,0,0,0,0,0,0,0,0
185,Northern Mariana Islands,Oceania,Micronesia,Oceania,0,0,0,0,0,0,0,0,0,0,0,0,0,0,0,0,0,0,0
186,Norway,Europe,Northern Europe,Western Europe,0,0,0,0,0,0,0,0,0,0,0,0,0,0,0,0,0,0,0
187,Oman,Asia,Western Asia,West Asia & Northern Africa,0,0,0,0,0,0,0,0,0,0,0,0,0,0,0,0,0,0,0
188,Pakistan,Asia,Southern Asia,South Asia,45849995.17,37866349.78,22657829.28,5262371.496,283877.849,113289.1466,0,3398674.398,548427.5049,0,0,0,0,0,9606640.397,28259709.3,0.085617,8720447.599,0.015404
189,Palau,Oceania,Micronesia,Oceania,0,0,0,0,0,0,0,0,0,0,0,0,0,0,0,0,0,0,0
190,Palmyra Atoll,Americas,Northern America,North America,0,0,0,0,0,0,0,0,0,0,0,0,0,0,0,0,0,0,0
191,Panama,Americas,Central America,Central & South America,15767.21541,12853.51208,7876.847464,319.124966,17.31654495,6.655327,0,199.659804,103.2808003,0,0,0,0,0,646.03311,12207.47905,-0.000082,2036.94007,0.000147
192,Papua New Guinea,Oceania,Melanesia,Oceania,0,0,0,0,0,0,0,0,0,0,0,0,0,0,0,0,0,0,0
193,Paracel Islands,Asia,South-Eastern Asia,East Asia,0,0,0,0,0.023680244,0,0,0,0.03653197,0,0,0,0,0,0,0,0,0,0
194,Paraguay,Americas,South America,Central & South America,449604.0777,376333.7818,245881.978,6048.092475,313.1271126,122.940991,0,3688.229727,814.2849998,0,0,0,0,0,10986.67531,365347.1064,0.000067,19166.52418,0.000506
195,Peru,Americas,South America,Central & South America,4016080.973,3303107.492,2073375.365,233430.906,12888.39121,4990.041034,0,149701.231,72839.07465,0,0,0,0,0,473849.644,2829257.852,-0.004077,260533.4874,0.012234
196,Philippines,Asia,South-Eastern Asia,East Asia,1340040.94,1073328.595,658806.2185,153010.3805,8551.545809,3294.03111,0,98820.93289,51962.15071,0,0,0,0,0,315455.7045,757872.8966,-0.00612,106227.6875,0.003574
197,Pitcairn,Oceania,Polynesia,Oceania,0,0,0,0,0,0,0,0,0,0,0,0,0,0,0,0,0,0,0
198,Poland,Europe,Eastern Europe,Eastern Europe,0,0,0,0,0,0,0,0,0,0,0,0,0,0,0,0,0,0,0
199,Portugal,Europe,Southern Europe,Western Europe,1318914.258,1121463.681,769989.9362,74350.7221,3898.264891,1539.9799,0,46199.39789,8904.421779,0,0,0,0,0,134892.7865,986570.8892,0.005577,0,0.010525
200,Puerto Rico,Americas,Caribbean,Central & South America,3198.127964,2698.436063,1611.126306,39.629747,2.104311156,0.805563,0,24.166895,12.29170455,0,0,0,0,0,78.998221,2619.437882,-0.00004,627.05896,0.000164
201,Qatar,Asia,Western Asia,West Asia & Northern Africa,0,0,0,0,0,0,0,0,0,0,0,0,0,0,0,0,0,0,0
202,Republic of Korea,Asia,Eastern Asia,East Asia,106317.6437,83085.2089,53545.96375,12436.26394,691.8225369,267.729811,0,8031.894537,4065.927039,0,0,0,0,0,25493.59454,57591.61367,0.000687,0,0.000265
203,Romania,Europe,Eastern Europe,Eastern Europe,1269856.422,1029071.073,707851.5601,27754.64552,1437.610073,566.281227,0,16988.43726,3268.329618,0,0,0,0,0,50015.3038,979055.7566,0.012878,0,0.005474
204,Russian Federation,Europe,Eastern Europe,Russian Federation,496035.3805,386773.6482,261155.8842,95294.30767,5552.007502,2141.4782,0,64244.34579,13089.66572,0,0,0,0,0,179611.8323,207161.8169,-0.000995,0,0.000221
205,Rwanda,Africa,Eastern Africa,Sub-Saharan Africa,142998.6792,121948.443,79671.40677,15618.85247,868.0347098,335.834666,0,10075.03956,5107.960011,0,0,0,0,0,32005.72145,89942.71694,0.004572,21385.34109,0.002685
206,R?union,Africa,Eastern Africa,Sub-Saharan Africa,0,0,0,0,0,0,0,0,0,0,0,0,0,0,0,0,0,0,0
207,Saint Helena,Africa,Western Africa,Sub-Saharan Africa,1725.238458,1372.319345,820.512826,20.182599,1.034684024,0.410256,0,12.307692,1.363899317,0,0,0,0,0,35.299131,1337.020274,-0.00006,30.95666,0.059645
208,Saint Kitts and Nevis,Americas,Caribbean,Central & South America,11187.24429,8985.307983,5291.511963,130.158188,6.831830263,2.645756,0,79.37268,29.85297358,0,0,0,0,0,248.861429,8736.447021,-0.000467,2212.47896,0.037947
209,Saint Lucia,Americas,Caribbean,Central & South America,11811.83438,9639.810425,5740.456573,141.201122,7.528223366,2.870228,0,86.106846,47.8375597,0,0,0,0,0,285.54398,9354.266296,0.000149,2358.66424,0.014153
210,Saint Pierre et Miquelon,Americas,Northern America,Oceania,0,0,0,0,0,0,0,0,0,0,0,0,0,0,0,0,0,0,0
211,Saint Vincent and the Grenadines,Americas,Caribbean,Central & South America,8305.418292,6793.79541,4068.787079,100.082165,5.334485427,2.034394,0,61.031806,33.71421033,0,0,0,0,0,202.197059,6591.597855,0.000497,1987.23983,0.02098
212,Samoa,Oceania,Polynesia,Oceania,0,0,0,0,0,0,0,0,0,0,0,0,0,0,0,0,0,0,0
213,San Marino,Europe,Southern Europe,Western Europe,0,0,0,0,0,0,0,0,0,0,0,0,0,0,0,0,0,0,0
214,Sao Tome and Principe,Africa,Middle Africa,Sub-Saharan Africa,7312.82937,6320.288845,3893.491372,95.770326,5.091474135,1.946746,0,58.402374,30.5168355,0,0,0,0,0,191.727756,6128.560647,0.000442,1589.92675,0.011243
215,Saudi Arabia,Asia,Western Asia,West Asia & Northern Africa,0,0,0,0,0,0,0,0,0,0,0,0,0,0,0,0,0,0,0
216,Scarborough Reef,Asia,South-Eastern Asia,East Asia,0,0,0,0,0,0,0,0,0,0,0,0,0,0,0,0,0,0,0
217,Senegal,Africa,Western Africa,Sub-Saharan Africa,2579898.169,2279481.479,1471630.743,36198.49988,1854.368286,735.815375,0,22074.46125,2262.385403,0,0,0,0,0,63125.53022,2216355.963,-0.014227,249224.6344,0.017923
218,Senkaku Islands,Asia,Eastern Asia,East Asia,0,0,0,0,0,0,0,0,0,0,0,0,0,0,0,0,0,0,0
220,Seychelles,Africa,Eastern Africa,Sub-Saharan Africa,22.86733,19.213429,12.309169,0.302775,0.015511606,0.006155,0,0.184638,0.019069327,0,0,0,0,0,0.528148,18.68528,0,3.3066,0.001462
221,Sierra Leone,Africa,Western Africa,Sub-Saharan Africa,902716.6995,789191.5403,491868.8341,12098.76474,639.8192375,245.934417,0,7378.032523,3406.346762,0,0,0,0,0,23768.89772,765422.6294,0.013169,126633.9557,0.047319
222,Singapore,Asia,South-Eastern Asia,East Asia,282.607897,222.696381,142.130386,33.010353,1.838252902,0.710652,0,21.319559,11.05130672,0,0,0,0,0,67.930124,154.766251,0.000006,1.30891,0.000069
223,Slovakia,Europe,Eastern Europe,Eastern Europe,0,0,0,0,0,0,0,0,0,0,0,0,0,0,0,0,0,0,0
224,Slovenia,Europe,Southern Europe,Western Europe,88994.33024,74948.5457,51019.40563,12730.21213,691.7392723,275.504808,0,8265.14421,1606.74704,0,0,0,0,0,23569.34745,51379.19686,0.001389,0,0.002477
225,Solomon Islands,Oceania,Melanesia,Oceania,989631.5977,797540.908,575612.1044,0,0,0,0,0,0,0,0,0,0,0,0,797540.908,0,0,0.262394
226,Somalia,Africa,Eastern Africa,Sub-Saharan Africa,0,0,0,0,0,0,0,0,0,0,0,0,0,0,0,0,0,0,0
227,South Africa,Africa,Southern Africa,Sub-Saharan Africa,19543512.45,17131438.18,11033177.57,560181.3684,30253.4753,11774.83588,0,353245.074,138342.0407,0,0,0,0,0,1093796.794,16037641.46,-0.065795,1800705.201,0.028098
228,South Georgia and the South Sandwich Islands,Antarctica,,,0,0,0,0,0,0,0,0,0,0,0,0,0,0,0,0,0,0,0
229,Spain,Europe,Southern Europe,Western Europe,1690737.001,1434663.4,974275.8828,130376.4809,6893.391041,2727.972493,0,81839.17615,15947.71899,0,0,0,0,0,237784.739,1196878.674,-0.012806,0,0.002422
230,Spratly Islands,Asia,South-Eastern Asia,East Asia,0,0,0,0,0.004834715,0,0,0,0.007460421,0,0,0,0,0,0,0,0,0,0
231,Sri Lanka,Asia,Southern Asia,South Asia,0,0,0,0,0,0,0,0,0,0,0,0,0,0,0,0,0,0,0
233,Suriname,Americas,South America,Central & South America,17775.61626,13869.05633,8295.048359,204.037807,10.87612606,4.147524,0,124.425728,68.82519224,0,0,0,0,0,412.312377,13456.74398,-0.000034,141.89948,0.004132
234,Svalbard and Jan Mayen Islands,Europe,Northern Europe,Western Europe,0,0,0,0,0,0,0,0,0,0,0,0,0,0,0,0,0,0,0
235,Swaziland,Africa,Southern Africa,Sub-Saharan Africa,1075184.802,946302.1365,614811.5419,38990.53152,2125.274964,824.628077,0,24738.84225,10874.50125,0,0,0,0,0,77553.77792,868748.3553,0.003205,39621.70546,0.055549
236,Sweden,Europe,Northern Europe,Western Europe,824.229385,676.943037,514.271389,96.807762,5.173260447,2.057086,0,61.712569,10.74985577,0,0,0,0,0,176.500533,500.442495,0.000009,0,0.000006
237,Switzerland,Europe,Western Europe,Western Europe,0.013486,0.010446,0.007835,0.002797,0.000156126,0.000063,0,0.00188,0.00033176,0,0,0,0,0,0.005228,0.005218,0,0,0
238,Syrian Arab Republic,Asia,Western Asia,West Asia & Northern Africa,0,0,0,0,0,0,0,0,0,0,0,0,0,0,0,0,0,0,0
239,Tajikistan,Asia,Central Asia,West Asia & Northern Africa,3444901.208,2852188.156,1748340.514,406059.0765,21898.5021,8741.702561,0,262251.0763,41485.18553,0,0,0,0,0,740435.5429,2111752.605,0.008076,451161.386,0.028046
240,Thailand,Asia,South-Eastern Asia,East Asia,137869.3012,115029.6771,72528.11891,16844.94564,936.8996277,362.640593,0,10879.21788,5312.008077,0,0,0,0,0,34325.59921,80704.07729,0.000566,2914.16845,0.000173
241,The former Yugoslav Republic of Macedonia,Europe,Southern Europe,Western Europe,0,0,0,0,0,0,0,0,0,0,0,0,0,0,0,0,0,0,0
242,Timor-Leste,Asia,South-Eastern Asia,East Asia,6273.693314,4932.870285,3023.470901,702.213191,39.17759609,15.117354,0,453.520623,244.7936959,0,0,0,0,0,1454.82246,3478.048,-0.000175,1245.4786,0.00062
243,Togo,Africa,Western Africa,Sub-Saharan Africa,1090344.78,958853.0767,626780.8826,15417.26941,811.9722031,313.390447,0,9401.713376,3898.714649,0,0,0,0,0,29843.06009,929010.0197,-0.003105,14412.73934,0.041837
244,Tokelau,Oceania,Polynesia,Oceania,0,0,0,0,0,0,0,0,0,0,0,0,0,0,0,0,0,0,0
245,Tonga,Oceania,Polynesia,Oceania,0,0,0,0,0,0,0,0,0,0,0,0,0,0,0,0,0,0,0
246,Trinidad and Tobago,Americas,Caribbean,Central & South America,11547.09079,9579.109167,6033.566509,148.410907,7.891883185,3.016783,0,90.503499,47.53632925,0,0,0,0,0,297.359402,9281.749973,-0.000208,717.07936,0.000823
247,Tromelin Island,Africa,Eastern Africa,Sub-Saharan Africa,0,0,0,0,0,0,0,0,0,0,0,0,0,0,0,0,0,0,0
248,Tunisia,Africa,Northern Africa,West Asia & Northern Africa,172298.0457,141473.7997,86939.05844,20191.94406,1087.621633,434.695295,0,13040.85866,1888.662943,0,0,0,0,0,36643.78261,104830.0178,-0.000775,27981.25265,0.002072
249,Turkey,Asia,Western Asia,West Asia & Northern Africa,0,0,0,0,0,0,0,0,0,0,0,0,0,0,0,0,0,0,0
250,Turkmenistan,Asia,Central Asia,West Asia & Northern Africa,8434262.99,6812804.404,3894804.481,904583.9198,49682.0875,19474.02239,0,584220.6715,211314.0228,0,0,0,0,0,1769274.724,5043529.679,0.000636,1524095.519,0.044318
251,Turks and Caicos islands,Americas,Caribbean,Central & South America,3156.186339,2510.834007,1449.923821,35.664563,2.023141235,0.724962,0,21.748857,6.037773736,0,0,0,0,0,65.797505,2445.036438,0.000065,337.44289,0.01904
252,Tuvalu,Oceania,Polynesia,Oceania,0,0,0,0,0,0,0,0,0,0,0,0,0,0,0,0,0,0,0
253,Uganda,Africa,Eastern Africa,Sub-Saharan Africa,10428662.62,9175580.92,5676651.896,185365.221,9983.504121,3829.39018,0,114881.7049,59860.70591,0,0,0,0,0,373920.5252,8801660.544,-0.149823,770111.2193,0.016628
254,Ukraine,Europe,Eastern Europe,Eastern Europe,0,0,0,0,0,0,0,0,0,0,0,0,0,0,0,0,0,0,0
255,United Arab Emirates,Asia,Western Asia,West Asia & Northern Africa,1702352.406,1274134.4,731946.4907,169997.4998,9134.050858,3659.73246,0,109791.9735,12648.59863,0,0,0,0,0,305227.1612,968907.2393,-0.00079,332178.5565,0.081665
256,U.K. of Great Britain and Northern Ireland,Europe,Northern Europe,Western Europe,120653.5273,101107.8902,77969.18792,1536.182459,79.17940738,31.187674,0,935.630256,160.7090521,0,0,0,0,0,2742.665354,98365.22463,0.000263,0,0.000152
257,United Republic of Tanzania,Africa,Eastern Africa,Sub-Saharan Africa,10104977.94,8909998.345,5653648.168,211525.1198,11353.73017,4397.045958,0,131911.3789,55979.77654,0,0,0,0,0,415167.0517,8494831.258,0.035186,1249384.483,0.017637
258,United States Virgin Islands,Americas,Caribbean,Central & South America,7315.870693,5954.386963,3492.20311,85.899616,4.446415685,1.746102,0,52.383048,11.45207813,0,0,0,0,0,155.92726,5798.459961,-0.000258,1055.65911,0.035065
259,United States of America,Americas,Northern America,North America,9085036.111,7669223.519,5359816.147,1244838.711,67373.17159,26799.08108,0,803972.4239,152348.3751,0,0,0,0,0,2295166.976,5374056.518,0.025406,0,0.001014
260,Uruguay,Americas,South America,Central & South America,46792.34942,39308.1473,24637.10379,606.012205,32.23249426,12.318552,0,369.55657,195.0666786,0,0,0,0,0,1215.186502,38092.96016,0.00064,6903.54954,0.000067
261,Uzbekistan,Asia,Central Asia,West Asia & Northern Africa,0,0,0,0,0,0,0,0,0,0,0,0,0,0,0,0,0,0,0
262,Vanuatu,Oceania,Melanesia,Oceania,63079.02227,50835.18056,36689.46146,0,0,0,0,0,0,0,0,0,0,0,0,50835.18056,0,0,0.006671
263,Venezuela,Americas,South America,Central & South America,4994856.506,4180816.874,2693589.183,71128.57198,3689.360376,1452.392269,0,43571.768,8520.189946,0,0,0,0,0,128358.3008,4052458.549,0.024312,464897.7769,0.004522
264,Viet Nam,Asia,South-Eastern Asia,East Asia,1336546.738,1096261.99,667615.956,155056.4788,8653.420397,3338.079804,0,100142.3952,54296.20049,0,0,0,0,0,321482.3618,774779.643,-0.014322,71285.46152,0.002775
265,Wake Island,Oceania,Micronesia,Oceania,0,0,0,0,0,0,0,0,0,0,0,0,0,0,0,0,0,0,0
266,Wallis and Futuna,Oceania,Polynesia,Oceania,0,0,0,0,0,0,0,0,0,0,0,0,0,0,0,0,0,0,0
267,West Bank,Asia,Western Asia,West Asia & Northern Africa,0,0,0,0,0,0,0,0,0,0,0,0,0,0,0,0,0,0,0
268,Western Sahara,Africa,Northern Africa,West Asia & Northern Africa,0,0,0,0,0,0,0,0,0,0,0,0,0,0,0,0,0,0,0
269,Yemen,Asia,Western Asia,West Asia & Northern Africa,10755366.43,8024456.116,4660342.854,1082383.268,58138.7576,23301.71425,0,699051.4281,79643.22243,0,0,0,0,0,1942517.565,6081938.546,0.005822,1575432.512,0.053664
270,Zambia,Africa,Eastern Africa,Sub-Saharan Africa,6444631.277,5625593.401,3600262.231,95279.40727,4928.634875,1945.795345,0,58373.86035,9875.496333,0,0,0,0,0,170403.1942,5455190.231,-0.023354,349340.3554,0.071596
271,Zimbabwe,Africa,Eastern Africa,Sub-Saharan Africa,5392424.273,4769515.504,3065665.685,99145.66113,5200.135538,2047.241057,0,61417.23183,13786.76037,0,0,0,0,0,181597.0299,4587918.471,0.003419,141987.8749,0.040646
2647,Montenegro,Europe,Southern Europe,Western Europe,50888.8472,43114.77513,29438.76636,3939.461778,208.2712749,82.428546,0,2472.85644,479.263831,0,0,0,0,0,7182.281881,35932.49467,-0.001425,0,0.008792
2648,Serbia,Europe,Southern Europe,Western Europe,183929.6196,155870.1805,106440.3028,14243.71878,753.0347391,298.032854,0,8940.985718,1732.652894,0,0,0,0,0,25968.425,129901.7583,-0.002835,0,0.001495
33364,Hong Kong,Asia,Eastern Asia,East Asia,16670.106,11616.65149,6735.303376,1564.301144,87.34125399,33.676518,0,1010.295512,554.1058545,0,0,0,0,0,3249.720279,8366.931209,0.000006,3130.84388,0.01613
40760,Hala'ib triangle,Africa,Northern Africa,West Asia & Northern Africa,21892.1843,17151.46605,9980.668673,2318.050307,124.5076985,49.903345,0,1497.100356,170.2282974,0,0,0,0,0,4159.790014,12991.67594,0.000096,2170.84887,0.078415
40762,Ma'tan al-Sarra,Africa,Northern Africa,West Asia & Northern Africa,7369.682252,5668.972168,3224.534004,748.910917,40.2352699,16.12267,0,483.680107,56.26454902,0,0,0,0,0,1345.213512,4323.758575,0.000081,55.72356,0.152405
40765,Egypt,Africa,Northern Africa,West Asia & Northern Africa,186247.1681,148696.5644,90459.63663,21009.61245,1127.966901,452.298185,0,13568.94541,1475.813405,0,0,0,0,0,37634.63635,111061.9282,-0.000097,29396.24982,0.000612
40781,Jammu and Kashmir,Asia,Eastern Asia,East Asia,4099910.494,3026322.568,1788425.104,415368.8815,22744.29041,8942.125509,0,268263.7649,87921.48423,0,0,0,0,0,803240.5463,2223082.007,0.015157,671810.0225,0.021106
61013,Ilemi triangle,Africa,Northern Africa,West Asia & Northern Africa,319633.8449,270391.9169,167425.2245,38885.17867,2087.311116,837.126143,0,25113.78386,2683.63972,0,0,0,0,0,69607.03955,200784.8809,-0.003543,37883.85406,0.135723
74578,Azores Islands,Europe,Southern Europe,Western Europe,0,0,0,0,0,0,0,0,0,0,0,0,0,0,0,0,0,0,0
