ADM0_CODE,ADM0_NAME,CONTINENT,REGION,REG_ANNEX5,Total_N_intake,Total_N_excreted,TAN,NH3, N2O , NOx ,Nox_burned,N2,NO3_leach, NH3_daily_spread,N_discharged,Npublsew,N_not_collected,Nox_incinerated,N_losses, N_recycled, Balance ,Intake_non_crop,share_trade
1,Afghanistan,Asia,Southern Asia,South Asia,30251374.69,25236090.21,16422968.63,692229.7022,36883.06528,14458.30497,0,433749.1499,128923.9136,0,0,0,0,0,1306244.136,23929846.03,0.0460522,2169839.607,0.134939529
2,Aksai Chin,Asia,Eastern Asia,East Asia,0,0,0,0,0,0,0,0,0,0,0,0,0,0,0,0,0,0,0
3,Albania,Europe,Southern Europe,Western Europe,7823076.141,6247194.883,4382006.544,423129.3392,22176.89183,8764.013152,0,262920.3933,49602.7306,0,0,0,0,0,766593.3672,5480601.537,-0.02158644,0,0.202035773
4,Algeria,Africa,Northern Africa,West Asia & Northern Africa,26740673.16,21812700.9,13159765.41,3056408.155,164363.0722,65798.82692,0,1973964.811,250455.1914,0,0,0,0,0,5510990.058,16301710.81,0.0306166,1455738.306,0.134610852
5,American Samoa,Oceania,Polynesia,Oceania,0,0,0,0,0,0,0,0,0,0,0,0,0,0,0,0,0,0,0
6,Sudan,Africa,Northern Africa,West Asia & Northern Africa,99065685.1,82965008.46,51213877.94,11894628.01,638547.1246,256069.3894,0,7682081.668,828484.5041,0,0,0,0,0,21299810.7,61665197.9,-0.13919,11097551.64,0.065715591
7,Andorra,Europe,Southern Europe,Western Europe,0,0,0,0,0,0,0,0,0,0,0,0,0,0,0,0,0,0,0
8,Angola,Africa,Middle Africa,Sub-Saharan Africa,0,0,0,0,0,0,0,0,0,0,0,0,0,0,0,0,0,0,0
9,Anguilla,Americas,Caribbean,Central & South America,0,0,0,0,0,0,0,0,0,0,0,0,0,0,0,0,0,0,0
10,Antarctica,Antarctica,,,0,0,0,0,0,0,0,0,0,0,0,0,0,0,0,0,0,0,0
11,Antigua and Barbuda,Americas,Caribbean,Central & South America,0,0,0,0,0,0,0,0,0,0,0,0,0,0,0,0,0,0,0
12,Argentina,Americas,South America,Central & South America,0,0,0,0,0,0,0,0,0,0,0,0,0,0,0,0,0,0,0
13,Armenia,Asia,Western Asia,West Asia & Northern Africa,2423669.633,1889103.428,1137891.783,264279.9182,14489.96592,5689.458885,0,170683.7663,58432.31696,0,0,0,0,0,513575.4254,1375527.984,0.01808485,190701.3366,0.063476089
14,Aruba,Americas,Caribbean,Central & South America,0,0,0,0,0,0,0,0,0,0,0,0,0,0,0,0,0,0,0
15,Arunachal Pradesh,Asia,Eastern Asia,East Asia,0,0,0,0,0,0,0,0,0,0,0,0,0,0,0,0,0,0,0
16,Ashmore and Cartier Islands,Oceania,Australia and New Zealand,Oceania,0,0,0,0,0,0,0,0,0,0,0,0,0,0,0,0,0,0,0
17,Australia,Oceania,Australia and New Zealand,Oceania,0,0,0,0,0,0,0,0,0,0,0,0,0,0,0,0,0,0,0
18,Austria,Europe,Western Europe,Western Europe,101000.2992,76047.80256,57564.71599,24252.10119,1353.519931,521.7142402,0,15651.42756,2857.814516,0,0,0,0,0,44636.57749,31411.2242,0.00087538,0,0.000275209
19,Azerbaijan,Asia,Western Asia,West Asia & Northern Africa,3061101.324,2440292.433,1480443.347,343838.8875,18937.45383,7402.216743,0,222066.5012,87326.80122,0,0,0,0,0,679571.8606,1760720.579,-0.0067229,406497.4662,0.017689169
20,Bahamas,Americas,Caribbean,Central & South America,0,0,0,0,0,0,0,0,0,0,0,0,0,0,0,0,0,0,0
21,Bahrain,Asia,Western Asia,West Asia & Northern Africa,1580.465264,1137.927689,689.1992912,160.0692992,8.594199538,3.44599647,0,103.3798983,11.2939319,0,0,0,0,0,286.7833254,851.1443596,0.00000358,275.9153643,0.0038883
22,Baker Island,Americas,Northern America,North America,0,0,0,0,0,0,0,0,0,0,0,0,0,0,0,0,0,0,0
23,Bangladesh,Asia,Southern Asia,South Asia,3950383.46,3024026.26,1713081.577,42137.59707,2251.944682,856.5407995,0,25696.22407,14984.20758,0,0,0,0,0,85926.51424,2938099.745,0.00042956,757944.054,0.006181924
24,Barbados,Americas,Caribbean,Central & South America,0,0,0,0,0,0,0,0,0,0,0,0,0,0,0,0,0,0,0
25,Bassas da India,Africa,Eastern Africa,Sub-Saharan Africa,0,0,0,0,0,0,0,0,0,0,0,0,0,0,0,0,0,0,0
26,Belarus,Europe,Eastern Europe,Eastern Europe,0,0,0,0,0,0,0,0,0,0,0,0,0,0,0,0,0,0,0
27,Belgium,Europe,Western Europe,Western Europe,0,0,0,0,0,0,0,0,0,0,0,0,0,0,0,0,0,0,0
28,Belize,Americas,Central America,Central & South America,0,0,0,0,0,0,0,0,0,0,0,0,0,0,0,0,0,0,0
29,Benin,Africa,Western Africa,Sub-Saharan Africa,0,0,0,0,0,0,0,0,0,0,0,0,0,0,0,0,0,0,0
30,Bermuda,Americas,Northern America,North America,0,0,0,0,0,0,0,0,0,0,0,0,0,0,0,0,0,0,0
31,Bhutan,Asia,Southern Asia,South Asia,0,0,0,0,0,0,0,0,0,0,0,0,0,0,0,0,0,0,0
32,Bird Island,Americas,Caribbean,Central & South America,0,0,0,0,0,0,0,0,0,0,0,0,0,0,0,0,0,0,0
33,Bolivia,Americas,South America,Central & South America,1083466.077,907842.0405,572644.6204,102553.8195,5703.357492,2203.463556,0,66103.9067,34477.23071,0,0,0,0,0,211041.7781,696800.2686,-0.00618807,52426.51082,0.001565899
34,Bosnia and Herzegovina,Europe,Southern Europe,Western Europe,3075753.327,2448755.62,1715701.808,165669.2531,8683.160076,3431.40367,0,102942.1096,19443.12101,0,0,0,0,0,300169.0467,2148586.574,-0.00120701,0,0.066351007
35,Botswana,Africa,Southern Africa,Sub-Saharan Africa,0,0,0,0,0,0,0,0,0,0,0,0,0,0,0,0,0,0,0
36,Bouvet Island,Antarctica,,,0,0,0,0,0,0,0,0,0,0,0,0,0,0,0,0,0,0,0
37,Brazil,Americas,South America,Central & South America,0,0,0,0,0,0,0,0,0,0,0,0,0,0,0,0,0,0,0
38,British Indian Ocean Territory,Africa,Eastern Africa,South Asia,0,0,0,0,0,0,0,0,0,0,0,0,0,0,0,0,0,0,0
39,British Virgin Islands,Americas,Caribbean,Central & South America,0,0,0,0,0,0,0,0,0,0,0,0,0,0,0,0,0,0,0
40,Brunei Darussalam,Asia,South-Eastern Asia,East Asia,0,0,0,0,0,0,0,0,0,0,0,0,0,0,0,0,0,0,0
41,Bulgaria,Europe,Eastern Europe,Eastern Europe,6156118.539,4977541.33,3474028.897,1424364.727,77994.73932,28593.2592,0,857797.7862,193193.0304,0,0,0,0,0,2581943.545,2395597.765,0.0200145,0,0.074569013
42,Burkina Faso,Africa,Western Africa,Sub-Saharan Africa,6906741.667,5811648.312,3641691.942,89576.67292,4590.118449,1820.845995,0,54625.37981,5771.266223,0,0,0,0,0,156384.2834,5655264.031,-0.00286751,420218.9919,0.02192638
43,Burundi,Africa,Eastern Africa,Sub-Saharan Africa,188834.8878,158710.6678,100710.7022,20466.31309,1139.231774,440.1859853,0,13205.5796,6898.451499,0,0,0,0,0,42149.76195,116560.9079,-0.00205723,13415.76738,0.00936386
44,Cambodia,Asia,South-Eastern Asia,East Asia,0,0,0,0,0,0,0,0,0,0,0,0,0,0,0,0,0,0,0
45,Cameroon,Africa,Middle Africa,Sub-Saharan Africa,1746484.477,1422069.391,854865.4036,22853.0784,1184.700081,466.9918137,0,14009.75453,2630.42388,0,0,0,0,0,41144.94871,1380924.407,0.03553027,38787.88678,0.015539836
46,Canada,Americas,Northern America,North America,0,0,0,0,0,0,0,0,0,0,0,0,0,0,0,0,0,0,0
47,Cape Verde,Africa,Western Africa,Sub-Saharan Africa,0,0,0,0,0,0,0,0,0,0,0,0,0,0,0,0,0,0,0
48,Cayman Islands,Americas,Caribbean,Central & South America,0,0,0,0,0,0,0,0,0,0,0,0,0,0,0,0,0,0,0
49,Central African Republic,Africa,Middle Africa,Sub-Saharan Africa,0,0,0,0,0,0,0,0,0,0,0,0,0,0,0,0,0,0,0
50,Chad,Africa,Middle Africa,Sub-Saharan Africa,1882818.827,1642394.256,1054543.309,25939.17412,1328.873148,527.2716639,0,15818.14992,1630.07633,0,0,0,0,0,45243.54518,1597150.717,-0.00685235,85171.11508,0.007606308
51,Chile,Americas,South America,Central & South America,0,0,0,0,0,0,0,0,0,0,0,0,0,0,0,0,0,0,0
52,China/India,Asia,Eastern Asia,East Asia,0,0,0,0,0,0,0,0,0,0,0,0,0,0,0,0,0,0,0
53,China,Asia,Eastern Asia,East Asia,145890787.5,115143133.8,74095874.23,16996500.26,946047.8434,365873.047,0,10976191.4,5640037.225,0,0,0,0,0,34924649.78,80218483.98,0.02013502,6408654.109,0.013715362
54,Christmas Island,Asia,South-Eastern Asia,East Asia,0,0,0,0,0,0,0,0,0,0,0,0,0,0,0,0,0,0,0
55,Clipperton Island,Americas,Central America,Central & South America,0,0,0,0,0,0,0,0,0,0,0,0,0,0,0,0,0,0,0
56,Cocos (Keeling) Islands,Asia,South-Eastern Asia,East Asia,0,0,0,0,0,0,0,0,0,0,0,0,0,0,0,0,0,0,0
57,Colombia,Americas,South America,Central & South America,0,0,0,0,0,0,0,0,0,0,0,0,0,0,0,0,0,0,0
58,Comoros,Africa,Eastern Africa,Sub-Saharan Africa,0,0,0,0,0,0,0,0,0,0,0,0,0,0,0,0,0,0,0
59,Congo,Africa,Middle Africa,Sub-Saharan Africa,0,0,0,0,0,0,0,0,0,0,0,0,0,0,0,0,0,0,0
60,Cook Islands,Oceania,Polynesia,Oceania,0,0,0,0,0,0,0,0,0,0,0,0,0,0,0,0,0,0,0
61,Costa Rica,Americas,Central America,Central & South America,0,0,0,0,0,0,0,0,0,0,0,0,0,0,0,0,0,0,0
62,Croatia,Europe,Southern Europe,Western Europe,790360.1801,618189.8673,430395.0509,41559.21924,2178.46176,860.7900889,0,25823.70319,4908.427596,0,0,0,0,0,75330.60168,542859.2642,0.00142723,0,0.016242907
63,Cuba,Americas,Caribbean,Central & South America,0,0,0,0,0,0,0,0,0,0,0,0,0,0,0,0,0,0,0
64,Cyprus,Asia,Western Asia,West Asia & Northern Africa,907568.4591,687949.7811,444377.3415,129678.6309,7063.958728,2844.015239,0,85320.45671,8739.71418,0,0,0,0,0,233646.7762,454302.9903,0.01468359,0,0.069098338
65,Czech Republic,Europe,Eastern Europe,Eastern Europe,495054.6478,366309.1601,246902.5806,101230.9736,5546.842171,2032.150446,0,60964.51305,14217.53692,0,0,0,0,0,183992.016,182317.1521,-0.00798384,0,0.002577449
66,C?te d'Ivoire,Africa,Western Africa,Sub-Saharan Africa,0,0,0,0,0,0,0,0,0,0,0,0,0,0,0,0,0,0,0
67,Dem People's Rep of Korea,Asia,Eastern Asia,East Asia,0,0,0,0,0,0,0,0,0,0,0,0,0,0,0,0,0,0,0
68,Democratic Republic of the Congo,Africa,Middle Africa,Sub-Saharan Africa,0,0,0,0,0,0,0,0,0,0,0,0,0,0,0,0,0,0,0
69,Denmark,Europe,Northern Europe,Western Europe,0,0,0,0,0,0,0,0,0,0,0,0,0,0,0,0,0,0,0
70,Djibouti,Africa,Eastern Africa,Sub-Saharan Africa,0,0,0,0,0,0,0,0,0,0,0,0,0,0,0,0,0,0,0
71,Dominica,Americas,Caribbean,Central & South America,0,0,0,0,0,0,0,0,0,0,0,0,0,0,0,0,0,0,0
72,Dominican Republic,Americas,Caribbean,Central & South America,0,0,0,0,0,0,0,0,0,0,0,0,0,0,0,0,0,0,0
73,Ecuador,Americas,South America,Central & South America,1604717.325,1340968.702,835554.6573,173110.8298,9643.906091,3723.776498,0,111713.2951,59253.4191,0,0,0,0,0,357445.2268,983523.4731,0.00239978,195862.3784,0.004588544
74,South Sudan,Africa,Northern Africa,West Asia & Northern Africa,21872269.58,18503226.81,11518157.87,2675138.224,144051.5012,57590.78943,0,1727723.674,244594.9521,0,0,0,0,0,4849099.142,13654127.55,0.1193162,956762.2022,0.044319397
75,El Salvador,Americas,Central America,Central & South America,0,0,0,0,0,0,0,0,0,0,0,0,0,0,0,0,0,0,0
76,Equatorial Guinea,Africa,Middle Africa,Sub-Saharan Africa,0,0,0,0,0,0,0,0,0,0,0,0,0,0,0,0,0,0,0
77,Eritrea,Africa,Eastern Africa,Sub-Saharan Africa,687915.9628,586764.4772,372008.4503,27945.94089,1526.458862,593.3092145,0,17799.27633,7616.869213,0,0,0,0,0,55481.85464,531282.621,0.00151115,64237.67508,0.012916936
78,Estonia,Europe,Northern Europe,Western Europe,0,0,0,0,0,0,0,0,0,0,0,0,0,0,0,0,0,0,0
79,Ethiopia,Africa,Eastern Africa,Sub-Saharan Africa,12250391.46,10245672.11,6490823.14,1164742.848,64719.34345,25026.00308,0,750780.0924,384065.4994,0,0,0,0,0,2389333.786,7856338.326,-0.005134,1666852.592,0.007840974
80,Europa Island,Africa,Eastern Africa,Sub-Saharan Africa,0,0,0,0,0,0,0,0,0,0,0,0,0,0,0,0,0,0,0
81,Falkland Islands (Malvinas),Americas,South America,Central & South America,0,0,0,0,0,0,0,0,0,0,0,0,0,0,0,0,0,0,0
82,Faroe Islands,Europe,Northern Europe,Western Europe,0,0,0,0,0,0,0,0,0,0,0,0,0,0,0,0,0,0,0
83,Fiji,Oceania,Melanesia,Oceania,0,0,0,0,0,0,0,0,0,0,0,0,0,0,0,0,0,0,0
84,Finland,Europe,Northern Europe,Western Europe,0,0,0,0,0,0,0,0,0,0,0,0,0,0,0,0,0,0,0
85,France,Europe,Western Europe,Western Europe,19817930.25,15417663.97,11723979.6,4151484.518,227854.3892,87383.29145,0,2621498.694,477638.4381,0,0,0,0,0,7565859.331,7851804.647,-0.0113197,0,0.008674328
86,French Guiana,Americas,South America,Central & South America,0,0,0,0,0,0,0,0,0,0,0,0,0,0,0,0,0,0,0
87,French Polynesia,Oceania,Polynesia,Oceania,0,0,0,0,0,0,0,0,0,0,0,0,0,0,0,0,0,0,0
88,French Southern and Antarctic Territories,Antarctica,,,0,0,0,0,0,0,0,0,0,0,0,0,0,0,0,0,0,0,0
89,Gabon,Africa,Middle Africa,Sub-Saharan Africa,0,0,0,0,0,0,0,0,0,0,0,0,0,0,0,0,0,0,0
90,Gambia,Africa,Western Africa,Sub-Saharan Africa,0,0,0,0,0,0,0,0,0,0,0,0,0,0,0,0,0,0,0
91,Gaza Strip,Asia,Western Asia,West Asia & Northern Africa,115565.5087,85555.10547,50659.56494,11765.88635,631.859642,253.2978363,0,7598.934753,849.1344452,0,0,0,0,0,21099.11305,64455.99365,-0.00123583,23767.58594,0.143070041
92,Georgia,Asia,Western Asia,West Asia & Northern Africa,361650.6246,282239.3336,174479.4368,40523.54716,2226.547784,872.3971832,0,26171.91546,9584.197111,0,0,0,0,0,79378.60479,202860.7306,-0.00176812,24966.25492,0.005984748
93,Germany,Europe,Western Europe,Western Europe,0,0,0,0,0,0,0,0,0,0,0,0,0,0,0,0,0,0,0
94,Ghana,Africa,Western Africa,Sub-Saharan Africa,0,0,0,0,0,0,0,0,0,0,0,0,0,0,0,0,0,0,0
95,Gibraltar,Europe,Southern Europe,Western Europe,0,0,0,0,0,0,0,0,0,0,0,0,0,0,0,0,0,0,0
96,Glorioso Island,Africa,Eastern Africa,Sub-Saharan Africa,0,0,0,0,0,0,0,0,0,0,0,0,0,0,0,0,0,0,0
97,Greece,Europe,Southern Europe,Western Europe,41575784.66,31857886.05,21779002.77,6554440.783,359910.655,142466.0107,0,4273980.543,842864.6424,0,0,0,0,0,12173662.63,19684223.12,0.301869,0,0.232661489
98,Greenland,Americas,Northern America,North America,0,0,0,0,0,0,0,0,0,0,0,0,0,0,0,0,0,0,0
99,Grenada,Americas,Caribbean,Central & South America,0,0,0,0,0,0,0,0,0,0,0,0,0,0,0,0,0,0,0
100,Guadeloupe,Americas,Caribbean,Central & South America,0,0,0,0,0,0,0,0,0,0,0,0,0,0,0,0,0,0,0
101,Guam,Oceania,Micronesia,Oceania,0,0,0,0,0,0,0,0,0,0,0,0,0,0,0,0,0,0,0
102,Abyei,Africa,Northern Africa,West Asia & Northern Africa,122053.8913,103445.0656,64324.03552,14939.51466,801.9029284,321.6201801,0,9648.605469,1026.692266,0,0,0,0,0,26738.33551,76706.7301,-0.0000579,1844.206017,0.012578219
103,Guatemala,Americas,Central America,Central & South America,0,0,0,0,0,0,0,0,0,0,0,0,0,0,0,0,0,0,0
104,Guernsey,Europe,Northern Europe,Western Europe,0,0,0,0,0,0,0,0,0,0,0,0,0,0,0,0,0,0,0
105,Guinea-Bissau,Africa,Western Africa,Sub-Saharan Africa,233134.2135,198781.1408,124435.7227,3060.81301,156.8601819,62.21786276,0,1866.535883,199.4463567,0,0,0,0,0,5345.873293,193435.267,0.00054495,21517.00354,0.01145136
106,Guinea,Africa,Western Africa,Sub-Saharan Africa,510668.4335,435820.3258,279944.4472,6885.945598,361.9846903,139.9722272,0,4199.166799,1652.212209,0,0,0,0,0,13239.28153,422581.0402,0.00403663,25279.07376,0.002913013
107,Guyana,Americas,South America,Central & South America,0,0,0,0,0,0,0,0,0,0,0,0,0,0,0,0,0,0,0
108,Haiti,Americas,Caribbean,Central & South America,0,0,0,0,0,0,0,0,0,0,0,0,0,0,0,0,0,0,0
109,Heard Island and McDonald Islands,Antarctica,,,0,0,0,0,0,0,0,0,0,0,0,0,0,0,0,0,0,0,0
110,Holy See,Europe,Southern Europe,Western Europe,0,0,0,0,0,0,0,0,0,0,0,0,0,0,0,0,0,0,0
111,Honduras,Americas,Central America,Central & South America,0,0,0,0,0,0,0,0,0,0,0,0,0,0,0,0,0,0,0
112,Howland Island,Americas,Northern America,North America,0,0,0,0,0,0,0,0,0,0,0,0,0,0,0,0,0,0,0
113,Hungary,Europe,Eastern Europe,Eastern Europe,493627.7418,407526.0608,287691.2361,117954.4806,6457.528671,2367.864636,0,71035.93896,15817.28573,0,0,0,0,0,213633.099,193892.9657,-0.00392727,0,0.003262278
114,Iceland,Europe,Northern Europe,Western Europe,0,0,0,0,0,0,0,0,0,0,0,0,0,0,0,0,0,0,0
115,India,Asia,Southern Asia,South Asia,0,0,0,0,0,0,0,0,0,0,0,0,0,0,0,0,0,0,0
116,Indonesia,Asia,South-Eastern Asia,East Asia,24670264.42,19195240.78,11053119.8,353931.9736,19131.34486,7304.668588,0,219140.0568,124195.1399,0,0,0,0,0,723633.2662,18471607.5,0.02366563,2599714.868,0.028477921
117,Iran  (Islamic Republic of),Asia,Southern Asia,South Asia,44797160.39,37061354.62,23875324.55,933461.0601,49560.2422,19439.67019,0,583190.1051,165681.6359,0,0,0,0,0,1751332.715,35310021.9,0.0006591,2514810.705,0.063730366
118,Iraq,Asia,Western Asia,West Asia & Northern Africa,13015254.45,10858841.27,6822150.894,1584471.836,85378.77977,34110.75454,0,1023322.635,152514.8208,0,0,0,0,0,2879798.826,7979042.423,0.017485,1152601.867,0.09083187
119,Ireland,Europe,Northern Europe,Western Europe,0,0,0,0,0,0,0,0,0,0,0,0,0,0,0,0,0,0,0
120,Isle of Man,Europe,Northern Europe,Western Europe,0,0,0,0,0,0,0,0,0,0,0,0,0,0,0,0,0,0,0
121,Israel,Asia,Western Asia,West Asia & Northern Africa,1129845.481,888413.971,576725.6629,133946.8436,7186.886083,2883.628381,0,86508.84985,8817.508856,0,0,0,0,0,239343.7169,649070.2543,-0.00020671,0,0.020253633
122,Italy,Europe,Southern Europe,Western Europe,38991047.68,31720187.89,22541337.87,6581588.711,361283.5488,144354.1322,0,4330624.199,806450.1685,0,0,0,0,0,12224300.74,19495886.62,0.53165,0,0.050755489
123,Jamaica,Americas,Caribbean,Central & South America,0,0,0,0,0,0,0,0,0,0,0,0,0,0,0,0,0,0,0
126,Japan,Asia,Eastern Asia,East Asia,0,0,0,0,0,0,0,0,0,0,0,0,0,0,0,0,0,0,0
127,Jarvis Island,Americas,Northern America,North America,0,0,0,0,0,0,0,0,0,0,0,0,0,0,0,0,0,0,0
128,Jersey,Europe,Northern Europe,Western Europe,0,0,0,0,0,0,0,0,0,0,0,0,0,0,0,0,0,0,0
129,Johnston Atoll,Americas,Northern America,North America,0,0,0,0,0,0,0,0,0,0,0,0,0,0,0,0,0,0,0
130,Jordan,Asia,Western Asia,West Asia & Northern Africa,2414872.202,2005014.897,1336111.187,310317.1785,16656.92243,6680.556266,0,200416.6813,21344.52404,0,0,0,0,0,555415.8626,1449599.028,0.00592331,0,0.117086402
131,Juan de Nova Island,Africa,Eastern Africa,Sub-Saharan Africa,0,0,0,0,0,0,0,0,0,0,0,0,0,0,0,0,0,0,0
132,Kazakhstan,Asia,Central Asia,West Asia & Northern Africa,650005.0416,509849.8121,302686.7695,70300.21304,3928.022888,1513.433849,0,45403.01548,25282.55213,0,0,0,0,0,146427.2374,363422.5748,-0.00003554,18092.63331,0.001646737
133,Kenya,Africa,Eastern Africa,Sub-Saharan Africa,4494997.582,3774531.2,2416887.073,358383.8532,19870.07248,7686.473069,0,230594.1916,116067.8762,0,0,0,0,0,732602.4664,3041928.744,-0.01051954,569155.9701,0.006674318
134,Kingman Reef,Americas,Northern America,North America,0,0,0,0,0,0,0,0,0,0,0,0,0,0,0,0,0,0,0
135,Kiribati,Oceania,Micronesia,Oceania,0,0,0,0,0,0,0,0,0,0,0,0,0,0,0,0,0,0,0
136,Kuril islands,Asia,Eastern Asia,East Asia,0,0,0,0,0,0,0,0,0,0,0,0,0,0,0,0,0,0,0
137,Kuwait,Asia,Western Asia,West Asia & Northern Africa,726.3638391,581.8453353,381.2006559,88.53537267,4.749941792,1.90600327,0,57.18009946,5.774814606,0,0,0,0,0,158.1462317,423.6990745,0.000029,0,0.000112054
138,Kyrgyzstan,Asia,Central Asia,West Asia & Northern Africa,928034.5475,727120.8163,443214.6746,102938.3811,5743.98835,2216.073378,0,66482.20119,36002.61014,0,0,0,0,0,213383.2539,513737.5599,0.00243847,49483.9386,0.008690102
139,Lao People's Democratic Republic,Asia,South-Eastern Asia,East Asia,0,0,0,0,0,0,0,0,0,0,0,0,0,0,0,0,0,0,0
140,Latvia,Europe,Northern Europe,Western Europe,0,0,0,0,0,0,0,0,0,0,0,0,0,0,0,0,0,0,0
141,Lebanon,Asia,Western Asia,West Asia & Northern Africa,1117041.214,893482.8649,572318.0099,132923.1478,7237.817582,2861.590064,0,85847.70156,22758.60573,0,0,0,0,0,251628.8624,641853.9986,0.00383519,37651.99773,0.04385667
142,Lesotho,Africa,Southern Africa,Sub-Saharan Africa,0,0,0,0,0,0,0,0,0,0,0,0,0,0,0,0,0,0,0
144,Liberia,Africa,Western Africa,Sub-Saharan Africa,0,0,0,0,0,0,0,0,0,0,0,0,0,0,0,0,0,0,0
145,Libya,Africa,Northern Africa,West Asia & Northern Africa,4324277.538,3340190.907,2024921.56,470296.1358,25250.19617,10124.60785,0,303738.233,33151.39461,0,0,0,0,0,842560.5676,2497630.341,-0.0023117,757249.0258,0.11135408
146,Liechtenstein,Europe,Western Europe,Western Europe,0,0,0,0,0,0,0,0,0,0,0,0,0,0,0,0,0,0,0
147,Lithuania,Europe,Northern Europe,Western Europe,0,0,0,0,0,0,0,0,0,0,0,0,0,0,0,0,0,0,0
148,Luxembourg,Europe,Western Europe,Western Europe,0,0,0,0,0,0,0,0,0,0,0,0,0,0,0,0,0,0,0
149,Macau,Asia,Eastern Asia,East Asia,0,0,0,0,0,0,0,0,0,0,0,0,0,0,0,0,0,0,0
150,Madagascar,Africa,Eastern Africa,Sub-Saharan Africa,0,0,0,0,0,0,0,0,0,0,0,0,0,0,0,0,0,0,0
151,Madeira Islands,Europe,Southern Europe,Western Europe,0,0,0,0,0,0,0,0,0,0,0,0,0,0,0,0,0,0,0
152,Malawi,Africa,Eastern Africa,Sub-Saharan Africa,0,0,0,0,0,0,0,0,0,0,0,0,0,0,0,0,0,0,0
153,Malaysia,Asia,South-Eastern Asia,East Asia,0,0,0,0,0,0,0,0,0,0,0,0,0,0,0,0,0,0,0
154,Maldives,Asia,Southern Asia,South Asia,0,0,0,0,0,0,0,0,0,0,0,0,0,0,0,0,0,0,0
155,Mali,Africa,Western Africa,Sub-Saharan Africa,15409464.33,13346333.4,8510290.022,209332.2228,10724.85454,4255.145065,0,127654.3522,13246.23608,0,0,0,0,0,365212.8106,12981120.58,0.00345567,577403.8039,0.046659601
156,Malta,Europe,Southern Europe,Western Europe,74143.99191,55325.12036,37861.24701,11048.70605,606.8495436,242.3120117,0,7269.360443,1405.700821,0,0,0,0,0,20572.92879,34752.19025,0.00132554,0,0.022800377
157,Marshall Islands,Oceania,Micronesia,Oceania,0,0,0,0,0,0,0,0,0,0,0,0,0,0,0,0,0,0,0
158,Martinique,Americas,Caribbean,Central & South America,0,0,0,0,0,0,0,0,0,0,0,0,0,0,0,0,0,0,0
159,Mauritania,Africa,Western Africa,Sub-Saharan Africa,995739.9262,846206.3178,532255.171,13092.16931,670.8458646,266.1275885,0,7983.827667,839.8597826,0,0,0,0,0,22852.83021,823353.49,-0.00237424,32784.80782,0.010829975
160,Mauritius,Africa,Eastern Africa,Sub-Saharan Africa,0,0,0,0,0,0,0,0,0,0,0,0,0,0,0,0,0,0,0
161,Mayotte,Africa,Eastern Africa,Sub-Saharan Africa,0,0,0,0,0,0,0,0,0,0,0,0,0,0,0,0,0,0,0
162,Mexico,Americas,Central America,Central & South America,0,0,0,0,0,0,0,0,0,0,0,0,0,0,0,0,0,0,0
163,Micronesia (Federated States of),Oceania,Micronesia,Oceania,0,0,0,0,0,0,0,0,0,0,0,0,0,0,0,0,0,0,0
164,Midway Island,Americas,Northern America,North America,0,0,0,0,0,0,0,0,0,0,0,0,0,0,0,0,0,0,0
165,"Moldova, Republic of",Europe,Eastern Europe,Eastern Europe,4224380.37,3527856.806,2525867.262,641071.0319,34842.10232,13892.27044,0,416768.1106,77030.75556,0,0,0,0,0,1183604.272,2344252.516,0.0179581,0,0.09215282
166,Monaco,Europe,Western Europe,Western Europe,0,0,0,0,0,0,0,0,0,0,0,0,0,0,0,0,0,0,0
167,Mongolia,Asia,Eastern Asia,East Asia,3951248.797,3294867.045,2185916.418,507687.8312,28222.89925,10929.5821,0,327887.463,163507.777,0,0,0,0,0,1038235.552,2256631.492,0.0004728,45535.9693,0.027401873
168,Montserrat,Americas,Caribbean,Central & South America,0,0,0,0,0,0,0,0,0,0,0,0,0,0,0,0,0,0,0
169,Morocco,Africa,Northern Africa,West Asia & Northern Africa,5129023.114,4125487.537,2410009.637,559734.3787,30191.36212,12050.0482,0,361501.4459,57880.36859,0,0,0,0,0,1021357.603,3104129.93,0.0037596,390658.9962,0.02598705
170,Mozambique,Africa,Eastern Africa,Sub-Saharan Africa,0,0,0,0,0,0,0,0,0,0,0,0,0,0,0,0,0,0,0
171,Myanmar,Asia,South-Eastern Asia,East Asia,883658.4152,723861.6597,451786.3396,11115.2443,571.5770081,225.9454091,0,6778.362328,980.7208528,0,0,0,0,0,19671.84989,704189.811,-0.00114237,112085.036,0.001051411
172,Namibia,Africa,Southern Africa,Sub-Saharan Africa,0,0,0,0,0,0,0,0,0,0,0,0,0,0,0,0,0,0,0
173,Nauru,Oceania,Micronesia,Oceania,0,0,0,0,0,0,0,0,0,0,0,0,0,0,0,0,0,0,0
174,Navassa Island,Americas,Northern America,North America,0,0,0,0,0,0,0,0,0,0,0,0,0,0,0,0,0,0,0
175,Nepal,Asia,Southern Asia,South Asia,935372.7685,774226.6663,509617.1774,65295.86064,3609.890022,1398.150764,0,41944.52248,20383.88135,0,0,0,0,0,132632.305,641594.361,0.00026779,92545.31668,0.002592186
176,Netherlands Antilles,Americas,Caribbean,Central & South America,0,0,0,0,0,0,0,0,0,0,0,0,0,0,0,0,0,0,0
177,Netherlands,Europe,Western Europe,Western Europe,0,0,0,0,0,0,0,0,0,0,0,0,0,0,0,0,0,0,0
178,New Caledonia,Oceania,Melanesia,Oceania,0,0,0,0,0,0,0,0,0,0,0,0,0,0,0,0,0,0,0
179,New Zealand,Oceania,Australia and New Zealand,Oceania,0,0,0,0,0,0,0,0,0,0,0,0,0,0,0,0,0,0,0
180,Nicaragua,Americas,Central America,Central & South America,0,0,0,0,0,0,0,0,0,0,0,0,0,0,0,0,0,0,0
181,Niger,Africa,Western Africa,Sub-Saharan Africa,15683400.38,13335626.26,8367351.757,205816.2933,10546.32153,4183.675928,0,125510.2781,13235.60927,0,0,0,0,0,359292.1782,12976334.12,-0.03600299,1191550.022,0.049462658
182,Nigeria,Africa,Western Africa,Sub-Saharan Africa,0,0,0,0,0,0,0,0,0,0,0,0,0,0,0,0,0,0,0
183,Niue,Oceania,Polynesia,Oceania,0,0,0,0,0,0,0,0,0,0,0,0,0,0,0,0,0,0,0
184,Norfolk Island,Oceania,Australia and New Zealand,Oceania,0,0,0,0,0,0,0,0,0,0,0,0,0,0,0,0,0,0,0
185,Northern Mariana Islands,Oceania,Micronesia,Oceania,0,0,0,0,0,0,0,0,0,0,0,0,0,0,0,0,0,0,0
186,Norway,Europe,Northern Europe,Western Europe,0,0,0,0,0,0,0,0,0,0,0,0,0,0,0,0,0,0,0
187,Oman,Asia,Western Asia,West Asia & Northern Africa,26111.76017,21622.48351,13997.76668,3251.037355,174.438114,69.98883389,0,2099.665024,214.60315,0,0,0,0,0,5809.732483,15812.75121,-0.00018693,1828.996231,0.001349084
188,Pakistan,Asia,Southern Asia,South Asia,3038174.817,2457455.893,1469632.497,39706.08192,2053.219716,811.8921252,0,24356.76381,3753.492825,0,0,0,0,0,70681.45039,2386774.446,-0.00388374,657578.5115,0.001384218
189,Palau,Oceania,Micronesia,Oceania,0,0,0,0,0,0,0,0,0,0,0,0,0,0,0,0,0,0,0
190,Palmyra Atoll,Americas,Northern America,North America,0,0,0,0,0,0,0,0,0,0,0,0,0,0,0,0,0,0,0
191,Panama,Americas,Central America,Central & South America,0,0,0,0,0,0,0,0,0,0,0,0,0,0,0,0,0,0,0
192,Papua New Guinea,Oceania,Melanesia,Oceania,0,0,0,0,0,0,0,0,0,0,0,0,0,0,0,0,0,0,0
193,Paracel Islands,Asia,South-Eastern Asia,East Asia,0,0,0,0,0,0,0,0,0,0,0,0,0,0,0,0,0,0,0
194,Paraguay,Americas,South America,Central & South America,0,0,0,0,0,0,0,0,0,0,0,0,0,0,0,0,0,0,0
195,Peru,Americas,South America,Central & South America,0,0,0,0,0,0,0,0,0,0,0,0,0,0,0,0,0,0,0
196,Philippines,Asia,South-Eastern Asia,East Asia,0,0,0,0,0,0,0,0,0,0,0,0,0,0,0,0,0,0,0
197,Pitcairn,Oceania,Polynesia,Oceania,0,0,0,0,0,0,0,0,0,0,0,0,0,0,0,0,0,0,0
198,Poland,Europe,Eastern Europe,Eastern Europe,129168.0309,107836.407,76258.61785,31266.76828,1711.693484,627.6856386,0,18830.56948,4185.471503,0,0,0,0,0,56622.18846,51214.22068,-0.00211604,0,0.000153132
199,Portugal,Europe,Southern Europe,Western Europe,3752378.472,2847087.232,1969730.835,602195.697,33258.81068,13299.64291,0,398989.2817,76321.99805,0,0,0,0,0,1124065.431,1723021.765,0.036086,0,0.016782646
200,Puerto Rico,Americas,Caribbean,Central & South America,0,0,0,0,0,0,0,0,0,0,0,0,0,0,0,0,0,0,0
201,Qatar,Asia,Western Asia,West Asia & Northern Africa,74340.34847,55510.15655,30737.81377,7138.980383,383.6523302,153.6890731,0,4610.672059,550.9383122,0,0,0,0,0,12837.93216,42672.22632,-0.00193347,19019.14587,0.036677915
202,Republic of Korea,Asia,Eastern Asia,East Asia,0,0,0,0,0,0,0,0,0,0,0,0,0,0,0,0,0,0,0
203,Romania,Europe,Eastern Europe,Eastern Europe,37412122.81,30463839.23,21334249.74,8747121.445,478940.6622,175593.1631,0,5267794.971,1182391.287,0,0,0,0,0,15851841.52,14611997.73,-0.026218,0,0.085194211
204,Russian Federation,Europe,Eastern Europe,Russian Federation,131618.08,108664.4061,77460.38496,28264.85681,1582.585375,635.1751542,0,19055.25513,3537.461083,0,0,0,0,0,53075.33355,55589.07264,-0.00012219,0,7.48E-05
205,Rwanda,Africa,Eastern Africa,Sub-Saharan Africa,837646.8648,697377.0683,447331.6344,76753.23219,4265.724661,1648.494532,0,49454.83553,25599.94138,0,0,0,0,0,157722.2282,539654.8398,0.00025517,106561.0253,0.017006274
206,R?union,Africa,Eastern Africa,Sub-Saharan Africa,0,0,0,0,0,0,0,0,0,0,0,0,0,0,0,0,0,0,0
207,Saint Helena,Africa,Western Africa,Sub-Saharan Africa,0,0,0,0,0,0,0,0,0,0,0,0,0,0,0,0,0,0,0
208,Saint Kitts and Nevis,Americas,Caribbean,Central & South America,0,0,0,0,0,0,0,0,0,0,0,0,0,0,0,0,0,0,0
209,Saint Lucia,Americas,Caribbean,Central & South America,0,0,0,0,0,0,0,0,0,0,0,0,0,0,0,0,0,0,0
210,Saint Pierre et Miquelon,Americas,Northern America,Oceania,0,0,0,0,0,0,0,0,0,0,0,0,0,0,0,0,0,0,0
211,Saint Vincent and the Grenadines,Americas,Caribbean,Central & South America,0,0,0,0,0,0,0,0,0,0,0,0,0,0,0,0,0,0,0
212,Samoa,Oceania,Polynesia,Oceania,0,0,0,0,0,0,0,0,0,0,0,0,0,0,0,0,0,0,0
213,San Marino,Europe,Southern Europe,Western Europe,0,0,0,0,0,0,0,0,0,0,0,0,0,0,0,0,0,0,0
214,Sao Tome and Principe,Africa,Middle Africa,Sub-Saharan Africa,0,0,0,0,0,0,0,0,0,0,0,0,0,0,0,0,0,0,0
215,Saudi Arabia,Asia,Western Asia,West Asia & Northern Africa,1862105.976,1551718.54,1035695.819,240544.49,12903.07998,5178.479068,0,155354.3752,15400.80594,0,0,0,0,0,429381.2302,1122337.316,-0.00706951,0,0.02053851
216,Scarborough Reef,Asia,South-Eastern Asia,East Asia,0,0,0,0,0,0,0,0,0,0,0,0,0,0,0,0,0,0,0
217,Senegal,Africa,Western Africa,Sub-Saharan Africa,5060020.882,4420978.334,2830647.13,69626.96381,3567.107201,1415.323591,0,42459.70758,4387.821095,0,0,0,0,0,121456.9232,4299521.414,-0.00343461,462499.445,0.04074149
218,Senkaku Islands,Asia,Eastern Asia,East Asia,0,0,0,0,0,0,0,0,0,0,0,0,0,0,0,0,0,0,0
220,Seychelles,Africa,Eastern Africa,Sub-Saharan Africa,0,0,0,0,0,0,0,0,0,0,0,0,0,0,0,0,0,0,0
221,Sierra Leone,Africa,Western Africa,Sub-Saharan Africa,0,0,0,0,0,0,0,0,0,0,0,0,0,0,0,0,0,0,0
222,Singapore,Asia,South-Eastern Asia,East Asia,0,0,0,0,0,0,0,0,0,0,0,0,0,0,0,0,0,0,0
223,Slovakia,Europe,Eastern Europe,Eastern Europe,753381.4625,617048.3873,434076.1142,177972.8117,9743.923095,3572.696401,0,107180.8933,23949.46378,0,0,0,0,0,322419.7886,294628.6097,-0.01103412,0,0.010255377
224,Slovenia,Europe,Southern Europe,Western Europe,6492.126141,4922.224114,3390.655731,1471.598849,84.15441455,33.90655585,0,1017.196679,195.412305,0,0,0,0,0,2802.2688,2119.955461,-0.00014729,0,0.00010549
225,Solomon Islands,Oceania,Melanesia,Oceania,0,0,0,0,0,0,0,0,0,0,0,0,0,0,0,0,0,0,0
226,Somalia,Africa,Eastern Africa,Sub-Saharan Africa,3022364.636,2481594.413,1551308.444,38158.37575,1955.35857,775.6542303,0,23269.62699,2462.982504,0,0,0,0,0,66621.99803,2414972.422,-0.00662678,168663.3579,0.017171239
227,South Africa,Africa,Southern Africa,Sub-Saharan Africa,0,0,0,0,0,0,0,0,0,0,0,0,0,0,0,0,0,0,0
228,South Georgia and the South Sandwich Islands,Antarctica,,,0,0,0,0,0,0,0,0,0,0,0,0,0,0,0,0,0,0,0
229,Spain,Europe,Southern Europe,Western Europe,37615506,28034421.03,19139074.41,5592263.361,307216.6782,122669.3393,0,3680080.095,713342.3145,0,0,0,0,0,10415571.78,17618849.48,-0.230362,0,0.033741839
230,Spratly Islands,Asia,South-Eastern Asia,East Asia,0,0,0,0,0,0,0,0,0,0,0,0,0,0,0,0,0,0,0
231,Sri Lanka,Asia,Southern Asia,South Asia,0,0,0,0,0,0,0,0,0,0,0,0,0,0,0,0,0,0,0
233,Suriname,Americas,South America,Central & South America,0,0,0,0,0,0,0,0,0,0,0,0,0,0,0,0,0,0,0
234,Svalbard and Jan Mayen Islands,Europe,Northern Europe,Western Europe,0,0,0,0,0,0,0,0,0,0,0,0,0,0,0,0,0,0,0
235,Swaziland,Africa,Southern Africa,Sub-Saharan Africa,0,0,0,0,0,0,0,0,0,0,0,0,0,0,0,0,0,0,0
236,Sweden,Europe,Northern Europe,Western Europe,0,0,0,0,0,0,0,0,0,0,0,0,0,0,0,0,0,0,0
237,Switzerland,Europe,Western Europe,Western Europe,50139.37922,37120.58078,28107.29959,8500.840263,467.4734244,187.096755,0,5612.902553,980.9624827,0,0,0,0,0,15749.27546,21371.30565,-0.00033625,0,0.000147965
238,Syrian Arab Republic,Asia,Western Asia,West Asia & Northern Africa,38525818.08,30710218.44,18016741.15,4184460.199,224843.2254,90083.70581,0,2702511.178,318729.9616,0,0,0,0,0,7520628.269,23189590.26,-0.0864083,3115672.975,0.340418473
239,Tajikistan,Asia,Central Asia,West Asia & Northern Africa,0,0,0,0,0,0,0,0,0,0,0,0,0,0,0,0,0,0,0
240,Thailand,Asia,South-Eastern Asia,East Asia,0,0,0,0,0,0,0,0,0,0,0,0,0,0,0,0,0,0,0
241,The former Yugoslav Republic of Macedonia,Europe,Southern Europe,Western Europe,3519055.362,2799161.77,1960261.757,189284.1271,9920.958063,3920.523511,0,117615.7068,22225.34481,0,0,0,0,0,342966.6596,2456195.164,-0.05417006,0,0.173321723
242,Timor-Leste,Asia,South-Eastern Asia,East Asia,0,0,0,0,0,0,0,0,0,0,0,0,0,0,0,0,0,0,0
243,Togo,Africa,Western Africa,Sub-Saharan Africa,0,0,0,0,0,0,0,0,0,0,0,0,0,0,0,0,0,0,0
244,Tokelau,Oceania,Polynesia,Oceania,0,0,0,0,0,0,0,0,0,0,0,0,0,0,0,0,0,0,0
245,Tonga,Oceania,Polynesia,Oceania,0,0,0,0,0,0,0,0,0,0,0,0,0,0,0,0,0,0,0
246,Trinidad and Tobago,Americas,Caribbean,Central & South America,0,0,0,0,0,0,0,0,0,0,0,0,0,0,0,0,0,0,0
247,Tromelin Island,Africa,Eastern Africa,Sub-Saharan Africa,0,0,0,0,0,0,0,0,0,0,0,0,0,0,0,0,0,0,0
248,Tunisia,Africa,Northern Africa,West Asia & Northern Africa,2060961.01,1598774.109,936401.3026,217482.947,11680.71853,4682.006489,0,140460.1949,15867.83307,0,0,0,0,0,390173.6999,1208600.411,-0.00196457,196247.6519,0.024339288
249,Turkey,Asia,Western Asia,West Asia & Northern Africa,85348969.02,67995325.99,42755332.23,9930096.927,535943.2303,213776.661,0,6413299.836,1070033.918,0,0,0,0,0,18163150.57,49832175.42,-0.00376201,3942412.219,0.131455699
250,Turkmenistan,Asia,Central Asia,West Asia & Northern Africa,0,0,0,0,0,0,0,0,0,0,0,0,0,0,0,0,0,0,0
251,Turks and Caicos islands,Americas,Caribbean,Central & South America,0,0,0,0,0,0,0,0,0,0,0,0,0,0,0,0,0,0,0
252,Tuvalu,Oceania,Polynesia,Oceania,0,0,0,0,0,0,0,0,0,0,0,0,0,0,0,0,0,0,0
253,Uganda,Africa,Eastern Africa,Sub-Saharan Africa,0,0,0,0,0,0,0,0,0,0,0,0,0,0,0,0,0,0,0
254,Ukraine,Europe,Eastern Europe,Eastern Europe,6118092.572,5045689.597,3598402.356,0,0,0,0,0,0,0,0,0,0,0,0,5045689.597,0,0,0.013806505
255,United Arab Emirates,Asia,Western Asia,West Asia & Northern Africa,73523.4363,58057.50539,34868.68868,8098.392758,434.8431341,174.3434471,0,5230.303353,576.2207325,0,0,0,0,0,14514.10346,43543.40208,-0.00014322,9571.938383,0.004703852
256,U.K. of Great Britain and Northern Ireland,Europe,Northern Europe,Western Europe,0,0,0,0,0,0,0,0,0,0,0,0,0,0,0,0,0,0,0
257,United Republic of Tanzania,Africa,Eastern Africa,Sub-Saharan Africa,0,0,0,0,0,0,0,0,0,0,0,0,0,0,0,0,0,0,0
258,United States Virgin Islands,Americas,Caribbean,Central & South America,0,0,0,0,0,0,0,0,0,0,0,0,0,0,0,0,0,0,0
259,United States of America,Americas,Northern America,North America,0,0,0,0,0,0,0,0,0,0,0,0,0,0,0,0,0,0,0
260,Uruguay,Americas,South America,Central & South America,0,0,0,0,0,0,0,0,0,0,0,0,0,0,0,0,0,0,0
261,Uzbekistan,Asia,Central Asia,West Asia & Northern Africa,0,0,0,0,0,0,0,0,0,0,0,0,0,0,0,0,0,0,0
262,Vanuatu,Oceania,Melanesia,Oceania,0,0,0,0,0,0,0,0,0,0,0,0,0,0,0,0,0,0,0
263,Venezuela,Americas,South America,Central & South America,0,0,0,0,0,0,0,0,0,0,0,0,0,0,0,0,0,0,0
264,Viet Nam,Asia,South-Eastern Asia,East Asia,0,0,0,0,0,0,0,0,0,0,0,0,0,0,0,0,0,0,0
265,Wake Island,Oceania,Micronesia,Oceania,0,0,0,0,0,0,0,0,0,0,0,0,0,0,0,0,0,0,0
266,Wallis and Futuna,Oceania,Polynesia,Oceania,0,0,0,0,0,0,0,0,0,0,0,0,0,0,0,0,0,0,0
267,West Bank,Asia,Western Asia,West Asia & Northern Africa,1719079.169,1334633.473,800262.043,185864.0599,9980.13274,4001.310284,0,120039.3071,13246.23708,0,0,0,0,0,333131.047,1001502.418,0.0071833,377529.9243,0.194599061
268,Western Sahara,Africa,Northern Africa,West Asia & Northern Africa,0,0,0,0,0,0,0,0,0,0,0,0,0,0,0,0,0,0,0
269,Yemen,Asia,Western Asia,West Asia & Northern Africa,4485971.058,3744055.256,2364666.242,549203.1934,29498.12376,11823.33115,0,354699.9349,40223.28528,0,0,0,0,0,985447.8681,2758607.385,0.0029254,743277.9053,0.027381403
270,Zambia,Africa,Eastern Africa,Sub-Saharan Africa,0,0,0,0,0,0,0,0,0,0,0,0,0,0,0,0,0,0,0
271,Zimbabwe,Africa,Eastern Africa,Sub-Saharan Africa,0,0,0,0,0,0,0,0,0,0,0,0,0,0,0,0,0,0,0
2647,Montenegro,Europe,Southern Europe,Western Europe,775821.4057,620010.2727,434897.6235,41993.99395,2200.972795,869.7952384,0,26093.85794,4922.881818,0,0,0,0,0,76081.50173,543928.7685,0.00244716,0,0.135601452
2648,Serbia,Europe,Southern Europe,Western Europe,2651038.9,2122649.432,1490195.206,144158.7552,7556.295775,2985.649254,0,89569.4762,16891.4141,0,0,0,0,0,261161.5902,1861487.88,-0.03731269,0,0.015994101
33364,Hong Kong,Asia,Eastern Asia,East Asia,0,0,0,0,0,0,0,0,0,0,0,0,0,0,0,0,0,0,0
40760,Hala'ib triangle,Africa,Northern Africa,West Asia & Northern Africa,0,0,0,0,0,0,0,0,0,0,0,0,0,0,0,0,0,0,0
40762,Ma'tan al-Sarra,Africa,Northern Africa,West Asia & Northern Africa,0,0,0,0,0,0,0,0,0,0,0,0,0,0,0,0,0,0,0
40765,Egypt,Africa,Northern Africa,West Asia & Northern Africa,8715246.536,6522396.755,3894365.64,904481.9894,48569.01811,19471.82798,0,584154.8429,64734.78738,0,0,0,0,0,1621412.466,4900984.341,-0.0517065,1617983.427,0.02214196
40781,Jammu and Kashmir,Asia,Eastern Asia,East Asia,0,0,0,0,0,0,0,0,0,0,0,0,0,0,0,0,0,0,0
61013,Ilemi triangle,Africa,Northern Africa,West Asia & Northern Africa,0,0,0,0,0,0,0,0,0,0,0,0,0,0,0,0,0,0,0
74578,Azores Islands,Europe,Southern Europe,Western Europe,0,0,0,0,0,0,0,0,0,0,0,0,0,0,0,0,0,0,0
