ADM0_CODE,ADM0_NAME,CONTINENT,REGION,REG_ANNEX5,Total_N_intake,Total_N_excreted,TAN,NH3, N2O , NOx ,Nox_burned,N2,NO3_leach, NH3_daily_spread,N_discharged,Npublsew,N_not_collected,Nox_incinerated,N_losses, N_recycled, Balance ,Intake_non_crop,share_trade
1,Afghanistan,Asia,Southern Asia,South Asia,22903106.18,19294705.79,12474161.67,774314.1141,41959.18144,16367.5713,0,491027.1393,185621.8674,0,0,0,0,0,1509289.873,17785415.91,0.001160197,1192679.958,0.100768476
2,Aksai Chin,Asia,Eastern Asia,East Asia,0,0,0,0,0,0,0,0,0,0,0,0,0,0,0,0,0,0,0
3,Albania,Europe,Southern Europe,Western Europe,3303881.709,2635896.677,1848227.483,178466.0199,9353.751034,3696.454935,0,110893.6472,20929.0207,0,0,0,0,0,323338.8928,2312557.783,0.00112193,0,0.086006602
4,Algeria,Africa,Northern Africa,West Asia & Northern Africa,73727909.63,60673597.24,37467476.65,8701971.376,467275.1623,187337.3847,0,5620121.462,622190.8149,0,0,0,0,0,15598896.2,45074700.84,0.207670003,10808584.68,0.28381507
5,American Samoa,Oceania,Polynesia,Oceania,0,0,0,0,0,0,0,0,0,0,0,0,0,0,0,0,0,0,0
6,Sudan,Africa,Northern Africa,West Asia & Northern Africa,69565746.23,57760903.77,35634152.54,8276174.387,444271.3108,178170.7611,0,5345122.863,573276.9676,0,0,0,0,0,14817016.29,42943887.51,-0.035994008,6774161.442,0.044266473
7,Andorra,Europe,Southern Europe,Western Europe,0,0,0,0,0,0,0,0,0,0,0,0,0,0,0,0,0,0,0
8,Angola,Africa,Middle Africa,Sub-Saharan Africa,0,0,0,0,0,0,0,0,0,0,0,0,0,0,0,0,0,0,0
9,Anguilla,Americas,Caribbean,Central & South America,0,0,0,0,0,0,0,0,0,0,0,0,0,0,0,0,0,0,0
10,Antarctica,Antarctica,,,0,0,0,0,0,0,0,0,0,0,0,0,0,0,0,0,0,0,0
11,Antigua and Barbuda,Americas,Caribbean,Central & South America,0,0,0,0,0,0,0,0,0,0,0,0,0,0,0,0,0,0,0
12,Argentina,Americas,South America,Central & South America,0,0,0,0,0,0,0,0,0,0,0,0,0,0,0,0,0,0,0
13,Armenia,Asia,Western Asia,West Asia & Northern Africa,1038339.256,822804.8618,499059.8888,115908.6568,6289.07971,2495.299497,0,74858.98312,16897.14231,0,0,0,0,0,216449.1609,606355.6896,0.01133538,116716.3142,0.027838322
14,Aruba,Americas,Caribbean,Central & South America,0,0,0,0,0,0,0,0,0,0,0,0,0,0,0,0,0,0,0
15,Arunachal Pradesh,Asia,Eastern Asia,East Asia,0,0,0,0,0,0,0,0,0,0,0,0,0,0,0,0,0,0,0
16,Ashmore and Cartier Islands,Oceania,Australia and New Zealand,Oceania,0,0,0,0,0,0,0,0,0,0,0,0,0,0,0,0,0,0,0
17,Australia,Oceania,Australia and New Zealand,Oceania,0,0,0,0,0,0,0,0,0,0,0,0,0,0,0,0,0,0,0
18,Austria,Europe,Western Europe,Western Europe,451621.3897,340046.6593,258749.8894,45229.81548,2409.361318,957.3746096,0,28721.23897,4994.945313,0,0,0,0,0,82312.73587,257733.9272,-0.003738703,0,0.002190866
19,Azerbaijan,Asia,Western Asia,West Asia & Northern Africa,836982.2514,674995.1127,412826.0467,95880.50162,5233.743679,2064.130239,0,61923.9071,18128.77215,0,0,0,0,0,183231.0547,491764.0554,0.00255493,103291.9368,0.004878475
20,Bahamas,Americas,Caribbean,Central & South America,0,0,0,0,0,0,0,0,0,0,0,0,0,0,0,0,0,0,0
21,Bahrain,Asia,Western Asia,West Asia & Northern Africa,9296.45533,7038.147247,4009.064758,931.1213341,50.02377594,20.04532379,0,601.3597221,69.85361171,0,0,0,0,0,1672.403767,5365.743515,-0.000034272,1351.457373,0.018529583
22,Baker Island,Americas,Northern America,North America,0,0,0,0,0,0,0,0,0,0,0,0,0,0,0,0,0,0,0
23,Bangladesh,Asia,Southern Asia,South Asia,44933.20013,35519.84639,21778.89481,535.7072867,28.52207326,10.88944725,0,326.6834164,176.2672425,0,0,0,0,0,1078.069467,34441.77756,-0.000643392,5991.705833,1.78E-05
24,Barbados,Americas,Caribbean,Central & South America,0,0,0,0,0,0,0,0,0,0,0,0,0,0,0,0,0,0,0
25,Bassas da India,Africa,Eastern Africa,Sub-Saharan Africa,0,0,0,0,0,0,0,0,0,0,0,0,0,0,0,0,0,0,0
26,Belarus,Europe,Eastern Europe,Eastern Europe,0,0,0,0,0,0,0,0,0,0,0,0,0,0,0,0,0,0,0
27,Belgium,Europe,Western Europe,Western Europe,0,0,0,0,0,0,0,0,0,0,0,0,0,0,0,0,0,0,0
28,Belize,Americas,Central America,Central & South America,0,0,0,0,0,0,0,0,0,0,0,0,0,0,0,0,0,0,0
29,Benin,Africa,Western Africa,Sub-Saharan Africa,0,0,0,0,0,0,0,0,0,0,0,0,0,0,0,0,0,0,0
30,Bermuda,Americas,Northern America,North America,0,0,0,0,0,0,0,0,0,0,0,0,0,0,0,0,0,0,0
31,Bhutan,Asia,Southern Asia,South Asia,0,0,0,0,0,0,0,0,0,0,0,0,0,0,0,0,0,0,0
32,Bird Island,Americas,Caribbean,Central & South America,0,0,0,0,0,0,0,0,0,0,0,0,0,0,0,0,0,0,0
33,Bolivia,Americas,South America,Central & South America,14665451.41,12392644.47,7929600.173,1147799.873,63620.01342,24611.30657,0,738339.1945,370991.5027,0,0,0,0,0,2345361.888,10047282.56,0.022537401,603185.0374,0.02251467
34,Bosnia and Herzegovina,Europe,Southern Europe,Western Europe,1589735.016,1265516.617,886632.9522,85613.83933,4487.249414,1773.265929,0,53197.97733,10048.20269,0,0,0,0,0,155120.5343,1110396.082,0.00080667,0,0.035013579
35,Botswana,Africa,Southern Africa,Sub-Saharan Africa,0,0,0,0,0,0,0,0,0,0,0,0,0,0,0,0,0,0,0
36,Bouvet Island,Antarctica,,,0,0,0,0,0,0,0,0,0,0,0,0,0,0,0,0,0,0,0
37,Brazil,Americas,South America,Central & South America,0,0,0,0,0,0,0,0,0,0,0,0,0,0,0,0,0,0,0
38,British Indian Ocean Territory,Africa,Eastern Africa,South Asia,0,0,0,0,0,0,0,0,0,0,0,0,0,0,0,0,0,0,0
39,British Virgin Islands,Americas,Caribbean,Central & South America,0,0,0,0,0,0,0,0,0,0,0,0,0,0,0,0,0,0,0
40,Brunei Darussalam,Asia,South-Eastern Asia,East Asia,0,0,0,0,0,0,0,0,0,0,0,0,0,0,0,0,0,0,0
41,Bulgaria,Europe,Eastern Europe,Eastern Europe,1869751.908,1511365.545,1068541.93,271198.4455,14742.71551,5876.980819,0,176309.4249,33000.66787,0,0,0,0,0,501128.2345,1010237.344,-0.03321584,0,0.028096514
42,Burkina Faso,Africa,Western Africa,Sub-Saharan Africa,3181149.864,2730484.425,1745134.71,42926.0255,2199.904357,872.5673698,0,26177.02104,2801.946003,0,0,0,0,0,74977.46427,2655506.963,-0.001595204,179360.2482,0.010304687
43,Burundi,Africa,Eastern Africa,Sub-Saharan Africa,88141.70176,75882.84116,46564.14387,1804.134212,97.8855833,37.55789984,0,1126.737031,601.6143829,0,0,0,0,0,3667.929071,72214.91377,-0.001679835,17229.07052,0.005850175
44,Cambodia,Asia,South-Eastern Asia,East Asia,0,0,0,0,0,0,0,0,0,0,0,0,0,0,0,0,0,0,0
45,Cameroon,Africa,Middle Africa,Sub-Saharan Africa,5748106.738,4800849.81,2882548.428,72381.68034,3753.321118,1473.304657,0,44199.13993,10002.24307,0,0,0,0,0,131809.6891,4669040.112,0.00876472,286654.9225,0.030107406
46,Canada,Americas,Northern America,North America,0,0,0,0,0,0,0,0,0,0,0,0,0,0,0,0,0,0,0
47,Cape Verde,Africa,Western Africa,Sub-Saharan Africa,0,0,0,0,0,0,0,0,0,0,0,0,0,0,0,0,0,0,0
48,Cayman Islands,Americas,Caribbean,Central & South America,0,0,0,0,0,0,0,0,0,0,0,0,0,0,0,0,0,0,0
49,Central African Republic,Africa,Middle Africa,Sub-Saharan Africa,0,0,0,0,0,0,0,0,0,0,0,0,0,0,0,0,0,0,0
50,Chad,Africa,Middle Africa,Sub-Saharan Africa,2724776.59,2376538.246,1514457.922,37251.94362,1908.607589,757.2289741,0,22716.86907,2364.450433,0,0,0,0,0,64999.09967,2311539.14,0.006278076,243054.9998,0.0106566
51,Chile,Americas,South America,Central & South America,0,0,0,0,0,0,0,0,0,0,0,0,0,0,0,0,0,0,0
52,China/India,Asia,Eastern Asia,East Asia,0,0,0,0,0,0,0,0,0,0,0,0,0,0,0,0,0,0,0
53,China,Asia,Eastern Asia,East Asia,203182826.7,163107797.5,103063961.3,20749588.13,1154616.054,446246.9193,0,13387407.57,6951525.248,0,0,0,0,0,42689383.92,120418413.6,-0.038201004,8345271.497,0.022320648
54,Christmas Island,Asia,South-Eastern Asia,East Asia,0,0,0,0,0,0,0,0,0,0,0,0,0,0,0,0,0,0,0
55,Clipperton Island,Americas,Central America,Central & South America,0,0,0,0,0,0,0,0,0,0,0,0,0,0,0,0,0,0,0
56,Cocos (Keeling) Islands,Asia,South-Eastern Asia,East Asia,0,0,0,0,0,0,0,0,0,0,0,0,0,0,0,0,0,0,0
57,Colombia,Americas,South America,Central & South America,0,0,0,0,0,0,0,0,0,0,0,0,0,0,0,0,0,0,0
58,Comoros,Africa,Eastern Africa,Sub-Saharan Africa,0,0,0,0,0,0,0,0,0,0,0,0,0,0,0,0,0,0,0
59,Congo,Africa,Middle Africa,Sub-Saharan Africa,0,0,0,0,0,0,0,0,0,0,0,0,0,0,0,0,0,0,0
60,Cook Islands,Oceania,Polynesia,Oceania,0,0,0,0,0,0,0,0,0,0,0,0,0,0,0,0,0,0,0
61,Costa Rica,Americas,Central America,Central & South America,0,0,0,0,0,0,0,0,0,0,0,0,0,0,0,0,0,0,0
62,Croatia,Europe,Southern Europe,Western Europe,591901.6905,462933.692,322294.4416,31120.95617,1631.306955,644.5888908,0,19337.66685,3675.693568,0,0,0,0,0,56410.21225,406523.4781,0.00166322,0,0.011278844
63,Cuba,Americas,Caribbean,Central & South America,0,0,0,0,0,0,0,0,0,0,0,0,0,0,0,0,0,0,0
64,Cyprus,Asia,Western Asia,West Asia & Northern Africa,566422.7324,436586.8159,284583.5691,66095.67191,3549.440327,1422.917831,0,42687.53588,4760.263582,0,0,0,0,0,118515.8295,318070.9885,-0.0020492,0,0.04725476
65,Czech Republic,Europe,Eastern Europe,Eastern Europe,462483.8519,342208.83,234035.3204,59398.70898,3230.83998,1287.194284,0,38615.82897,7472.129981,0,0,0,0,0,110004.7025,232204.123,0.00452832,0,0.003198638
66,C?te d'Ivoire,Africa,Western Africa,Sub-Saharan Africa,0,0,0,0,0,0,0,0,0,0,0,0,0,0,0,0,0,0,0
67,Dem People's Rep of Korea,Asia,Eastern Asia,East Asia,0,0,0,0,0,0,0,0,0,0,0,0,0,0,0,0,0,0,0
68,Democratic Republic of the Congo,Africa,Middle Africa,Sub-Saharan Africa,0,0,0,0,0,0,0,0,0,0,0,0,0,0,0,0,0,0,0
69,Denmark,Europe,Northern Europe,Western Europe,0,0,0,0,0,0,0,0,0,0,0,0,0,0,0,0,0,0,0
70,Djibouti,Africa,Eastern Africa,Sub-Saharan Africa,0,0,0,0,0,0,0,0,0,0,0,0,0,0,0,0,0,0,0
71,Dominica,Americas,Caribbean,Central & South America,0,0,0,0,0,0,0,0,0,0,0,0,0,0,0,0,0,0,0
72,Dominican Republic,Americas,Caribbean,Central & South America,0,0,0,0,0,0,0,0,0,0,0,0,0,0,0,0,0,0,0
73,Ecuador,Americas,South America,Central & South America,1100871.247,931704.2885,582159.535,113059.0831,6294.395756,2430.802554,0,72924.07688,38459.60453,0,0,0,0,0,233167.236,698537.0509,0.00154599,124969.1811,0.00323712
74,South Sudan,Africa,Northern Africa,West Asia & Northern Africa,48785670.07,41723881.51,25980010.8,6033961.443,327664.4669,129900.0543,0,3897001.611,915118.6134,0,0,0,0,0,11303646.19,30420235.32,-0.001147002,1789156.806,0.096760864
75,El Salvador,Americas,Central America,Central & South America,0,0,0,0,0,0,0,0,0,0,0,0,0,0,0,0,0,0,0
76,Equatorial Guinea,Africa,Middle Africa,Sub-Saharan Africa,0,0,0,0,0,0,0,0,0,0,0,0,0,0,0,0,0,0,0
77,Eritrea,Africa,Eastern Africa,Sub-Saharan Africa,819094.9783,693088.9226,434547.2094,13663.77998,742.5891607,281.7427707,0,8452.283231,1836.916623,0,0,0,0,0,24915.30748,668173.6136,0.001496161,95830.03993,0.016134794
78,Estonia,Europe,Northern Europe,Western Europe,0,0,0,0,0,0,0,0,0,0,0,0,0,0,0,0,0,0,0
79,Ethiopia,Africa,Eastern Africa,Sub-Saharan Africa,9046198.399,7802271.09,4991295.95,212470.1491,11341.24187,4439.408434,0,133182.253,41851.99259,0,0,0,0,0,403285.045,7398986.046,-0.001355439,503338.0173,0.009753796
80,Europa Island,Africa,Eastern Africa,Sub-Saharan Africa,0,0,0,0,0,0,0,0,0,0,0,0,0,0,0,0,0,0,0
81,Falkland Islands (Malvinas),Americas,South America,Central & South America,0,0,0,0,0,0,0,0,0,0,0,0,0,0,0,0,0,0,0
82,Faroe Islands,Europe,Northern Europe,Western Europe,0,0,0,0,0,0,0,0,0,0,0,0,0,0,0,0,0,0,0
83,Fiji,Oceania,Melanesia,Oceania,0,0,0,0,0,0,0,0,0,0,0,0,0,0,0,0,0,0,0
84,Finland,Europe,Northern Europe,Western Europe,0,0,0,0,0,0,0,0,0,0,0,0,0,0,0,0,0,0,0
85,France,Europe,Western Europe,Western Europe,6681680.962,5200880.271,3972884.973,568168.044,30044.46092,11918.65551,0,357559.6556,61942.4857,0,0,0,0,0,1029633.302,4171247.135,-0.1655925,0,0.004485951
86,French Guiana,Americas,South America,Central & South America,0,0,0,0,0,0,0,0,0,0,0,0,0,0,0,0,0,0,0
87,French Polynesia,Oceania,Polynesia,Oceania,0,0,0,0,0,0,0,0,0,0,0,0,0,0,0,0,0,0,0
88,French Southern and Antarctic Territories,Antarctica,,,0,0,0,0,0,0,0,0,0,0,0,0,0,0,0,0,0,0,0
89,Gabon,Africa,Middle Africa,Sub-Saharan Africa,0,0,0,0,0,0,0,0,0,0,0,0,0,0,0,0,0,0,0
90,Gambia,Africa,Western Africa,Sub-Saharan Africa,0,0,0,0,0,0,0,0,0,0,0,0,0,0,0,0,0,0,0
91,Gaza Strip,Asia,Western Asia,West Asia & Northern Africa,35613.14596,25705.52832,14614.18945,3394.203857,182.3546753,73.07094193,0,2192.128235,255.1273499,0,0,0,0,0,6096.885082,19608.64307,0.00017166,7606.553711,0.043524415
92,Georgia,Asia,Western Asia,West Asia & Northern Africa,337441.3644,268214.5589,166611.0281,38696.07791,2124.061607,833.055135,0,24991.65425,8877.165751,0,0,0,0,0,75522.01467,192692.5437,0.000560557,12842.17297,0.00557144
93,Germany,Europe,Western Europe,Western Europe,0,0,0,0,0,0,0,0,0,0,0,0,0,0,0,0,0,0,0
94,Ghana,Africa,Western Africa,Sub-Saharan Africa,0,0,0,0,0,0,0,0,0,0,0,0,0,0,0,0,0,0,0
95,Gibraltar,Europe,Southern Europe,Western Europe,0,0,0,0,0,0,0,0,0,0,0,0,0,0,0,0,0,0,0
96,Glorioso Island,Africa,Eastern Africa,Sub-Saharan Africa,0,0,0,0,0,0,0,0,0,0,0,0,0,0,0,0,0,0,0
97,Greece,Europe,Southern Europe,Western Europe,18092164.33,13862873.58,9487617.731,1269622.08,80713.55139,26565.33009,0,796959.9016,185328.3322,0,0,0,0,0,2314366.622,11548507.03,-0.074413501,0,0.132600502
98,Greenland,Americas,Northern America,North America,0,0,0,0,0,0,0,0,0,0,0,0,0,0,0,0,0,0,0
99,Grenada,Americas,Caribbean,Central & South America,0,0,0,0,0,0,0,0,0,0,0,0,0,0,0,0,0,0,0
100,Guadeloupe,Americas,Caribbean,Central & South America,0,0,0,0,0,0,0,0,0,0,0,0,0,0,0,0,0,0,0
101,Guam,Oceania,Micronesia,Oceania,0,0,0,0,0,0,0,0,0,0,0,0,0,0,0,0,0,0,0
102,Abyei,Africa,Northern Africa,West Asia & Northern Africa,366510.7117,313798.0559,196393.7833,45613.24219,2448.212528,981.9689231,0,29459.06764,3114.445707,0,0,0,0,0,81616.93695,232181.1155,0.003482618,5099.026775,0.05058986
103,Guatemala,Americas,Central America,Central & South America,0,0,0,0,0,0,0,0,0,0,0,0,0,0,0,0,0,0,0
104,Guernsey,Europe,Northern Europe,Western Europe,0,0,0,0,0,0,0,0,0,0,0,0,0,0,0,0,0,0,0
105,Guinea-Bissau,Africa,Western Africa,Sub-Saharan Africa,473744.871,410046.744,260438.2227,6406.140378,328.2736135,130.2191134,0,3906.573372,413.792673,0,0,0,0,0,11184.99915,398861.7443,0.000511385,43706.98222,0.021742093
106,Guinea,Africa,Western Africa,Sub-Saharan Africa,1045413.029,908350.5033,579952.3006,14265.40151,743.1797298,289.9761548,0,8699.284621,2531.861761,0,0,0,0,0,26529.70379,881820.7993,0.000197872,40351.65967,0.006704797
107,Guyana,Americas,South America,Central & South America,0,0,0,0,0,0,0,0,0,0,0,0,0,0,0,0,0,0,0
108,Haiti,Americas,Caribbean,Central & South America,0,0,0,0,0,0,0,0,0,0,0,0,0,0,0,0,0,0,0
109,Heard Island and McDonald Islands,Antarctica,,,0,0,0,0,0,0,0,0,0,0,0,0,0,0,0,0,0,0,0
110,Holy See,Europe,Southern Europe,Western Europe,0,0,0,0,0,0,0,0,0,0,0,0,0,0,0,0,0,0,0
111,Honduras,Americas,Central America,Central & South America,0,0,0,0,0,0,0,0,0,0,0,0,0,0,0,0,0,0,0
112,Howland Island,Americas,Northern America,North America,0,0,0,0,0,0,0,0,0,0,0,0,0,0,0,0,0,0,0
113,Hungary,Europe,Eastern Europe,Eastern Europe,29866.80752,24622.80072,17591.95103,4838.591911,264.4101826,105.5517088,0,3166.551306,586.5151245,0,0,0,0,0,8961.620238,15661.18064,-0.000157599,0,0.000254608
114,Iceland,Europe,Northern Europe,Western Europe,0,0,0,0,0,0,0,0,0,0,0,0,0,0,0,0,0,0,0
115,India,Asia,Southern Asia,South Asia,0,0,0,0,0,0,0,0,0,0,0,0,0,0,0,0,0,0,0
116,Indonesia,Asia,South-Eastern Asia,East Asia,3914335.212,3167003.056,1915979.875,115737.4749,6364.400433,2444.77665,0,73343.29943,37299.63293,0,0,0,0,0,235020.2333,2931982.867,-0.04474056,419381.8183,0.003995529
117,Iran  (Islamic Republic of),Asia,Southern Asia,South Asia,49728771.89,41055115.42,25219322.61,694021.4146,35938.52115,14206.51149,0,426195.3447,68174.9735,0,0,0,0,0,1238536.754,39816578.69,-0.030095704,4054430.801,0.07120594
118,Iraq,Asia,Western Asia,West Asia & Northern Africa,12526875.22,10390954.6,6493639.364,1508173.716,80970.3612,32468.1968,0,974045.9051,105852.0506,0,0,0,0,0,2701510.23,7689444.382,-0.012254899,1110403.215,0.074730415
119,Ireland,Europe,Northern Europe,Western Europe,0,0,0,0,0,0,0,0,0,0,0,0,0,0,0,0,0,0,0
120,Isle of Man,Europe,Northern Europe,Western Europe,0,0,0,0,0,0,0,0,0,0,0,0,0,0,0,0,0,0,0
121,Israel,Asia,Western Asia,West Asia & Northern Africa,599121.6342,476734.9429,311485.1204,72343.66556,3881.350404,1557.425588,0,46722.76927,4731.594409,0,0,0,0,0,129236.8052,347498.1473,-0.00955783,0,0.008084311
122,Italy,Europe,Southern Europe,Western Europe,14609214.8,11885890.77,8446729.471,412962.0136,21421.36951,8446.729654,0,253401.8853,47186.98861,0,0,0,0,0,743418.9868,11142471.83,-0.04643772,0,0.030397263
123,Jamaica,Americas,Caribbean,Central & South America,0,0,0,0,0,0,0,0,0,0,0,0,0,0,0,0,0,0,0
126,Japan,Asia,Eastern Asia,East Asia,0,0,0,0,0,0,0,0,0,0,0,0,0,0,0,0,0,0,0
127,Jarvis Island,Americas,Northern America,North America,0,0,0,0,0,0,0,0,0,0,0,0,0,0,0,0,0,0,0
128,Jersey,Europe,Northern Europe,Western Europe,0,0,0,0,0,0,0,0,0,0,0,0,0,0,0,0,0,0,0
129,Johnston Atoll,Americas,Northern America,North America,0,0,0,0,0,0,0,0,0,0,0,0,0,0,0,0,0,0,0
130,Jordan,Asia,Western Asia,West Asia & Northern Africa,8280133.762,6943583.859,4650970.103,1080206.404,58007.41833,23254.85038,0,697645.524,77619.17066,0,0,0,0,0,1936733.366,5006850.432,0.0610656,0,0.3320261
131,Juan de Nova Island,Africa,Eastern Africa,Sub-Saharan Africa,0,0,0,0,0,0,0,0,0,0,0,0,0,0,0,0,0,0,0
132,Kazakhstan,Asia,Central Asia,West Asia & Northern Africa,1927775.717,1499568.062,860531.7953,199861.9519,11186.47295,4302.658982,0,129079.7694,74416.14644,0,0,0,0,0,418846.9088,1080721.153,0.00012475,134515.9213,0.004320562
133,Kenya,Africa,Eastern Africa,Sub-Saharan Africa,9699213.353,8416214.893,5405475.929,343571.8675,18665.95091,7266.752087,0,218002.5602,87607.8262,0,0,0,0,0,675114.9571,7741099.928,0.00784217,587589.718,0.017656851
134,Kingman Reef,Americas,Northern America,North America,0,0,0,0,0,0,0,0,0,0,0,0,0,0,0,0,0,0,0
135,Kiribati,Oceania,Micronesia,Oceania,0,0,0,0,0,0,0,0,0,0,0,0,0,0,0,0,0,0,0
136,Kuril islands,Asia,Eastern Asia,East Asia,0,0,0,0,0,0,0,0,0,0,0,0,0,0,0,0,0,0,0
137,Kuwait,Asia,Western Asia,West Asia & Northern Africa,16685.85074,13530.31455,8922.18846,2072.214022,111.1681156,44.61094312,0,1338.328222,134.2883645,0,0,0,0,0,3700.609668,9829.705031,-0.000146624,0,0.002020462
138,Kyrgyzstan,Asia,Central Asia,West Asia & Northern Africa,3079800.327,2436748.311,1460877.538,339294.6513,18914.90011,7304.387706,0,219131.6309,116308.5633,0,0,0,0,0,700954.1332,1735794.18,-0.0013341,216911.3044,0.029312089
139,Lao People's Democratic Republic,Asia,South-Eastern Asia,East Asia,0,0,0,0,0,0,0,0,0,0,0,0,0,0,0,0,0,0,0
140,Latvia,Europe,Northern Europe,Western Europe,0,0,0,0,0,0,0,0,0,0,0,0,0,0,0,0,0,0,0
141,Lebanon,Asia,Western Asia,West Asia & Northern Africa,344330.2678,277057.0474,170575.6274,39616.87213,2134.21152,852.8781296,0,25586.34382,3743.027116,0,0,0,0,0,71933.33289,205123.7206,-0.006116722,22139.92292,0.014015716
142,Lesotho,Africa,Southern Africa,Sub-Saharan Africa,0,0,0,0,0,0,0,0,0,0,0,0,0,0,0,0,0,0,0
144,Liberia,Africa,Western Africa,Sub-Saharan Africa,0,0,0,0,0,0,0,0,0,0,0,0,0,0,0,0,0,0,0
145,Libya,Africa,Northern Africa,West Asia & Northern Africa,13135314.59,10341509.5,6247329.352,1450967.224,77905.14212,31236.64669,0,937099.4015,102639.4813,0,0,0,0,0,2599847.896,7741661.645,-0.0374148,1753712.412,0.285111964
146,Liechtenstein,Europe,Western Europe,Western Europe,0,0,0,0,0,0,0,0,0,0,0,0,0,0,0,0,0,0,0
147,Lithuania,Europe,Northern Europe,Western Europe,0,0,0,0,0,0,0,0,0,0,0,0,0,0,0,0,0,0,0
148,Luxembourg,Europe,Western Europe,Western Europe,0,0,0,0,0,0,0,0,0,0,0,0,0,0,0,0,0,0,0
149,Macau,Asia,Eastern Asia,East Asia,0,0,0,0,0,0,0,0,0,0,0,0,0,0,0,0,0,0,0
150,Madagascar,Africa,Eastern Africa,Sub-Saharan Africa,0,0,0,0,0,0,0,0,0,0,0,0,0,0,0,0,0,0,0
151,Madeira Islands,Europe,Southern Europe,Western Europe,0,0,0,0,0,0,0,0,0,0,0,0,0,0,0,0,0,0,0
152,Malawi,Africa,Eastern Africa,Sub-Saharan Africa,0,0,0,0,0,0,0,0,0,0,0,0,0,0,0,0,0,0,0
153,Malaysia,Asia,South-Eastern Asia,East Asia,0,0,0,0,0,0,0,0,0,0,0,0,0,0,0,0,0,0,0
154,Maldives,Asia,Southern Asia,South Asia,0,0,0,0,0,0,0,0,0,0,0,0,0,0,0,0,0,0,0
155,Mali,Africa,Western Africa,Sub-Saharan Africa,26424995.88,22361131.12,14061416.54,345876.2945,17722.82518,7030.708372,0,210921.2511,22193.423,0,0,0,0,0,603744.5021,21757386.64,-0.019636597,1270595.39,0.077907976
156,Malta,Europe,Southern Europe,Western Europe,0,0,0,0,0,0,0,0,0,0,0,0,0,0,0,0,0,0,0
157,Marshall Islands,Oceania,Micronesia,Oceania,0,0,0,0,0,0,0,0,0,0,0,0,0,0,0,0,0,0,0
158,Martinique,Americas,Caribbean,Central & South America,0,0,0,0,0,0,0,0,0,0,0,0,0,0,0,0,0,0,0
159,Mauritania,Africa,Western Africa,Sub-Saharan Africa,15987212.62,13308697.22,8112525.12,199548.1811,10227.97863,4056.262648,0,121687.8781,13208.88227,0,0,0,0,0,348729.183,12959968.05,-0.008519391,1373316.312,0.169047295
160,Mauritius,Africa,Eastern Africa,Sub-Saharan Africa,0,0,0,0,0,0,0,0,0,0,0,0,0,0,0,0,0,0,0
161,Mayotte,Africa,Eastern Africa,Sub-Saharan Africa,0,0,0,0,0,0,0,0,0,0,0,0,0,0,0,0,0,0,0
162,Mexico,Americas,Central America,Central & South America,0,0,0,0,0,0,0,0,0,0,0,0,0,0,0,0,0,0,0
163,Micronesia (Federated States of),Oceania,Micronesia,Oceania,0,0,0,0,0,0,0,0,0,0,0,0,0,0,0,0,0,0,0
164,Midway Island,Americas,Northern America,North America,0,0,0,0,0,0,0,0,0,0,0,0,0,0,0,0,0,0,0
165,"Moldova, Republic of",Europe,Eastern Europe,Eastern Europe,64051.48986,53519.45911,38326.75024,9727.419098,528.6817398,210.797132,0,6323.914032,1168.597424,0,0,0,0,0,17959.40946,35560.04919,0.000450605,0,0.001397869
166,Monaco,Europe,Western Europe,Western Europe,0,0,0,0,0,0,0,0,0,0,0,0,0,0,0,0,0,0,0
167,Mongolia,Asia,Eastern Asia,East Asia,11659050.49,9646366.336,6356904.047,1476416.393,82099.7248,31784.52024,0,953535.6072,478700.9299,0,0,0,0,0,3022537.174,6623829.154,0.0071132,154652.4787,0.072450497
168,Montserrat,Americas,Caribbean,Central & South America,0,0,0,0,0,0,0,0,0,0,0,0,0,0,0,0,0,0,0
169,Morocco,Africa,Northern Africa,West Asia & Northern Africa,3407554.556,2782455.182,1655097.997,384403.129,20706.80471,8275.489954,0,248264.699,36122.36309,0,0,0,0,0,697772.486,2084682.693,0.003271,264730.5691,0.014903733
170,Mozambique,Africa,Eastern Africa,Sub-Saharan Africa,0,0,0,0,0,0,0,0,0,0,0,0,0,0,0,0,0,0,0
171,Myanmar,Asia,South-Eastern Asia,East Asia,28298.88355,23428.73291,14972.86516,395.5523686,20.81069181,8.077096037,0,242.3128833,87.47515728,0,0,0,0,0,754.2281979,22674.50483,-0.000113924,2076.146938,5.68E-05
172,Namibia,Africa,Southern Africa,Sub-Saharan Africa,0,0,0,0,0,0,0,0,0,0,0,0,0,0,0,0,0,0,0
173,Nauru,Oceania,Micronesia,Oceania,0,0,0,0,0,0,0,0,0,0,0,0,0,0,0,0,0,0,0
174,Navassa Island,Americas,Northern America,North America,0,0,0,0,0,0,0,0,0,0,0,0,0,0,0,0,0,0,0
175,Nepal,Asia,Southern Asia,South Asia,2035954.021,1699777.685,1113606.186,174737.3736,9681.925457,3749.837862,0,112495.1359,55212.87745,0,0,0,0,0,355877.1503,1343900.54,-0.00536959,161248.0145,0.005932275
176,Netherlands Antilles,Americas,Caribbean,Central & South America,0,0,0,0,0,0,0,0,0,0,0,0,0,0,0,0,0,0,0
177,Netherlands,Europe,Western Europe,Western Europe,0,0,0,0,0,0,0,0,0,0,0,0,0,0,0,0,0,0,0
178,New Caledonia,Oceania,Melanesia,Oceania,0,0,0,0,0,0,0,0,0,0,0,0,0,0,0,0,0,0,0
179,New Zealand,Oceania,Australia and New Zealand,Oceania,0,0,0,0,0,0,0,0,0,0,0,0,0,0,0,0,0,0,0
180,Nicaragua,Americas,Central America,Central & South America,0,0,0,0,0,0,0,0,0,0,0,0,0,0,0,0,0,0,0
181,Niger,Africa,Western Africa,Sub-Saharan Africa,10596698.1,8985577.877,5636730.371,138649.7162,7104.624458,2818.365223,0,84550.95727,8918.186152,0,0,0,0,0,242041.8493,8743536.045,-0.01752983,1147819.056,0.033102402
182,Nigeria,Africa,Western Africa,Sub-Saharan Africa,0,0,0,0,0,0,0,0,0,0,0,0,0,0,0,0,0,0,0
183,Niue,Oceania,Polynesia,Oceania,0,0,0,0,0,0,0,0,0,0,0,0,0,0,0,0,0,0,0
184,Norfolk Island,Oceania,Australia and New Zealand,Oceania,0,0,0,0,0,0,0,0,0,0,0,0,0,0,0,0,0,0,0
185,Northern Mariana Islands,Oceania,Micronesia,Oceania,0,0,0,0,0,0,0,0,0,0,0,0,0,0,0,0,0,0,0
186,Norway,Europe,Northern Europe,Western Europe,0,0,0,0,0,0,0,0,0,0,0,0,0,0,0,0,0,0,0
187,Oman,Asia,Western Asia,West Asia & Northern Africa,1570861.418,1273451.158,801649.7083,186186.3525,9992.676173,4008.248552,0,120247.4563,12639.00278,0,0,0,0,0,333073.7363,940377.422,-0.00017147,106838.2727,0.056605081
188,Pakistan,Asia,Southern Asia,South Asia,2582114.039,2104813.567,1259272.825,41781.57019,2195.899855,863.8188258,0,25914.56474,6117.258794,0,0,0,0,0,76873.11242,2027940.459,-0.00498987,489952.3075,0.001415519
189,Palau,Oceania,Micronesia,Oceania,0,0,0,0,0,0,0,0,0,0,0,0,0,0,0,0,0,0,0
190,Palmyra Atoll,Americas,Northern America,North America,0,0,0,0,0,0,0,0,0,0,0,0,0,0,0,0,0,0,0
191,Panama,Americas,Central America,Central & South America,0,0,0,0,0,0,0,0,0,0,0,0,0,0,0,0,0,0,0
192,Papua New Guinea,Oceania,Melanesia,Oceania,0,0,0,0,0,0,0,0,0,0,0,0,0,0,0,0,0,0,0
193,Paracel Islands,Asia,South-Eastern Asia,East Asia,0,0,0,0,0,0,0,0,0,0,0,0,0,0,0,0,0,0,0
194,Paraguay,Americas,South America,Central & South America,0,0,0,0,0,0,0,0,0,0,0,0,0,0,0,0,0,0,0
195,Peru,Americas,South America,Central & South America,0,0,0,0,0,0,0,0,0,0,0,0,0,0,0,0,0,0,0
196,Philippines,Asia,South-Eastern Asia,East Asia,0,0,0,0,0,0,0,0,0,0,0,0,0,0,0,0,0,0,0
197,Pitcairn,Oceania,Polynesia,Oceania,0,0,0,0,0,0,0,0,0,0,0,0,0,0,0,0,0,0,0
198,Poland,Europe,Eastern Europe,Eastern Europe,50019.65767,41759.09694,29900.86787,6944.596755,375.419984,149.5043425,0,4485.130101,828.9180409,0,0,0,0,0,12783.56923,28975.52806,-0.000355918,0,7.30E-05
199,Portugal,Europe,Southern Europe,Western Europe,3664972.044,2777726.366,1920853.104,185478.7978,9723.599013,3841.706224,0,115251.1862,22055.1474,0,0,0,0,0,336350.4371,2441375.887,0.04265524,0,0.02431423
200,Puerto Rico,Americas,Caribbean,Central & South America,0,0,0,0,0,0,0,0,0,0,0,0,0,0,0,0,0,0,0
201,Qatar,Asia,Western Asia,West Asia & Northern Africa,468367.7304,346826.8989,188194.411,43708.90483,2349.460219,940.9720649,0,28229.1617,3442.256985,0,0,0,0,0,78670.75581,268156.1464,-0.003337073,87359.6355,0.188169122
202,Republic of Korea,Asia,Eastern Asia,East Asia,0,0,0,0,0,0,0,0,0,0,0,0,0,0,0,0,0,0,0
203,Romania,Europe,Eastern Europe,Eastern Europe,15306443.89,12450496.31,8828460.954,1140674.83,60204.14393,23836.84521,0,715105.364,133456.877,0,0,0,0,0,2073278.061,10377218.16,0.093889099,0,0.059215515
204,Russian Federation,Europe,Eastern Europe,Russian Federation,111223.0788,91804.4156,65435.78629,23877.14865,1392.703945,536.5734429,0,16097.20378,3113.41982,0,0,0,0,0,44836.44093,46967.97494,-0.000261884,0,5.35E-05
205,Rwanda,Africa,Eastern Africa,Sub-Saharan Africa,89256.31229,74699.13345,48339.97232,8647.990784,480.5696378,185.808387,0,5574.251699,2858.321899,0,0,0,0,0,17746.94243,56952.18887,0.002144936,12135.06007,0.001934982
206,R?union,Africa,Eastern Africa,Sub-Saharan Africa,0,0,0,0,0,0,0,0,0,0,0,0,0,0,0,0,0,0,0
207,Saint Helena,Africa,Western Africa,Sub-Saharan Africa,0,0,0,0,0,0,0,0,0,0,0,0,0,0,0,0,0,0,0
208,Saint Kitts and Nevis,Americas,Caribbean,Central & South America,0,0,0,0,0,0,0,0,0,0,0,0,0,0,0,0,0,0,0
209,Saint Lucia,Americas,Caribbean,Central & South America,0,0,0,0,0,0,0,0,0,0,0,0,0,0,0,0,0,0,0
210,Saint Pierre et Miquelon,Americas,Northern America,Oceania,0,0,0,0,0,0,0,0,0,0,0,0,0,0,0,0,0,0,0
211,Saint Vincent and the Grenadines,Americas,Caribbean,Central & South America,0,0,0,0,0,0,0,0,0,0,0,0,0,0,0,0,0,0,0
212,Samoa,Oceania,Polynesia,Oceania,0,0,0,0,0,0,0,0,0,0,0,0,0,0,0,0,0,0,0
213,San Marino,Europe,Southern Europe,Western Europe,0,0,0,0,0,0,0,0,0,0,0,0,0,0,0,0,0,0,0
214,Sao Tome and Principe,Africa,Middle Africa,Sub-Saharan Africa,0,0,0,0,0,0,0,0,0,0,0,0,0,0,0,0,0,0,0
215,Saudi Arabia,Asia,Western Asia,West Asia & Northern Africa,21266490.73,17909307.97,12018467.07,2791337.019,149727.1136,60092.33589,0,1802770.103,177754.5302,0,0,0,0,0,4981672.536,12927635.92,-0.482296299,0,0.177981093
216,Scarborough Reef,Asia,South-Eastern Asia,East Asia,0,0,0,0,0,0,0,0,0,0,0,0,0,0,0,0,0,0,0
217,Senegal,Africa,Western Africa,Sub-Saharan Africa,1197118.472,1058396.836,682304.5487,16783.0153,859.7679383,341.152279,0,10234.56833,1050.458874,0,0,0,0,0,29268.96273,1029127.877,-0.003691973,79570.851,0.009749954
218,Senkaku Islands,Asia,Eastern Asia,East Asia,0,0,0,0,0,0,0,0,0,0,0,0,0,0,0,0,0,0,0
220,Seychelles,Africa,Eastern Africa,Sub-Saharan Africa,0,0,0,0,0,0,0,0,0,0,0,0,0,0,0,0,0,0,0
221,Sierra Leone,Africa,Western Africa,Sub-Saharan Africa,0,0,0,0,0,0,0,0,0,0,0,0,0,0,0,0,0,0,0
222,Singapore,Asia,South-Eastern Asia,East Asia,0,0,0,0,0,0,0,0,0,0,0,0,0,0,0,0,0,0,0
223,Slovakia,Europe,Eastern Europe,Eastern Europe,1231170.081,1008375.648,718415.9337,182335.6574,9910.73189,3951.2877,0,118538.6338,22017.88277,0,0,0,0,0,336754.1937,671621.4398,0.01438465,0,0.023076863
224,Slovenia,Europe,Southern Europe,Western Europe,40876.61067,30991.98039,21348.70962,3248.317872,172.4182551,68.31586861,0,2049.476117,393.7220978,0,0,0,0,0,5932.250217,25059.73004,0.000132096,0,0.001201686
225,Solomon Islands,Oceania,Melanesia,Oceania,0,0,0,0,0,0,0,0,0,0,0,0,0,0,0,0,0,0,0
226,Somalia,Africa,Eastern Africa,Sub-Saharan Africa,40825077.88,32551203.29,19798398.8,503798.0935,25912.24581,10263.39529,0,307901.8588,39248.16056,0,0,0,0,0,887123.7541,31664079.53,0.0069305,4451071.299,0.223628679
227,South Africa,Africa,Southern Africa,Sub-Saharan Africa,0,0,0,0,0,0,0,0,0,0,0,0,0,0,0,0,0,0,0
228,South Georgia and the South Sandwich Islands,Antarctica,,,0,0,0,0,0,0,0,0,0,0,0,0,0,0,0,0,0,0,0
229,Spain,Europe,Southern Europe,Western Europe,11892460.99,8852824.852,6040641.082,497673.7014,26016.68082,10269.09001,0,308072.698,59747.71511,0,0,0,0,0,901779.8859,7951045.016,-0.0500478,0,0.015985665
230,Spratly Islands,Asia,South-Eastern Asia,East Asia,0,0,0,0,0,0,0,0,0,0,0,0,0,0,0,0,0,0,0
231,Sri Lanka,Asia,Southern Asia,South Asia,0,0,0,0,0,0,0,0,0,0,0,0,0,0,0,0,0,0,0
233,Suriname,Americas,South America,Central & South America,0,0,0,0,0,0,0,0,0,0,0,0,0,0,0,0,0,0,0
234,Svalbard and Jan Mayen Islands,Europe,Northern Europe,Western Europe,0,0,0,0,0,0,0,0,0,0,0,0,0,0,0,0,0,0,0
235,Swaziland,Africa,Southern Africa,Sub-Saharan Africa,0,0,0,0,0,0,0,0,0,0,0,0,0,0,0,0,0,0,0
236,Sweden,Europe,Northern Europe,Western Europe,0,0,0,0,0,0,0,0,0,0,0,0,0,0,0,0,0,0,0
237,Switzerland,Europe,Western Europe,Western Europe,229799.7429,170131.7427,128821.9033,19012.75219,1006.566067,399.347897,0,11980.43717,2093.811346,0,0,0,0,0,34492.91459,135638.8268,0.001269083,0,0.001295574
238,Syrian Arab Republic,Asia,Western Asia,West Asia & Northern Africa,30986353.7,24585272.5,14695491.66,3413086.706,183274.9722,73477.45805,0,2204323.744,244080.02,0,0,0,0,0,6118242.901,18467029.55,0.046119697,4822501.629,0.217617678
239,Tajikistan,Asia,Central Asia,West Asia & Northern Africa,0,0,0,0,0,0,0,0,0,0,0,0,0,0,0,0,0,0,0
240,Thailand,Asia,South-Eastern Asia,East Asia,0,0,0,0,0,0,0,0,0,0,0,0,0,0,0,0,0,0,0
241,The former Yugoslav Republic of Macedonia,Europe,Southern Europe,Western Europe,1473395.111,1171982.482,820743.0072,79251.46945,4153.811043,1641.48601,0,49244.58006,9305.54094,0,0,0,0,0,143596.8874,1028385.618,-0.02309894,0,0.07467873
242,Timor-Leste,Asia,South-Eastern Asia,East Asia,0,0,0,0,0,0,0,0,0,0,0,0,0,0,0,0,0,0,0
243,Togo,Africa,Western Africa,Sub-Saharan Africa,0,0,0,0,0,0,0,0,0,0,0,0,0,0,0,0,0,0,0
244,Tokelau,Oceania,Polynesia,Oceania,0,0,0,0,0,0,0,0,0,0,0,0,0,0,0,0,0,0,0
245,Tonga,Oceania,Polynesia,Oceania,0,0,0,0,0,0,0,0,0,0,0,0,0,0,0,0,0,0,0
246,Trinidad and Tobago,Americas,Caribbean,Central & South America,0,0,0,0,0,0,0,0,0,0,0,0,0,0,0,0,0,0,0
247,Tromelin Island,Africa,Eastern Africa,Sub-Saharan Africa,0,0,0,0,0,0,0,0,0,0,0,0,0,0,0,0,0,0,0
248,Tunisia,Africa,Northern Africa,West Asia & Northern Africa,856384.3148,667328.621,397342.9127,92284.48217,4961.217387,1986.714555,0,59601.43676,7360.618742,0,0,0,0,0,166194.4696,501134.1474,0.00402192,139420.6771,0.010244522
249,Turkey,Asia,Western Asia,West Asia & Northern Africa,8746817.041,6999952.372,4257431.115,988805.4068,53463.36153,21287.15561,0,638614.6666,119247.7821,0,0,0,0,0,1821418.372,5178534.014,-0.0142384,425995.1396,0.013046924
250,Turkmenistan,Asia,Central Asia,West Asia & Northern Africa,0,0,0,0,0,0,0,0,0,0,0,0,0,0,0,0,0,0,0
251,Turks and Caicos islands,Americas,Caribbean,Central & South America,0,0,0,0,0,0,0,0,0,0,0,0,0,0,0,0,0,0,0
252,Tuvalu,Oceania,Polynesia,Oceania,0,0,0,0,0,0,0,0,0,0,0,0,0,0,0,0,0,0,0
253,Uganda,Africa,Eastern Africa,Sub-Saharan Africa,0,0,0,0,0,0,0,0,0,0,0,0,0,0,0,0,0,0,0
254,Ukraine,Europe,Eastern Europe,Eastern Europe,980819.6601,807283.8487,575273.0384,0,0,0,0,0,0,0,0,0,0,0,0,807283.8487,0,0,0.002178035
255,United Arab Emirates,Asia,Western Asia,West Asia & Northern Africa,2435994.853,1950478.069,1180104.135,274083.9078,14718.32672,5900.52071,0,177015.6198,19361.95674,0,0,0,0,0,491074.3947,1459403.677,-0.00254041,489990.6573,0.125147009
256,U.K. of Great Britain and Northern Ireland,Europe,Northern Europe,Western Europe,0,0,0,0,0,0,0,0,0,0,0,0,0,0,0,0,0,0,0
257,United Republic of Tanzania,Africa,Eastern Africa,Sub-Saharan Africa,0,0,0,0,0,0,0,0,0,0,0,0,0,0,0,0,0,0,0
258,United States Virgin Islands,Americas,Caribbean,Central & South America,0,0,0,0,0,0,0,0,0,0,0,0,0,0,0,0,0,0,0
259,United States of America,Americas,Northern America,North America,0,0,0,0,0,0,0,0,0,0,0,0,0,0,0,0,0,0,0
260,Uruguay,Americas,South America,Central & South America,0,0,0,0,0,0,0,0,0,0,0,0,0,0,0,0,0,0,0
261,Uzbekistan,Asia,Central Asia,West Asia & Northern Africa,0,0,0,0,0,0,0,0,0,0,0,0,0,0,0,0,0,0,0
262,Vanuatu,Oceania,Melanesia,Oceania,0,0,0,0,0,0,0,0,0,0,0,0,0,0,0,0,0,0,0
263,Venezuela,Americas,South America,Central & South America,0,0,0,0,0,0,0,0,0,0,0,0,0,0,0,0,0,0,0
264,Viet Nam,Asia,South-Eastern Asia,East Asia,0,0,0,0,0,0,0,0,0,0,0,0,0,0,0,0,0,0,0
265,Wake Island,Oceania,Micronesia,Oceania,0,0,0,0,0,0,0,0,0,0,0,0,0,0,0,0,0,0,0
266,Wallis and Futuna,Oceania,Polynesia,Oceania,0,0,0,0,0,0,0,0,0,0,0,0,0,0,0,0,0,0,0
267,West Bank,Asia,Western Asia,West Asia & Northern Africa,2074625.871,1633547.282,991692.1316,230324.4689,12365.94733,4958.460756,0,148753.8209,16212.95628,0,0,0,0,0,412615.6545,1220931.593,0.0344385,458098.8668,0.220839624
268,Western Sahara,Africa,Northern Africa,West Asia & Northern Africa,0,0,0,0,0,0,0,0,0,0,0,0,0,0,0,0,0,0,0
269,Yemen,Asia,Western Asia,West Asia & Northern Africa,13978109.7,11534705.8,7226607.317,1678408.458,90085.21694,36133.03673,0,1083991.102,114482.5277,0,0,0,0,0,3003099.349,8531606.44,0.0142349,2315747.547,0.078750605
270,Zambia,Africa,Eastern Africa,Sub-Saharan Africa,0,0,0,0,0,0,0,0,0,0,0,0,0,0,0,0,0,0,0
271,Zimbabwe,Africa,Eastern Africa,Sub-Saharan Africa,0,0,0,0,0,0,0,0,0,0,0,0,0,0,0,0,0,0,0
2647,Montenegro,Europe,Southern Europe,Western Europe,399836.6492,319535.9478,224134.069,21642.52965,1134.319797,448.2681344,0,13448.04455,2537.115565,0,0,0,0,0,39210.27769,280325.6711,-0.000983845,0,0.06676815
2648,Serbia,Europe,Southern Europe,Western Europe,538339.2774,430692.5161,302270.5344,29187.43594,1529.746284,604.5410729,0,18136.23195,3419.698631,0,0,0,0,0,52877.65374,377814.869,-0.006660775,0,0.004234089
33364,Hong Kong,Asia,Eastern Asia,East Asia,0,0,0,0,0,0,0,0,0,0,0,0,0,0,0,0,0,0,0
40760,Hala'ib triangle,Africa,Northern Africa,West Asia & Northern Africa,0,0,0,0,0,0,0,0,0,0,0,0,0,0,0,0,0,0,0
40762,Ma'tan al-Sarra,Africa,Northern Africa,West Asia & Northern Africa,0,0,0,0,0,0,0,0,0,0,0,0,0,0,0,0,0,0,0
40765,Egypt,Africa,Northern Africa,West Asia & Northern Africa,6718352.807,5212427.137,3113991.115,723236.8874,38836.26602,15569.95548,0,467098.6684,51733.33956,0,0,0,0,0,1296475.117,3915952.052,-0.0312861,1161835.863,0.021350199
40781,Jammu and Kashmir,Asia,Eastern Asia,East Asia,0,0,0,0,0,0,0,0,0,0,0,0,0,0,0,0,0,0,0
61013,Ilemi triangle,Africa,Northern Africa,West Asia & Northern Africa,0,0,0,0,0,0,0,0,0,0,0,0,0,0,0,0,0,0,0
74578,Azores Islands,Europe,Southern Europe,Western Europe,0,0,0,0,0,0,0,0,0,0,0,0,0,0,0,0,0,0,0
