ADM0_CODE,ADM0_NAME,CONTINENT,REGION,REG_ANNEX5,Total_N_intake,Total_N_excreted,TAN,NH3, N2O , NOx ,Nox_burned,N2,NO3_leach, NH3_daily_spread,N_discharged,Npublsew,N_not_collected,Nox_incinerated,N_losses, N_recycled, Balance ,Intake_non_crop,share_trade
1,Afghanistan,Asia,Southern Asia,South Asia,12774715.33,10526259.5,6643697.804,1543025.392,83305.40114,33218.48893,0,996554.671,169692.131,0,0,0,0,0,2825796.085,7700463.418,-0.0039334,888024.5391,0.042408801
2,Aksai Chin,Asia,Eastern Asia,East Asia,0,0,0,0,0,0,0,0,0,0,0,0,0,0,0,0,0,0,0
3,Albania,Europe,Southern Europe,Western Europe,1692942.194,1388848.371,994895.9771,133135.8408,7032.887366,2785.708866,0,83571.26317,15438.43835,0,0,0,0,0,241964.1393,1146884.225,0.00671886,0,0.042622389
4,Algeria,Africa,Northern Africa,West Asia & Northern Africa,11647757.25,9243868.03,5584598.037,1297045.234,69695.67001,27922.99015,0,837689.7116,99014.73785,0,0,0,0,0,2331368.343,6912499.759,-0.0716949,1764376.614,0.043433361
5,American Samoa,Oceania,Polynesia,Oceania,0,0,0,0,0,0,0,0,0,0,0,0,0,0,0,0,0,0,0
6,Sudan,Africa,Northern Africa,West Asia & Northern Africa,53101179.29,43198667.65,26391491.6,6129529.52,329069.2562,131957.459,0,3958723.749,428746.7783,0,0,0,0,0,10978026.76,32220641.01,-0.116969,5684041.025,0.034175714
7,Andorra,Europe,Southern Europe,Western Europe,0,0,0,0,0,0,0,0,0,0,0,0,0,0,0,0,0,0,0
8,Angola,Africa,Middle Africa,Sub-Saharan Africa,0,0,0,0,0,0,0,0,0,0,0,0,0,0,0,0,0,0,0
9,Anguilla,Americas,Caribbean,Central & South America,0,0,0,0,0,0,0,0,0,0,0,0,0,0,0,0,0,0,0
10,Antarctica,Antarctica,,,0,0,0,0,0,0,0,0,0,0,0,0,0,0,0,0,0,0,0
11,Antigua and Barbuda,Americas,Caribbean,Central & South America,0,0,0,0,0,0,0,0,0,0,0,0,0,0,0,0,0,0,0
12,Argentina,Americas,South America,Central & South America,0,0,0,0,0,0,0,0,0,0,0,0,0,0,0,0,0,0,0
13,Armenia,Asia,Western Asia,West Asia & Northern Africa,54393.34122,41349.72453,24557.91926,5703.675012,310.1218466,122.7895963,0,3683.687925,917.0398232,0,0,0,0,0,10737.31421,30612.41003,0.00028451,3672.42565,0.00136393
14,Aruba,Americas,Caribbean,Central & South America,0,0,0,0,0,0,0,0,0,0,0,0,0,0,0,0,0,0,0
15,Arunachal Pradesh,Asia,Eastern Asia,East Asia,0,0,0,0,0,0,0,0,0,0,0,0,0,0,0,0,0,0,0
16,Ashmore and Cartier Islands,Oceania,Australia and New Zealand,Oceania,0,0,0,0,0,0,0,0,0,0,0,0,0,0,0,0,0,0,0
17,Australia,Oceania,Australia and New Zealand,Oceania,670669.7062,559899.5643,415750.2256,0,0,0,0,0,0,0,0,0,0,0,0,559899.5643,0,0,0.000471864
18,Austria,Europe,Western Europe,Western Europe,500179.916,381262.921,291975.6911,83985.48215,4599.290589,1839.446807,0,55183.40582,9535.766886,0,0,0,0,0,155143.3923,226119.532,-0.0032932,0,0.001930408
19,Azerbaijan,Asia,Western Asia,West Asia & Northern Africa,330765.2226,254913.9877,151808.7148,35258.18088,1916.730682,759.0435761,0,22771.30736,5624.205844,0,0,0,0,0,66329.46833,188584.5196,-0.00019279,40766.27541,0.001870198
20,Bahamas,Americas,Caribbean,Central & South America,42423.64037,31066.8723,16252.45963,399.7705701,21.57725728,8.12622998,0,243.7868928,133.1025462,0,0,0,0,0,804.7995433,30262.07306,-0.00030383,1056.20795,0.05090088
21,Bahrain,Asia,Western Asia,West Asia & Northern Africa,17700.62283,12485.01209,6727.444153,1562.475792,83.99340343,33.63722157,0,1009.116657,123.9137468,0,0,0,0,0,2813.136824,9671.875732,-0.00047155,2544.18858,0.032178781
22,Baker Island,Americas,Northern America,North America,0,0,0,0,0,0,0,0,0,0,0,0,0,0,0,0,0,0,0
23,Bangladesh,Asia,Southern Asia,South Asia,1978200.246,1564695.756,922232.0705,214192.0853,11972.63799,4611.160247,0,138334.8097,77648.02688,0,0,0,0,0,446758.7203,1117937.03,0.0056154,143331.0264,0.001114104
24,Barbados,Americas,Caribbean,Central & South America,0,0,0,0,0,0,0,0,0,0,0,0,0,0,0,0,0,0,0
25,Bassas da India,Africa,Eastern Africa,Sub-Saharan Africa,0,0,0,0,0,0,0,0,0,0,0,0,0,0,0,0,0,0,0
26,Belarus,Europe,Eastern Europe,Eastern Europe,242768.9397,177391.2477,121521.7561,41435.9595,2306.121112,923.5653601,0,27706.95902,5352.248866,0,0,0,0,0,77724.85368,99666.39544,-0.00145642,0,0.000591143
27,Belgium,Europe,Western Europe,Western Europe,31276.1717,23839.79127,18071.21519,5198.102593,284.7091241,113.8486563,0,3415.459636,596.2570063,0,0,0,0,0,9608.377016,14231.41428,-0.00002548,0,7.73E-05
28,Belize,Americas,Central America,Central & South America,0,0,0,0,0,0,0,0,0,0,0,0,0,0,0,0,0,0,0
29,Benin,Africa,Western Africa,Sub-Saharan Africa,516300.027,446225.6921,289475.0583,7120.375145,370.9258497,144.7375316,0,4342.12594,1260.84594,0,0,0,0,0,13239.01039,432986.6834,-0.0017548,21776.55432,0.008293827
30,Bermuda,Americas,Northern America,North America,0,0,0,0,0,0,0,0,0,0,0,0,0,0,0,0,0,0,0
31,Bhutan,Asia,Southern Asia,South Asia,0,0,0,0,0,0,0,0,0,0,0,0,0,0,0,0,0,0,0
32,Bird Island,Americas,Caribbean,Central & South America,0,0,0,0,0,0,0,0,0,0,0,0,0,0,0,0,0,0,0
33,Bolivia,Americas,South America,Central & South America,6034423.149,5032962.04,3223923.868,367655.7191,20298.91534,7860.734702,0,235822.0403,114303.1615,0,0,0,0,0,745940.571,4287021.477,-0.00866735,206026.4726,0.009614027
34,Bosnia and Herzegovina,Europe,Southern Europe,Western Europe,0,0,0,0,0,0,0,0,0,0,0,0,0,0,0,0,0,0,0
35,Botswana,Africa,Southern Africa,Sub-Saharan Africa,1366041.786,1197044.551,773267.5931,19020.48267,974.3715243,386.633802,0,11599.01404,1188.066734,0,0,0,0,0,33168.56877,1163875.981,0.0005465,109379.8389,0.017357498
36,Bouvet Island,Antarctica,,,0,0,0,0,0,0,0,0,0,0,0,0,0,0,0,0,0,0,0
37,Brazil,Americas,South America,Central & South America,17540303.51,14287452.83,9311271.424,234571.3466,12096.58505,4775.623735,0,143268.712,23281.40832,0,0,0,0,0,417993.6756,13869459.17,-0.01401549,754049.3693,0.001576343
38,British Indian Ocean Territory,Africa,Eastern Africa,South Asia,0,0,0,0,0,0,0,0,0,0,0,0,0,0,0,0,0,0,0
39,British Virgin Islands,Americas,Caribbean,Central & South America,0,0,0,0,0,0,0,0,0,0,0,0,0,0,0,0,0,0,0
40,Brunei Darussalam,Asia,South-Eastern Asia,East Asia,0,0,0,0,0,0,0,0,0,0,0,0,0,0,0,0,0,0,0
41,Bulgaria,Europe,Eastern Europe,Eastern Europe,690018.441,534427.4615,371957.7763,86388.68122,4672.354865,1859.788909,0,55793.66546,10608.38532,0,0,0,0,0,159322.8757,375104.578,0.00785335,0,0.010535667
42,Burkina Faso,Africa,Western Africa,Sub-Saharan Africa,4435198.958,3782158.922,2409586.521,59269.90732,3037.45687,1204.793278,0,36143.79842,3862.06565,0,0,0,0,0,103518.0215,3678640.907,-0.00671583,279893.08,0.014275047
43,Burundi,Africa,Eastern Africa,Sub-Saharan Africa,569509.8711,488323.4897,299813.1338,12386.08214,673.4147563,258.5059937,0,7755.179798,4140.817518,0,0,0,0,0,25214.00023,463109.4415,0.04798872,104491.3648,0.037516787
44,Cambodia,Asia,South-Eastern Asia,East Asia,0,0,0,0,0,0,0,0,0,0,0,0,0,0,0,0,0,0,0
45,Cameroon,Africa,Middle Africa,Sub-Saharan Africa,7429820.796,6469486.882,4068126.921,108093.3618,5729.110858,2208.021319,0,66240.6379,29274.26852,0,0,0,0,0,211545.4,6257941.569,-0.08642624,872378.1349,0.06429546
46,Canada,Americas,Northern America,North America,0,0,0,0,0,0,0,0,0,0,0,0,0,0,0,0,0,0,0
47,Cape Verde,Africa,Western Africa,Sub-Saharan Africa,0,0,0,0,0,0,0,0,0,0,0,0,0,0,0,0,0,0,0
48,Cayman Islands,Americas,Caribbean,Central & South America,0,0,0,0,0,0,0,0,0,0,0,0,0,0,0,0,0,0,0
49,Central African Republic,Africa,Middle Africa,Sub-Saharan Africa,0,0,0,0,0,0,0,0,0,0,0,0,0,0,0,0,0,0,0
50,Chad,Africa,Middle Africa,Sub-Saharan Africa,7030385.329,6027641.344,3813330.612,93798.56318,4806.169815,1906.665339,0,57199.9598,6005.140342,0,0,0,0,0,163716.4985,5863924.855,-0.00953249,925427.6566,0.027378669
51,Chile,Americas,South America,Central & South America,2457335.357,1991456.551,1269783.837,45474.32657,2404.579075,943.4950854,0,28304.85253,7708.717255,0,0,0,0,0,84835.9705,1906620.58,0.00036638,79210.40472,0.012189368
52,China/India,Asia,Eastern Asia,East Asia,0,0,0,0,0,0,0,0,0,0,0,0,0,0,0,0,0,0,0
53,China,Asia,Eastern Asia,East Asia,6329088.684,4483778.405,2600409.465,603955.4994,33592.51114,13002.04732,0,390061.4197,196886.7265,0,0,0,0,0,1237497.762,3246280.641,0.0024329,248727.0342,0.000593021
54,Christmas Island,Asia,South-Eastern Asia,East Asia,0,0,0,0,0,0,0,0,0,0,0,0,0,0,0,0,0,0,0
55,Clipperton Island,Americas,Central America,Central & South America,0,0,0,0,0,0,0,0,0,0,0,0,0,0,0,0,0,0,0
56,Cocos (Keeling) Islands,Asia,South-Eastern Asia,East Asia,0,0,0,0,0,0,0,0,0,0,0,0,0,0,0,0,0,0,0
57,Colombia,Americas,South America,Central & South America,0,0,0,0,0,0,0,0,0,0,0,0,0,0,0,0,0,0,0
58,Comoros,Africa,Eastern Africa,Sub-Saharan Africa,0,0,0,0,0,0,0,0,0,0,0,0,0,0,0,0,0,0,0
59,Congo,Africa,Middle Africa,Sub-Saharan Africa,0,0,0,0,0,0,0,0,0,0,0,0,0,0,0,0,0,0,0
60,Cook Islands,Oceania,Polynesia,Oceania,0,0,0,0,0,0,0,0,0,0,0,0,0,0,0,0,0,0,0
61,Costa Rica,Americas,Central America,Central & South America,3384.692629,2807.184308,1773.421277,134.7607894,7.431068386,2.86172957,0,85.85188619,45.59785787,0,0,0,0,0,276.4992169,2530.685054,0.00003719,278.54848,3.65E-05
62,Croatia,Europe,Southern Europe,Western Europe,248193.3987,196677.8133,139537.3637,18672.72964,986.5435926,390.7046315,0,11721.13837,2186.270566,0,0,0,0,0,33957.38685,162720.4292,-0.00282336,0,0.004587418
63,Cuba,Americas,Caribbean,Central & South America,43839.02912,35535.47732,22035.81113,548.0864427,28.92003674,11.14922082,0,334.4766136,137.7998107,0,0,0,0,0,1060.277325,34475.19981,0.00018178,7193.85884,0.000247857
64,Cyprus,Asia,Western Asia,West Asia & Northern Africa,840114.4542,622251.6866,393103.2224,91299.79461,4914.11652,1965.516067,0,58965.48283,8054.380731,0,0,0,0,0,165199.2906,457052.407,-0.01107554,0,0.064426938
65,Czech Republic,Europe,Eastern Europe,Eastern Europe,111107.1493,81361.06236,55697.34215,12935.93067,699.8435465,278.4867108,0,8354.601126,1615.017129,0,0,0,0,0,23883.87919,57477.18375,-0.00058699,0,0.000787262
66,C?te d'Ivoire,Africa,Western Africa,Sub-Saharan Africa,0,0,0,0,0,0,0,0,0,0,0,0,0,0,0,0,0,0,0
67,Dem People's Rep of Korea,Asia,Eastern Asia,East Asia,0,0,0,0,0,0,0,0,0,0,0,0,0,0,0,0,0,0,0
68,Democratic Republic of the Congo,Africa,Middle Africa,Sub-Saharan Africa,0,0,0,0,0,0,0,0,0,0,0,0,0,0,0,0,0,0,0
69,Denmark,Europe,Northern Europe,Western Europe,0,0,0,0,0,0,0,0,0,0,0,0,0,0,0,0,0,0,0
70,Djibouti,Africa,Eastern Africa,Sub-Saharan Africa,0,0,0,0,0,0,0,0,0,0,0,0,0,0,0,0,0,0,0
71,Dominica,Americas,Caribbean,Central & South America,0,0,0,0,0,0,0,0,0,0,0,0,0,0,0,0,0,0,0
72,Dominican Republic,Americas,Caribbean,Central & South America,0,0,0,0,0,0,0,0,0,0,0,0,0,0,0,0,0,0,0
73,Ecuador,Americas,South America,Central & South America,275261.9944,224045.4701,143299.8671,8728.690636,482.1561575,184.4198308,0,5532.594952,2321.82807,0,0,0,0,0,17190.22652,206855.243,0.00059377,32873.97893,0.000912866
74,South Sudan,Africa,Northern Africa,West Asia & Northern Africa,41892412.62,35235375.32,21697089,5039235.724,274647.9407,108485.4448,0,3254563.356,896648.5206,0,0,0,0,0,9573580.985,25661794.33,-0.00162,1781939.082,0.081983058
75,El Salvador,Americas,Central America,Central & South America,0,0,0,0,0,0,0,0,0,0,0,0,0,0,0,0,0,0,0
76,Equatorial Guinea,Africa,Middle Africa,Sub-Saharan Africa,0,0,0,0,0,0,0,0,0,0,0,0,0,0,0,0,0,0,0
77,Eritrea,Africa,Eastern Africa,Sub-Saharan Africa,885103.3161,751980.2453,472172.7352,13200.13698,694.2091685,270.4523417,0,8113.570159,1351.336925,0,0,0,0,0,23607.54085,728372.7084,-0.00396797,95560.16712,0.017602158
78,Estonia,Europe,Northern Europe,Western Europe,11532.24747,9276.917569,7218.225402,0,0,0,0,0,0,0,0,0,0,0,0,9276.917569,0,0,0.000533752
79,Ethiopia,Africa,Eastern Africa,Sub-Saharan Africa,4049140.327,3503467.515,2243943.795,74623.15436,3923.311541,1542.977032,0,46289.31086,11061.51026,0,0,0,0,0,137440.2641,3366027.245,0.00652151,246979.6913,0.004511925
80,Europa Island,Africa,Eastern Africa,Sub-Saharan Africa,0,0,0,0,0,0,0,0,0,0,0,0,0,0,0,0,0,0,0
81,Falkland Islands (Malvinas),Americas,South America,Central & South America,0,0,0,0,0,0,0,0,0,0,0,0,0,0,0,0,0,0,0
82,Faroe Islands,Europe,Northern Europe,Western Europe,0,0,0,0,0,0,0,0,0,0,0,0,0,0,0,0,0,0,0
83,Fiji,Oceania,Melanesia,Oceania,0,0,0,0,0,0,0,0,0,0,0,0,0,0,0,0,0,0,0
84,Finland,Europe,Northern Europe,Western Europe,0,0,0,0,0,0,0,0,0,0,0,0,0,0,0,0,0,0,0
85,France,Europe,Western Europe,Western Europe,2942879.183,2241217.915,1710328.204,742309.7755,42377.00838,17103.28228,0,513098.4449,88976.34981,0,0,0,0,0,1403864.865,837353.0937,-0.0433724,0,0.000932492
86,French Guiana,Americas,South America,Central & South America,0,0,0,0,0,0,0,0,0,0,0,0,0,0,0,0,0,0,0
87,French Polynesia,Oceania,Polynesia,Oceania,0,0,0,0,0,0,0,0,0,0,0,0,0,0,0,0,0,0,0
88,French Southern and Antarctic Territories,Antarctica,,,0,0,0,0,0,0,0,0,0,0,0,0,0,0,0,0,0,0,0
89,Gabon,Africa,Middle Africa,Sub-Saharan Africa,0,0,0,0,0,0,0,0,0,0,0,0,0,0,0,0,0,0,0
90,Gambia,Africa,Western Africa,Sub-Saharan Africa,0,0,0,0,0,0,0,0,0,0,0,0,0,0,0,0,0,0,0
91,Gaza Strip,Asia,Western Asia,West Asia & Northern Africa,9064.648657,6070.578369,3247.725342,754.2972107,40.55171204,16.23862696,0,487.1588135,60.25049019,0,0,0,0,0,1358.496855,4712.081909,-0.0003953,1941.09772,0.010459194
92,Georgia,Asia,Western Asia,West Asia & Northern Africa,158043.8081,121688.4855,74352.34014,17268.62844,953.4252774,371.7617002,0,11152.85095,4694.03328,0,0,0,0,0,34440.69963,87247.78572,0.00019964,10950.89667,0.002459742
93,Germany,Europe,Western Europe,Western Europe,87276.10231,65027.48217,49865.72463,15378.63949,846.779251,339.0869381,0,10172.60813,1755.481884,0,0,0,0,0,28492.59574,36534.8854,0.00103088,0,3.79E-05
94,Ghana,Africa,Western Africa,Sub-Saharan Africa,0,0,0,0,0,0,0,0,0,0,0,0,0,0,0,0,0,0,0
95,Gibraltar,Europe,Southern Europe,Western Europe,0,0,0,0,0,0,0,0,0,0,0,0,0,0,0,0,0,0,0
96,Glorioso Island,Africa,Eastern Africa,Sub-Saharan Africa,0,0,0,0,0,0,0,0,0,0,0,0,0,0,0,0,0,0,0
97,Greece,Europe,Southern Europe,Western Europe,11876368.79,9619097.805,6823186.39,0,0,0,0,0,0,0,0,0,0,0,0,9619097.805,0,0,0.111254289
98,Greenland,Americas,Northern America,North America,0,0,0,0,0,0,0,0,0,0,0,0,0,0,0,0,0,0,0
99,Grenada,Americas,Caribbean,Central & South America,0,0,0,0,0,0,0,0,0,0,0,0,0,0,0,0,0,0,0
100,Guadeloupe,Americas,Caribbean,Central & South America,0,0,0,0,0,0,0,0,0,0,0,0,0,0,0,0,0,0,0
101,Guam,Oceania,Micronesia,Oceania,0,0,0,0,0,0,0,0,0,0,0,0,0,0,0,0,0,0,0
102,Abyei,Africa,Northern Africa,West Asia & Northern Africa,118183.7078,99466.23132,61677.15826,14324.76683,768.9261637,308.3857879,0,9251.573841,987.2023382,0,0,0,0,0,25640.85497,73825.37582,0.00052748,1695.0552,0.017652687
103,Guatemala,Americas,Central America,Central & South America,103681.9631,81322.66,49222.9724,9503.405178,530.2200561,204.3163966,0,6129.491754,3386.844069,0,0,0,0,0,19754.27754,61568.38162,0.00084335,5064.7702,0.000431412
104,Guernsey,Europe,Northern Europe,Western Europe,0,0,0,0,0,0,0,0,0,0,0,0,0,0,0,0,0,0,0
105,Guinea-Bissau,Africa,Western Africa,Sub-Saharan Africa,3792.50124,3262.525708,2077.580164,51.10336725,2.618329462,1.03879014,0,31.16370157,3.249268786,0,0,0,0,0,89.17345708,3173.352013,0.00023754,142.86588,0.000214099
106,Guinea,Africa,Western Africa,Sub-Saharan Africa,1745783.933,1499888.562,951398.6568,23402.06901,1223.642022,475.6993378,0,14270.98006,4745.319139,0,0,0,0,0,44117.70958,1455770.842,0.01002217,104879.7718,0.010444948
107,Guyana,Americas,South America,Central & South America,0,0,0,0,0,0,0,0,0,0,0,0,0,0,0,0,0,0,0
108,Haiti,Americas,Caribbean,Central & South America,910888.7185,769781.9379,491883.0868,18147.62839,977.6826751,377.0152962,0,11310.45884,5338.685555,0,0,0,0,0,36151.47054,733630.4685,-0.00111798,149389.9784,0.014518606
109,Heard Island and McDonald Islands,Antarctica,,,0,0,0,0,0,0,0,0,0,0,0,0,0,0,0,0,0,0,0
110,Holy See,Europe,Southern Europe,Western Europe,0,0,0,0,0,0,0,0,0,0,0,0,0,0,0,0,0,0,0
111,Honduras,Americas,Central America,Central & South America,0,0,0,0,0,0,0,0,0,0,0,0,0,0,0,0,0,0,0
112,Howland Island,Americas,Northern America,North America,0,0,0,0,0,0,0,0,0,0,0,0,0,0,0,0,0,0,0
113,Hungary,Europe,Eastern Europe,Eastern Europe,20841.96169,15883.30112,11025.35939,3032.47849,165.7943997,66.15215681,0,1984.564721,378.3402481,0,0,0,0,0,5627.330026,10255.97088,0.00020972,0,0.000162952
114,Iceland,Europe,Northern Europe,Western Europe,0,0,0,0,0,0,0,0,0,0,0,0,0,0,0,0,0,0,0
115,India,Asia,Southern Asia,South Asia,39779244.14,30428184.63,16893169.08,3923506.089,213594.2313,84465.84535,0,2533975.362,662581.4111,0,0,0,0,0,7417946.381,23010238.24,0.0037257,9119485.935,0.003737793
116,Indonesia,Asia,South-Eastern Asia,East Asia,10520438.46,7999998.703,4675618.23,1085931.035,60739.22435,23378.0911,0,701342.7355,387131.8193,0,0,0,0,0,2257986.124,5742012.567,0.011605,700816.4883,0.008546709
117,Iran  (Islamic Republic of),Asia,Southern Asia,South Asia,31989128.92,25910669.09,15268291.52,3546121.775,190513.9044,76341.45754,0,2290243.729,266157.3428,0,0,0,0,0,6369377.428,19541291.61,0.0534019,1478781.358,0.032703482
118,Iraq,Asia,Western Asia,West Asia & Northern Africa,2032134.597,1536290.355,910910.7096,211562.6556,11373.6434,4554.553543,0,136636.606,16877.76909,0,0,0,0,0,381005.2276,1155285.125,0.00230549,194827.5284,0.011638586
119,Ireland,Europe,Northern Europe,Western Europe,0,0,0,0,0,0,0,0,0,0,0,0,0,0,0,0,0,0,0
120,Isle of Man,Europe,Northern Europe,Western Europe,0,0,0,0,0,0,0,0,0,0,0,0,0,0,0,0,0,0,0
121,Israel,Asia,Western Asia,West Asia & Northern Africa,143194.0312,100980.7853,61570.90084,14300.08779,767.7278996,307.8545051,0,9235.635361,1002.234323,0,0,0,0,0,25613.53988,75367.24548,-0.00005631,0,0.00179725
122,Italy,Europe,Southern Europe,Western Europe,2818453.055,2298678.654,1637009.525,80033.6682,4151.400296,1637.009519,0,49110.28507,9125.754526,0,0,0,0,0,144058.1174,2154620.553,-0.01623971,0,0.006049909
123,Jamaica,Americas,Caribbean,Central & South America,575442.6454,454051.7994,265309.7019,6525.966694,347.9944994,132.6548527,0,3979.645556,2218.692298,0,0,0,0,0,13204.95391,440846.8453,0.00018936,112797.0702,0.037306064
126,Japan,Asia,Eastern Asia,East Asia,0,0,0,0,0,0,0,0,0,0,0,0,0,0,0,0,0,0,0
127,Jarvis Island,Americas,Northern America,North America,0,0,0,0,0,0,0,0,0,0,0,0,0,0,0,0,0,0,0
128,Jersey,Europe,Northern Europe,Western Europe,0,0,0,0,0,0,0,0,0,0,0,0,0,0,0,0,0,0,0
129,Johnston Atoll,Americas,Northern America,North America,0,0,0,0,0,0,0,0,0,0,0,0,0,0,0,0,0,0,0
130,Jordan,Asia,Western Asia,West Asia & Northern Africa,2196776.364,1750121.587,1131686.374,262838.6903,14120.65425,5658.431765,0,169752.9544,19698.41831,0,0,0,0,0,472069.149,1278052.447,-0.00897285,0,0.084765445
131,Juan de Nova Island,Africa,Eastern Africa,Sub-Saharan Africa,0,0,0,0,0,0,0,0,0,0,0,0,0,0,0,0,0,0,0
132,Kazakhstan,Asia,Central Asia,West Asia & Northern Africa,1546222.783,1235420.539,719435.3368,167091.7347,9345.454906,3597.176686,0,107915.3005,61307.9378,0,0,0,0,0,349257.3875,886163.1503,0.00148249,110604.2287,0.003509811
133,Kenya,Africa,Eastern Africa,Sub-Saharan Africa,27127413.19,23531184.28,15108145.87,700299.5187,37586.66094,14676.62134,0,440298.6391,153465.0782,0,0,0,0,0,1346326.518,22184857.74,0.0200761,1613768.231,0.049813753
134,Kingman Reef,Americas,Northern America,North America,0,0,0,0,0,0,0,0,0,0,0,0,0,0,0,0,0,0,0
135,Kiribati,Oceania,Micronesia,Oceania,0,0,0,0,0,0,0,0,0,0,0,0,0,0,0,0,0,0,0
136,Kuril islands,Asia,Eastern Asia,East Asia,0,0,0,0,0,0,0,0,0,0,0,0,0,0,0,0,0,0,0
137,Kuwait,Asia,Western Asia,West Asia & Northern Africa,380273.5337,287223.9138,181103.2997,42061.96816,2257.44307,905.5164842,0,27165.49537,2850.697318,0,0,0,0,0,75241.12035,211982.7909,0.00250979,0,0.043470712
138,Kyrgyzstan,Asia,Central Asia,West Asia & Northern Africa,1134007.683,925707.438,565353.7239,131305.6639,7271.559018,2826.76862,0,84803.05865,38601.89059,0,0,0,0,0,264808.9408,660898.4976,-0.00040189,86233.93036,0.01107342
139,Lao People's Democratic Republic,Asia,South-Eastern Asia,East Asia,0,0,0,0,0,0,0,0,0,0,0,0,0,0,0,0,0,0,0
140,Latvia,Europe,Northern Europe,Western Europe,40722.44912,31706.39095,24478.85781,6421.692966,349.3463686,139.5294889,0,4185.88472,717.483941,0,0,0,0,0,11813.93745,19892.45342,0.00008105,0,0.000944802
141,Lebanon,Asia,Western Asia,West Asia & Northern Africa,354807.5508,270543.4229,161171.4113,37432.7053,2023.646662,805.8570468,0,24175.7117,4476.098615,0,0,0,0,0,68914.01948,201629.3973,0.00603294,20205.94601,0.013776956
142,Lesotho,Africa,Southern Africa,Sub-Saharan Africa,0,0,0,0,0,0,0,0,0,0,0,0,0,0,0,0,0,0,0
144,Liberia,Africa,Western Africa,Sub-Saharan Africa,0,0,0,0,0,0,0,0,0,0,0,0,0,0,0,0,0,0,0
145,Libya,Africa,Northern Africa,West Asia & Northern Africa,2745668.279,2143217.964,1287712.071,299076.2794,16058.83461,6438.560354,0,193156.8115,21271.43818,0,0,0,0,0,536001.924,1607216.037,0.00294093,237849.5363,0.059100009
146,Liechtenstein,Europe,Western Europe,Western Europe,0,0,0,0,0,0,0,0,0,0,0,0,0,0,0,0,0,0,0
147,Lithuania,Europe,Northern Europe,Western Europe,20461.86374,16056.47319,12420.13756,2337.99866,124.9040285,49.68055304,0,1490.416572,254.9768038,0,0,0,0,0,4257.976614,11798.49582,0.00075824,0,0.00022308
148,Luxembourg,Europe,Western Europe,Western Europe,13701.50839,10321.20089,7898.056885,1486.750429,79.44068432,31.59222779,0,947.7668667,163.9006722,0,0,0,0,0,2709.450888,7611.750107,-0.00010569,0,0.00082827
149,Macau,Asia,Eastern Asia,East Asia,0,0,0,0,0,0,0,0,0,0,0,0,0,0,0,0,0,0,0
150,Madagascar,Africa,Eastern Africa,Sub-Saharan Africa,0,0,0,0,0,0,0,0,0,0,0,0,0,0,0,0,0,0,0
151,Madeira Islands,Europe,Southern Europe,Western Europe,0,0,0,0,0,0,0,0,0,0,0,0,0,0,0,0,0,0,0
152,Malawi,Africa,Eastern Africa,Sub-Saharan Africa,0,0,0,0,0,0,0,0,0,0,0,0,0,0,0,0,0,0,0
153,Malaysia,Asia,South-Eastern Asia,East Asia,0,0,0,0,0,0,0,0,0,0,0,0,0,0,0,0,0,0,0
154,Maldives,Asia,Southern Asia,South Asia,0,0,0,0,0,0,0,0,0,0,0,0,0,0,0,0,0,0,0
155,Mali,Africa,Western Africa,Sub-Saharan Africa,33817599.77,27851868.68,17232224.86,423870.3866,21722.63318,8616.112549,0,258483.3772,27642.98023,0,0,0,0,0,740335.4898,27111533.35,-0.15509619,2878268.196,0.09725925
156,Malta,Europe,Southern Europe,Western Europe,0,0,0,0,0,0,0,0,0,0,0,0,0,0,0,0,0,0,0
157,Marshall Islands,Oceania,Micronesia,Oceania,0,0,0,0,0,0,0,0,0,0,0,0,0,0,0,0,0,0,0
158,Martinique,Americas,Caribbean,Central & South America,0,0,0,0,0,0,0,0,0,0,0,0,0,0,0,0,0,0,0
159,Mauritania,Africa,Western Africa,Sub-Saharan Africa,10590261.99,8520143.16,5050154.747,124221.3975,6368.817449,2525.077398,0,75752.32213,8456.242158,0,0,0,0,0,217323.8568,8302819.233,0.07014066,996025.2448,0.108366589
160,Mauritius,Africa,Eastern Africa,Sub-Saharan Africa,0,0,0,0,0,0,0,0,0,0,0,0,0,0,0,0,0,0,0
161,Mayotte,Africa,Eastern Africa,Sub-Saharan Africa,0,0,0,0,0,0,0,0,0,0,0,0,0,0,0,0,0,0,0
162,Mexico,Americas,Central America,Central & South America,7101555.04,5504699.81,3473576.397,344408.6354,18981.75442,7348.712722,0,220461.3814,106588.3883,0,0,0,0,0,697788.8723,4806910.946,-0.00878972,361091.9067,0.005427844
163,Micronesia (Federated States of),Oceania,Micronesia,Oceania,0,0,0,0,0,0,0,0,0,0,0,0,0,0,0,0,0,0,0
164,Midway Island,Americas,Northern America,North America,0,0,0,0,0,0,0,0,0,0,0,0,0,0,0,0,0,0,0
165,"Moldova, Republic of",Europe,Eastern Europe,Eastern Europe,10734.72665,8391.156464,5860.365219,1361.093227,73.61074424,29.30182612,0,879.0547867,166.5644565,0,0,0,0,0,2509.625043,5881.531769,-0.00034774,0,0.000231204
166,Monaco,Europe,Western Europe,Western Europe,0,0,0,0,0,0,0,0,0,0,0,0,0,0,0,0,0,0,0
167,Mongolia,Asia,Eastern Asia,East Asia,16043671.78,12535828.36,8007175.127,1859698.451,103557.5199,40035.87567,0,1201076.27,622090.4827,0,0,0,0,0,3826458.599,8709369.763,-0.0004412,193436.4606,0.090081182
168,Montserrat,Americas,Caribbean,Central & South America,0,0,0,0,0,0,0,0,0,0,0,0,0,0,0,0,0,0,0
169,Morocco,Africa,Northern Africa,West Asia & Northern Africa,9602867.968,8051461.56,4886063.131,1134807.729,61046.93606,24430.316,0,732909.4575,95756.43889,0,0,0,0,0,2048950.878,6002510.866,-0.1835235,572801.7329,0.034214108
170,Mozambique,Africa,Eastern Africa,Sub-Saharan Africa,1174038.353,1021434.405,657074.9082,16592.52824,858.1656437,337.8579011,0,10135.73708,1964.957379,0,0,0,0,0,29889.24625,991545.1581,0.00019057,26455.94184,0.020376565
171,Myanmar,Asia,South-Eastern Asia,East Asia,819229.7553,674878.9357,419183.2496,97356.98627,5411.608388,2095.916246,0,62877.48736,30866.39775,0,0,0,0,0,198584.1715,476294.764,0.00029791,41633.66705,0.001147231
172,Namibia,Africa,Southern Africa,Sub-Saharan Africa,0,0,0,0,0,0,0,0,0,0,0,0,0,0,0,0,0,0,0
173,Nauru,Oceania,Micronesia,Oceania,0,0,0,0,0,0,0,0,0,0,0,0,0,0,0,0,0,0,0
174,Navassa Island,Americas,Northern America,North America,0,0,0,0,0,0,0,0,0,0,0,0,0,0,0,0,0,0,0
175,Nepal,Asia,Southern Asia,South Asia,6081384.289,5005747.942,3169242.871,736069.3353,40755.54217,15846.21439,0,475386.4316,215447.9043,0,0,0,0,0,1483505.427,3522242.524,-0.0087271,838194.7838,0.014693224
176,Netherlands Antilles,Americas,Caribbean,Central & South America,0,0,0,0,0,0,0,0,0,0,0,0,0,0,0,0,0,0,0
177,Netherlands,Europe,Western Europe,Western Europe,176857.8604,132437.4936,99262.26003,28552.33867,1564.142665,625.3522526,0,18760.56702,3312.393994,0,0,0,0,0,52814.79467,79622.69755,0.00140337,0,0.000210387
178,New Caledonia,Oceania,Melanesia,Oceania,0,0,0,0,0,0,0,0,0,0,0,0,0,0,0,0,0,0,0
179,New Zealand,Oceania,Australia and New Zealand,Oceania,0,0,0,0,0,0,0,0,0,0,0,0,0,0,0,0,0,0,0
180,Nicaragua,Americas,Central America,Central & South America,0,0,0,0,0,0,0,0,0,0,0,0,0,0,0,0,0,0,0
181,Niger,Africa,Western Africa,Sub-Saharan Africa,13081188.28,10831613.93,6694215.662,164661.256,8438.697837,3347.107877,0,100413.2365,10750.3769,0,0,0,0,0,287610.675,10544003.24,0.01596442,1708062.517,0.039896695
182,Nigeria,Africa,Western Africa,Sub-Saharan Africa,0,0,0,0,0,0,0,0,0,0,0,0,0,0,0,0,0,0,0
183,Niue,Oceania,Polynesia,Oceania,0,0,0,0,0,0,0,0,0,0,0,0,0,0,0,0,0,0,0
184,Norfolk Island,Oceania,Australia and New Zealand,Oceania,0,0,0,0,0,0,0,0,0,0,0,0,0,0,0,0,0,0,0
185,Northern Mariana Islands,Oceania,Micronesia,Oceania,0,0,0,0,0,0,0,0,0,0,0,0,0,0,0,0,0,0,0
186,Norway,Europe,Northern Europe,Western Europe,615185.661,476916.2503,367625.7346,69202.81251,3697.353373,1470.502944,0,44115.09054,7573.633596,0,0,0,0,0,126059.0903,350857.1604,-0.00036903,0,0.007324873
187,Oman,Asia,Western Asia,West Asia & Northern Africa,6336723.345,4359983.966,2406664.95,558957.5615,30039.68427,12033.32476,0,360999.7427,43272.84095,0,0,0,0,0,1005303.154,3354680.812,-0.0007606,286898.1305,0.196750195
188,Pakistan,Asia,Southern Asia,South Asia,17663938.23,13558313.81,7699492.576,1788237.95,96547.236,38497.46295,0,1154923.89,197084.086,0,0,0,0,0,3275290.625,10283023.18,0.0129842,3359744.618,0.005551551
189,Palau,Oceania,Micronesia,Oceania,0,0,0,0,0,0,0,0,0,0,0,0,0,0,0,0,0,0,0
190,Palmyra Atoll,Americas,Northern America,North America,0,0,0,0,0,0,0,0,0,0,0,0,0,0,0,0,0,0,0
191,Panama,Americas,Central America,Central & South America,0,0,0,0,0,0,0,0,0,0,0,0,0,0,0,0,0,0,0
192,Papua New Guinea,Oceania,Melanesia,Oceania,21011.1242,16734.25441,12227.20018,0,0,0,0,0,0,0,0,0,0,0,0,16734.25441,0,0,0.001011177
193,Paracel Islands,Asia,South-Eastern Asia,East Asia,0,0,0,0,0,0,0,0,0,0,0,0,0,0,0,0,0,0,0
194,Paraguay,Americas,South America,Central & South America,0,0,0,0,0,0,0,0,0,0,0,0,0,0,0,0,0,0,0
195,Peru,Americas,South America,Central & South America,2358426.095,1889838.732,1171864.196,132519.4964,7321.041883,2833.03452,0,84991.03542,41869.2189,0,0,0,0,0,269533.8271,1620304.908,-0.00251445,149894.2092,0.007006725
196,Philippines,Asia,South-Eastern Asia,East Asia,0,0,0,0,0,0,0,0,0,0,0,0,0,0,0,0,0,0,0
197,Pitcairn,Oceania,Polynesia,Oceania,0,0,0,0,0,0,0,0,0,0,0,0,0,0,0,0,0,0,0
198,Poland,Europe,Eastern Europe,Eastern Europe,200139.4657,152980.0811,105948.6066,41966.55826,2372.284282,953.5374597,0,28606.12329,5465.978502,0,0,0,0,0,79364.48157,73615.60257,-0.00300275,0,0.000212553
199,Portugal,Europe,Southern Europe,Western Europe,705660.0058,544035.1188,384200.0507,37098.60224,1944.175688,768.4001304,0,23052.00393,4319.638885,0,0,0,0,0,67182.82078,476852.3026,-0.0046457,0,0.005081749
200,Puerto Rico,Americas,Caribbean,Central & South America,0,0,0,0,0,0,0,0,0,0,0,0,0,0,0,0,0,0,0
201,Qatar,Asia,Western Asia,West Asia & Northern Africa,480198.8922,319307.7793,156626.9706,36377.24067,1957.664679,783.1348589,0,23494.04595,3169.129688,0,0,0,0,0,65781.21587,253526.5602,0.00321172,82620.53828,0.172034065
202,Republic of Korea,Asia,Eastern Asia,East Asia,317712.9032,241876.734,159161.2428,36965.83499,2054.507685,795.8061894,0,23874.18721,11836.68127,0,0,0,0,0,75526.89015,166349.845,-0.00107575,0,0.000764939
203,Romania,Europe,Eastern Europe,Eastern Europe,0,0,0,0,0,0,0,0,0,0,0,0,0,0,0,0,0,0,0
204,Russian Federation,Europe,Eastern Europe,Russian Federation,6247214.003,4666089.433,3204173.276,1169184.713,68101.08519,26274.21997,0,788226.6169,157921.4378,0,0,0,0,0,2201091.666,2464997.606,0.1607423,0,0.002625699
205,Rwanda,Africa,Eastern Africa,Sub-Saharan Africa,583427.7524,484381.0906,311897.6179,61050.85759,3395.265532,1312.692178,0,39380.7643,20274.24294,0,0,0,0,0,125413.8216,358967.2705,-0.0015211,87290.28984,0.010725139
206,R?union,Africa,Eastern Africa,Sub-Saharan Africa,0,0,0,0,0,0,0,0,0,0,0,0,0,0,0,0,0,0,0
207,Saint Helena,Africa,Western Africa,Sub-Saharan Africa,0,0,0,0,0,0,0,0,0,0,0,0,0,0,0,0,0,0,0
208,Saint Kitts and Nevis,Americas,Caribbean,Central & South America,0,0,0,0,0,0,0,0,0,0,0,0,0,0,0,0,0,0,0
209,Saint Lucia,Americas,Caribbean,Central & South America,0,0,0,0,0,0,0,0,0,0,0,0,0,0,0,0,0,0,0
210,Saint Pierre et Miquelon,Americas,Northern America,Oceania,0,0,0,0,0,0,0,0,0,0,0,0,0,0,0,0,0,0,0
211,Saint Vincent and the Grenadines,Americas,Caribbean,Central & South America,0,0,0,0,0,0,0,0,0,0,0,0,0,0,0,0,0,0,0
212,Samoa,Oceania,Polynesia,Oceania,0,0,0,0,0,0,0,0,0,0,0,0,0,0,0,0,0,0,0
213,San Marino,Europe,Southern Europe,Western Europe,0,0,0,0,0,0,0,0,0,0,0,0,0,0,0,0,0,0,0
214,Sao Tome and Principe,Africa,Middle Africa,Sub-Saharan Africa,0,0,0,0,0,0,0,0,0,0,0,0,0,0,0,0,0,0,0
215,Saudi Arabia,Asia,Western Asia,West Asia & Northern Africa,14292044.63,11080191.08,7072191.612,1642544.802,88154.4477,35360.95794,0,1060828.742,109983.5735,0,0,0,0,0,2936849.69,8143341.376,0.0120721,0,0.112713423
216,Scarborough Reef,Asia,South-Eastern Asia,East Asia,0,0,0,0,0,0,0,0,0,0,0,0,0,0,0,0,0,0,0
217,Senegal,Africa,Western Africa,Sub-Saharan Africa,1494993.334,1300070.191,831939.5946,20463.66936,1048.393867,415.969798,0,12479.09395,1290.319701,0,0,0,0,0,35697.44665,1264372.748,-0.00365078,144416.471,0.010223144
218,Senkaku Islands,Asia,Eastern Asia,East Asia,0,0,0,0,0,0,0,0,0,0,0,0,0,0,0,0,0,0,0
220,Seychelles,Africa,Eastern Africa,Sub-Saharan Africa,0,0,0,0,0,0,0,0,0,0,0,0,0,0,0,0,0,0,0
221,Sierra Leone,Africa,Western Africa,Sub-Saharan Africa,0,0,0,0,0,0,0,0,0,0,0,0,0,0,0,0,0,0,0
222,Singapore,Asia,South-Eastern Asia,East Asia,0,0,0,0,0,0,0,0,0,0,0,0,0,0,0,0,0,0,0
223,Slovakia,Europe,Eastern Europe,Eastern Europe,136227.2364,104416.0067,72606.40675,16863.12876,912.0610965,363.0320445,0,10890.96086,2072.657718,0,0,0,0,0,31101.84051,73314.1671,-0.00091542,0,0.002455561
224,Slovenia,Europe,Southern Europe,Western Europe,61793.26112,48204.94023,34014.48973,8487.195863,460.8949479,183.6782526,0,5510.347752,1033.417579,0,0,0,0,0,15675.53439,32529.40631,-0.00047002,0,0.001567513
225,Solomon Islands,Oceania,Melanesia,Oceania,0,0,0,0,0,0,0,0,0,0,0,0,0,0,0,0,0,0,0
226,Somalia,Africa,Eastern Africa,Sub-Saharan Africa,29743701.22,25349407.36,16073847.55,401074.6392,20578.93894,8160.390736,0,244811.7222,27379.55692,0,0,0,0,0,702005.2479,24647402.08,0.02938666,3253484.735,0.174420598
227,South Africa,Africa,Southern Africa,Sub-Saharan Africa,0,0,0,0,0,0,0,0,0,0,0,0,0,0,0,0,0,0,0
228,South Georgia and the South Sandwich Islands,Antarctica,,,0,0,0,0,0,0,0,0,0,0,0,0,0,0,0,0,0,0,0
229,Spain,Europe,Southern Europe,Western Europe,6825589.925,5309209.049,3748247.596,501586.1981,26502.68676,10495.0933,0,314852.7942,59017.16486,0,0,0,0,0,912453.9386,4396755.124,-0.0134235,0,0.008895529
230,Spratly Islands,Asia,South-Eastern Asia,East Asia,0,0,0,0,0,0,0,0,0,0,0,0,0,0,0,0,0,0,0
231,Sri Lanka,Asia,Southern Asia,South Asia,289428.682,238055.023,138608.2891,32192.32951,1800.241616,693.0414472,0,20791.24341,11775.50543,0,0,0,0,0,67252.36149,170802.66,0.0015133,21078.84173,0.005627355
233,Suriname,Americas,South America,Central & South America,0,0,0,0,0,0,0,0,0,0,0,0,0,0,0,0,0,0,0
234,Svalbard and Jan Mayen Islands,Europe,Northern Europe,Western Europe,0,0,0,0,0,0,0,0,0,0,0,0,0,0,0,0,0,0,0
235,Swaziland,Africa,Southern Africa,Sub-Saharan Africa,0,0,0,0,0,0,0,0,0,0,0,0,0,0,0,0,0,0,0
236,Sweden,Europe,Northern Europe,Western Europe,0,0,0,0,0,0,0,0,0,0,0,0,0,0,0,0,0,0,0
237,Switzerland,Europe,Western Europe,Western Europe,618032.5619,470521.3799,360437.7384,128665.5488,7179.58104,2883.502022,0,86505.05535,14943.75891,0,0,0,0,0,240177.4466,230343.9155,0.01778165,0,0.002324248
238,Syrian Arab Republic,Asia,Western Asia,West Asia & Northern Africa,3060216.21,2213013.22,1234209.689,286650.1367,15403.99366,6171.048423,0,185131.4532,22025.67556,0,0,0,0,0,515382.3076,1697630.911,0.00162881,449896.8312,0.02078418
239,Tajikistan,Asia,Central Asia,West Asia & Northern Africa,2305957.201,1729145.757,990316.488,230004.9655,12416.07521,4951.582464,0,148547.4734,25094.0837,0,0,0,0,0,421014.1802,1308131.575,0.00105812,301956.6954,0.017362722
240,Thailand,Asia,South-Eastern Asia,East Asia,0,0,0,0,0,0,0,0,0,0,0,0,0,0,0,0,0,0,0
241,The former Yugoslav Republic of Macedonia,Europe,Southern Europe,Western Europe,254227.1263,201390.8424,142864.5118,19117.96542,1010.06879,400.0206221,0,12000.619,2238.660534,0,0,0,0,0,34767.33445,166623.5069,0.00106709,0,0.01170795
242,Timor-Leste,Asia,South-Eastern Asia,East Asia,13462.76114,10631.25555,6724.297073,1561.744844,87.0048914,33.62148458,0,1008.644564,527.5760441,0,0,0,0,0,3218.591832,7412.663528,0.00019426,2233.83982,0.001320012
243,Togo,Africa,Western Africa,Sub-Saharan Africa,0,0,0,0,0,0,0,0,0,0,0,0,0,0,0,0,0,0,0
244,Tokelau,Oceania,Polynesia,Oceania,0,0,0,0,0,0,0,0,0,0,0,0,0,0,0,0,0,0,0
245,Tonga,Oceania,Polynesia,Oceania,0,0,0,0,0,0,0,0,0,0,0,0,0,0,0,0,0,0,0
246,Trinidad and Tobago,Americas,Caribbean,Central & South America,0,0,0,0,0,0,0,0,0,0,0,0,0,0,0,0,0,0,0
247,Tromelin Island,Africa,Eastern Africa,Sub-Saharan Africa,0,0,0,0,0,0,0,0,0,0,0,0,0,0,0,0,0,0,0
248,Tunisia,Africa,Northern Africa,West Asia & Northern Africa,1770530.006,1440131.558,885371.4493,205631.059,11075.57809,4426.85717,0,132805.7171,19159.52155,0,0,0,0,0,373098.7329,1067032.812,0.01248379,278992.7344,0.021079468
249,Turkey,Asia,Western Asia,West Asia & Northern Africa,3760900.219,2894711.968,1719401.369,399337.8451,21544.1186,8597.006838,0,257910.2056,41868.85683,0,0,0,0,0,729258.0329,2165453.925,0.00996327,134834.6778,0.005275085
250,Turkmenistan,Asia,Central Asia,West Asia & Northern Africa,0,0,0,0,0,0,0,0,0,0,0,0,0,0,0,0,0,0,0
251,Turks and Caicos islands,Americas,Caribbean,Central & South America,0,0,0,0,0,0,0,0,0,0,0,0,0,0,0,0,0,0,0
252,Tuvalu,Oceania,Polynesia,Oceania,0,0,0,0,0,0,0,0,0,0,0,0,0,0,0,0,0,0,0
253,Uganda,Africa,Eastern Africa,Sub-Saharan Africa,0,0,0,0,0,0,0,0,0,0,0,0,0,0,0,0,0,0,0
254,Ukraine,Europe,Eastern Europe,Eastern Europe,709473.5539,537039.1827,371540.6488,0,0,0,0,0,0,0,0,0,0,0,0,537039.1827,0,0,0.001428723
255,United Arab Emirates,Asia,Western Asia,West Asia & Northern Africa,4997825.71,3631665.72,2056904.291,477724.2467,25672.20369,10284.52145,0,308535.6425,36052.35447,0,0,0,0,0,858255.6079,2773410.09,0.0228169,948294.7745,0.233166584
256,U.K. of Great Britain and Northern Ireland,Europe,Northern Europe,Western Europe,0,0,0,0,0,0,0,0,0,0,0,0,0,0,0,0,0,0,0
257,United Republic of Tanzania,Africa,Eastern Africa,Sub-Saharan Africa,9548245.779,8232908.937,5151079.954,198500.6997,10685.84792,4131.405705,0,123942.1711,55312.54468,0,0,0,0,0,392572.6693,7840336.353,-0.08612448,1198627.855,0.016216941
258,United States Virgin Islands,Americas,Caribbean,Central & South America,0,0,0,0,0,0,0,0,0,0,0,0,0,0,0,0,0,0,0
259,United States of America,Americas,Northern America,North America,5451149.234,4335576.946,3041269.253,706346.9419,38226.5336,15206.34637,0,456190.3956,86125.90257,0,0,0,0,0,1302002.733,3033574.162,0.0509651,0,0.00057224
260,Uruguay,Americas,South America,Central & South America,0,0,0,0,0,0,0,0,0,0,0,0,0,0,0,0,0,0,0
261,Uzbekistan,Asia,Central Asia,West Asia & Northern Africa,6171855.478,4902771.969,2803141.192,651040.755,35881.98098,14015.70598,0,420471.1788,168645.57,0,0,0,0,0,1290055.191,3612716.786,-0.0076386,1263730.299,0.012394627
262,Vanuatu,Oceania,Melanesia,Oceania,0,0,0,0,0,0,0,0,0,0,0,0,0,0,0,0,0,0,0
263,Venezuela,Americas,South America,Central & South America,0,0,0,0,0,0,0,0,0,0,0,0,0,0,0,0,0,0,0
264,Viet Nam,Asia,South-Eastern Asia,East Asia,0,0,0,0,0,0,0,0,0,0,0,0,0,0,0,0,0,0,0
265,Wake Island,Oceania,Micronesia,Oceania,0,0,0,0,0,0,0,0,0,0,0,0,0,0,0,0,0,0,0
266,Wallis and Futuna,Oceania,Polynesia,Oceania,0,0,0,0,0,0,0,0,0,0,0,0,0,0,0,0,0,0,0
267,West Bank,Asia,Western Asia,West Asia & Northern Africa,1057251.393,788667.4111,462707.1724,107465.5919,5771.732777,2313.53587,0,69406.07584,7827.52409,0,0,0,0,0,192784.4605,595882.9609,-0.01033825,233879.7914,0.105459972
268,Western Sahara,Africa,Northern Africa,West Asia & Northern Africa,445492.3876,329718.8004,182285.6405,42336.56934,2275.227406,911.4282018,0,27342.84595,3272.45911,0,0,0,0,0,76138.53003,253580.2714,-0.00094334,12656.37255,0.782879242
269,Yemen,Asia,Western Asia,West Asia & Northern Africa,16877542.68,12506138.23,7281212.835,1691090.805,90832.33575,36406.06417,0,1092181.926,124124.2003,0,0,0,0,0,3034634.03,9471504.223,-0.0189582,2392589.695,0.083593349
270,Zambia,Africa,Eastern Africa,Sub-Saharan Africa,0,0,0,0,0,0,0,0,0,0,0,0,0,0,0,0,0,0,0
271,Zimbabwe,Africa,Eastern Africa,Sub-Saharan Africa,0,0,0,0,0,0,0,0,0,0,0,0,0,0,0,0,0,0,0
2647,Montenegro,Europe,Southern Europe,Western Europe,0,0,0,0,0,0,0,0,0,0,0,0,0,0,0,0,0,0,0
2648,Serbia,Europe,Southern Europe,Western Europe,0,0,0,0,0,0,0,0,0,0,0,0,0,0,0,0,0,0,0
33364,Hong Kong,Asia,Eastern Asia,East Asia,0,0,0,0,0,0,0,0,0,0,0,0,0,0,0,0,0,0,0
40760,Hala'ib triangle,Africa,Northern Africa,West Asia & Northern Africa,0,0,0,0,0,0,0,0,0,0,0,0,0,0,0,0,0,0,0
40762,Ma'tan al-Sarra,Africa,Northern Africa,West Asia & Northern Africa,0,0,0,0,0,0,0,0,0,0,0,0,0,0,0,0,0,0,0
40765,Egypt,Africa,Northern Africa,West Asia & Northern Africa,3712414.043,2956130.421,1805228.436,419271.5219,22509.05985,9026.142133,0,270784.2607,29339.59426,0,0,0,0,0,750930.5789,2205199.786,0.05595267,570894.3157,0.012158261
40781,Jammu and Kashmir,Asia,Eastern Asia,East Asia,0,0,0,0,0,0,0,0,0,0,0,0,0,0,0,0,0,0,0
61013,Ilemi triangle,Africa,Northern Africa,West Asia & Northern Africa,0,0,0,0,0,0,0,0,0,0,0,0,0,0,0,0,0,0,0
74578,Azores Islands,Europe,Southern Europe,Western Europe,0,0,0,0,0,0,0,0,0,0,0,0,0,0,0,0,0,0,0
