 ADM0_CODE , ADM0_NAME , CONTINENT , REGION , REG_ANNEX5 , Total_N_intake , Total_N_excreted , TAN , NH3 ,  N2O  ,  NOx  ,  Nox_burned  , N2 , NO3_leach ,  NH3_daily_spread  , N_discharged , Npublsew , N_not_collected , Nox_incinerated , N_losses ,  N_recycled  ,  Balance  , Intake_non_crop , share_trade 
1, Afghanistan , Asia , Southern Asia , South Asia ,0,0,0,0,0,0,0,0,0,0,0,0,0,0,0,0,0,0,0
2, Aksai Chin , Asia , Eastern Asia , East Asia ,0,0,0,0,0,0,0,0,0,0,0,0,0,0,0,0,0,0,0
3, Albania , Europe , Southern Europe , Western Europe ,0,0,0,0,0,0,0,0,0,0,0,0,0,0,0,0,0,0,0
4, Algeria , Africa , Northern Africa , West Asia & Northern Africa ,0,0,0,0,0,0,0,0,0,0,0,0,0,0,0,0,0,0,0
5, American Samoa , Oceania , Polynesia , Oceania ,0,0,0,0,0,0,0,0,0,0,0,0,0,0,0,0,0,0,0
6, Sudan , Africa , Northern Africa , West Asia & Northern Africa ,0,0,0,0,0,0,0,0,0,0,0,0,0,0,0,0,0,0,0
7, Andorra , Europe , Southern Europe , Western Europe ,0,0,0,0,0,0,0,0,0,0,0,0,0,0,0,0,0,0,0
8, Angola , Africa , Middle Africa , Sub-Saharan Africa ,0,0,0,0,0,0,0,0,0,0,0,0,0,0,0,0,0,0,0
9, Anguilla , Americas , Caribbean , Central & South America ,0,0,0,0,0,0,0,0,0,0,0,0,0,0,0,0,0,0,0
10, Antarctica , Antarctica ,,,0,0,0,0,0,0,0,0,0,0,0,0,0,0,0,0,0,0,0
11, Antigua and Barbuda , Americas , Caribbean , Central & South America ,0,0,0,0,0,0,0,0,0,0,0,0,0,0,0,0,0,0,0
12, Argentina , Americas , South America , Central & South America ,107064611.3,79375766.02,65983256.19,26150418.14,1512881.837,548782.7361,0,16463481.68,8077314.834,0,0,0,0,0,52752879.26,26622887.74,-0.98786,0,0.91688
13, Armenia , Asia , Western Asia , West Asia & Northern Africa ,0,0,0,0,0,0,0,0,0,0,0,0,0,0,0,0,0,0,0
14, Aruba , Americas , Caribbean , Central & South America ,0,0,0,0,0,0,0,0,0,0,0,0,0,0,0,0,0,0,0
15, Arunachal Pradesh , Asia , Eastern Asia , East Asia ,0,0,0,0,0,0,0,0,0,0,0,0,0,0,0,0,0,0,0
16, Ashmore and Cartier Islands , Oceania , Australia and New Zealand , Oceania ,0,0,0,0,0,0,0,0,0,0,0,0,0,0,0,0,0,0,0
17, Australia , Oceania , Australia and New Zealand , Oceania ,79851217.53,59323728.84,47076549.5,19047784.49,1142831.393,470765.5015,0,14122964.62,1177576.058,0,0,0,0,0,35961922.07,23361806.59,0.18103,0,0.75624
18, Austria , Europe , Western Europe , Western Europe ,0,0,0,0,0,0,0,0,0,0,0,0,0,0,0,0,0,0,0
19, Azerbaijan , Asia , Western Asia , West Asia & Northern Africa ,0,0,0,0,0,0,0,0,0,0,0,0,0,0,0,0,0,0,0
20, Bahamas , Americas , Caribbean , Central & South America ,0,0,0,0,0,0,0,0,0,0,0,0,0,0,0,0,0,0,0
21, Bahrain , Asia , Western Asia , West Asia & Northern Africa ,0,0,0,0,0,0,0,0,0,0,0,0,0,0,0,0,0,0,0
22, Baker Island , Americas , Northern America , North America ,0,0,0,0,0,0,0,0,0,0,0,0,0,0,0,0,0,0,0
23, Bangladesh , Asia , Southern Asia , South Asia ,0,0,0,0,0,0,0,0,0,0,0,0,0,0,0,0,0,0,0
24, Barbados , Americas , Caribbean , Central & South America ,0,0,0,0,0,0,0,0,0,0,0,0,0,0,0,0,0,0,0
25, Bassas da India , Africa , Eastern Africa , Sub-Saharan Africa ,0,0,0,0,0,0,0,0,0,0,0,0,0,0,0,0,0,0,0
26, Belarus , Europe , Eastern Europe , Eastern Europe ,0,0,0,0,0,0,0,0,0,0,0,0,0,0,0,0,0,0,0
27, Belgium , Europe , Western Europe , Western Europe ,0,0,0,0,0,0,0,0,0,0,0,0,0,0,0,0,0,0,0
28, Belize , Americas , Central America , Central & South America ,0,0,0,0,0,0,0,0,0,0,0,0,0,0,0,0,0,0,0
29, Benin , Africa , Western Africa , Sub-Saharan Africa ,0,0,0,0,0,0,0,0,0,0,0,0,0,0,0,0,0,0,0
30, Bermuda , Americas , Northern America , North America ,0,0,0,0,0,0,0,0,0,0,0,0,0,0,0,0,0,0,0
31, Bhutan , Asia , Southern Asia , South Asia ,0,0,0,0,0,0,0,0,0,0,0,0,0,0,0,0,0,0,0
32, Bird Island , Americas , Caribbean , Central & South America ,0,0,0,0,0,0,0,0,0,0,0,0,0,0,0,0,0,0,0
33, Bolivia , Americas , South America , Central & South America ,0,0,0,0,0,0,0,0,0,0,0,0,0,0,0,0,0,0,0
34, Bosnia and Herzegovina , Europe , Southern Europe , Western Europe ,0,0,0,0,0,0,0,0,0,0,0,0,0,0,0,0,0,0,0
35, Botswana , Africa , Southern Africa , Sub-Saharan Africa ,0,0,0,0,0,0,0,0,0,0,0,0,0,0,0,0,0,0,0
36, Bouvet Island , Antarctica ,,,0,0,0,0,0,0,0,0,0,0,0,0,0,0,0,0,0,0,0
37, Brazil , Americas , South America , Central & South America ,113388394.5,87104597.13,70059358.31,28080553.93,1801848.611,682464.317,0,20473929.54,8555216.155,538104.6365,2859899.366,0,0,0,62992016.75,24112578.86,1.51953,0,0.47764
38, British Indian Ocean Territory , Africa , Eastern Africa , South Asia ,0,0,0,0,0,0,0,0,0,0,0,0,0,0,0,0,0,0,0
39, British Virgin Islands , Americas , Caribbean , Central & South America ,0,0,0,0,0,0,0,0,0,0,0,0,0,0,0,0,0,0,0
40, Brunei Darussalam , Asia , South-Eastern Asia , East Asia ,0,0,0,0,0,0,0,0,0,0,0,0,0,0,0,0,0,0,0
41, Bulgaria , Europe , Eastern Europe , Eastern Europe ,0,0,0,0,0,0,0,0,0,0,0,0,0,0,0,0,0,0,0
42, Burkina Faso , Africa , Western Africa , Sub-Saharan Africa ,0,0,0,0,0,0,0,0,0,0,0,0,0,0,0,0,0,0,0
43, Burundi , Africa , Eastern Africa , Sub-Saharan Africa ,0,0,0,0,0,0,0,0,0,0,0,0,0,0,0,0,0,0,0
44, Cambodia , Asia , South-Eastern Asia , East Asia ,0,0,0,0,0,0,0,0,0,0,0,0,0,0,0,0,0,0,0
45, Cameroon , Africa , Middle Africa , Sub-Saharan Africa ,0,0,0,0,0,0,0,0,0,0,0,0,0,0,0,0,0,0,0
46, Canada , Americas , Northern America , North America ,118298834.3,87758800.74,68916903.04,27884675.25,1686329.053,689169.0295,0,20675071,3484024.324,0,0,0,0,0,54419268.69,33339532.75,-0.70165,0,0.6374
47, Cape Verde , Africa , Western Africa , Sub-Saharan Africa ,0,0,0,0,0,0,0,0,0,0,0,0,0,0,0,0,0,0,0
48, Cayman Islands , Americas , Caribbean , Central & South America ,0,0,0,0,0,0,0,0,0,0,0,0,0,0,0,0,0,0,0
49, Central African Republic , Africa , Middle Africa , Sub-Saharan Africa ,0,0,0,0,0,0,0,0,0,0,0,0,0,0,0,0,0,0,0
50, Chad , Africa , Middle Africa , Sub-Saharan Africa ,0,0,0,0,0,0,0,0,0,0,0,0,0,0,0,0,0,0,0
51, Chile , Americas , South America , Central & South America ,0,0,0,0,0,0,0,0,0,0,0,0,0,0,0,0,0,0,0
52, China/India , Asia , Eastern Asia , East Asia ,0,0,0,0,0,0,0,0,0,0,0,0,0,0,0,0,0,0,0
53, China , Asia , Eastern Asia , East Asia ,585733513.9,496819696.3,346656817.9,140261854.1,8715888.018,3466568.25,0,103997042.6,48429416.7,0,0,0,0,0,304870769.2,191948933.7,-6.57527,0,0.42517
54, Christmas Island , Asia , South-Eastern Asia , East Asia ,0,0,0,0,0,0,0,0,0,0,0,0,0,0,0,0,0,0,0
55, Clipperton Island , Americas , Central America , Central & South America ,0,0,0,0,0,0,0,0,0,0,0,0,0,0,0,0,0,0,0
56, Cocos (Keeling) Islands , Asia , South-Eastern Asia , East Asia ,0,0,0,0,0,0,0,0,0,0,0,0,0,0,0,0,0,0,0
57, Colombia , Americas , South America , Central & South America ,0,0,0,0,0,0,0,0,0,0,0,0,0,0,0,0,0,0,0
58, Comoros , Africa , Eastern Africa , Sub-Saharan Africa ,0,0,0,0,0,0,0,0,0,0,0,0,0,0,0,0,0,0,0
59, Congo , Africa , Middle Africa , Sub-Saharan Africa ,0,0,0,0,0,0,0,0,0,0,0,0,0,0,0,0,0,0,0
60, Cook Islands , Oceania , Polynesia , Oceania ,0,0,0,0,0,0,0,0,0,0,0,0,0,0,0,0,0,0,0
61, Costa Rica , Americas , Central America , Central & South America ,0,0,0,0,0,0,0,0,0,0,0,0,0,0,0,0,0,0,0
62, Croatia , Europe , Southern Europe , Western Europe ,0,0,0,0,0,0,0,0,0,0,0,0,0,0,0,0,0,0,0
63, Cuba , Americas , Caribbean , Central & South America ,0,0,0,0,0,0,0,0,0,0,0,0,0,0,0,0,0,0,0
64, Cyprus , Asia , Western Asia , West Asia & Northern Africa ,0,0,0,0,0,0,0,0,0,0,0,0,0,0,0,0,0,0,0
65, Czech Republic , Europe , Eastern Europe , Eastern Europe ,0,0,0,0,0,0,0,0,0,0,0,0,0,0,0,0,0,0,0
66, C?te d'Ivoire , Africa , Western Africa , Sub-Saharan Africa ,0,0,0,0,0,0,0,0,0,0,0,0,0,0,0,0,0,0,0
67, Dem People's Rep of Korea , Asia , Eastern Asia , East Asia ,0,0,0,0,0,0,0,0,0,0,0,0,0,0,0,0,0,0,0
68, Democratic Republic of the Congo , Africa , Middle Africa , Sub-Saharan Africa ,0,0,0,0,0,0,0,0,0,0,0,0,0,0,0,0,0,0,0
69, Denmark , Europe , Northern Europe , Western Europe ,0,0,0,0,0,0,0,0,0,0,0,0,0,0,0,0,0,0,0
70, Djibouti , Africa , Eastern Africa , Sub-Saharan Africa ,0,0,0,0,0,0,0,0,0,0,0,0,0,0,0,0,0,0,0
71, Dominica , Americas , Caribbean , Central & South America ,0,0,0,0,0,0,0,0,0,0,0,0,0,0,0,0,0,0,0
72, Dominican Republic , Americas , Caribbean , Central & South America ,0,0,0,0,0,0,0,0,0,0,0,0,0,0,0,0,0,0,0
73, Ecuador , Americas , South America , Central & South America ,0,0,0,0,0,0,0,0,0,0,0,0,0,0,0,0,0,0,0
74, South Sudan , Africa , Northern Africa , West Asia & Northern Africa ,0,0,0,0,0,0,0,0,0,0,0,0,0,0,0,0,0,0,0
75, El Salvador , Americas , Central America , Central & South America ,0,0,0,0,0,0,0,0,0,0,0,0,0,0,0,0,0,0,0
76, Equatorial Guinea , Africa , Middle Africa , Sub-Saharan Africa ,0,0,0,0,0,0,0,0,0,0,0,0,0,0,0,0,0,0,0
77, Eritrea , Africa , Eastern Africa , Sub-Saharan Africa ,0,0,0,0,0,0,0,0,0,0,0,0,0,0,0,0,0,0,0
78, Estonia , Europe , Northern Europe , Western Europe ,0,0,0,0,0,0,0,0,0,0,0,0,0,0,0,0,0,0,0
79, Ethiopia , Africa , Eastern Africa , Sub-Saharan Africa ,0,0,0,0,0,0,0,0,0,0,0,0,0,0,0,0,0,0,0
80, Europa Island , Africa , Eastern Africa , Sub-Saharan Africa ,0,0,0,0,0,0,0,0,0,0,0,0,0,0,0,0,0,0,0
81, Falkland Islands (Malvinas) , Americas , South America , Central & South America ,0,0,0,0,0,0,0,0,0,0,0,0,0,0,0,0,0,0,0
82, Faroe Islands , Europe , Northern Europe , Western Europe ,0,0,0,0,0,0,0,0,0,0,0,0,0,0,0,0,0,0,0
83, Fiji , Oceania , Melanesia , Oceania ,0,0,0,0,0,0,0,0,0,0,0,0,0,0,0,0,0,0,0
84, Finland , Europe , Northern Europe , Western Europe ,0,0,0,0,0,0,0,0,0,0,0,0,0,0,0,0,0,0,0
85, France , Europe , Western Europe , Western Europe ,0,0,0,0,0,0,0,0,0,0,0,0,0,0,0,0,0,0,0
86, French Guiana , Americas , South America , Central & South America ,0,0,0,0,0,0,0,0,0,0,0,0,0,0,0,0,0,0,0
87, French Polynesia , Oceania , Polynesia , Oceania ,0,0,0,0,0,0,0,0,0,0,0,0,0,0,0,0,0,0,0
88, French Southern and Antarctic Territories , Antarctica ,,,0,0,0,0,0,0,0,0,0,0,0,0,0,0,0,0,0,0,0
89, Gabon , Africa , Middle Africa , Sub-Saharan Africa ,0,0,0,0,0,0,0,0,0,0,0,0,0,0,0,0,0,0,0
90, Gambia , Africa , Western Africa , Sub-Saharan Africa ,0,0,0,0,0,0,0,0,0,0,0,0,0,0,0,0,0,0,0
91, Gaza Strip , Asia , Western Asia , West Asia & Northern Africa ,0,0,0,0,0,0,0,0,0,0,0,0,0,0,0,0,0,0,0
92, Georgia , Asia , Western Asia , West Asia & Northern Africa ,0,0,0,0,0,0,0,0,0,0,0,0,0,0,0,0,0,0,0
93, Germany , Europe , Western Europe , Western Europe ,0,0,0,0,0,0,0,0,0,0,0,0,0,0,0,0,0,0,0
94, Ghana , Africa , Western Africa , Sub-Saharan Africa ,0,0,0,0,0,0,0,0,0,0,0,0,0,0,0,0,0,0,0
95, Gibraltar , Europe , Southern Europe , Western Europe ,0,0,0,0,0,0,0,0,0,0,0,0,0,0,0,0,0,0,0
96, Glorioso Island , Africa , Eastern Africa , Sub-Saharan Africa ,0,0,0,0,0,0,0,0,0,0,0,0,0,0,0,0,0,0,0
97, Greece , Europe , Southern Europe , Western Europe ,0,0,0,0,0,0,0,0,0,0,0,0,0,0,0,0,0,0,0
98, Greenland , Americas , Northern America , North America ,0,0,0,0,0,0,0,0,0,0,0,0,0,0,0,0,0,0,0
99, Grenada , Americas , Caribbean , Central & South America ,0,0,0,0,0,0,0,0,0,0,0,0,0,0,0,0,0,0,0
100, Guadeloupe , Americas , Caribbean , Central & South America ,0,0,0,0,0,0,0,0,0,0,0,0,0,0,0,0,0,0,0
101, Guam , Oceania , Micronesia , Oceania ,0,0,0,0,0,0,0,0,0,0,0,0,0,0,0,0,0,0,0
102, Abyei , Africa , Northern Africa , West Asia & Northern Africa ,0,0,0,0,0,0,0,0,0,0,0,0,0,0,0,0,0,0,0
103, Guatemala , Americas , Central America , Central & South America ,0,0,0,0,0,0,0,0,0,0,0,0,0,0,0,0,0,0,0
104, Guernsey , Europe , Northern Europe , Western Europe ,0,0,0,0,0,0,0,0,0,0,0,0,0,0,0,0,0,0,0
105, Guinea-Bissau , Africa , Western Africa , Sub-Saharan Africa ,0,0,0,0,0,0,0,0,0,0,0,0,0,0,0,0,0,0,0
106, Guinea , Africa , Western Africa , Sub-Saharan Africa ,0,0,0,0,0,0,0,0,0,0,0,0,0,0,0,0,0,0,0
107, Guyana , Americas , South America , Central & South America ,0,0,0,0,0,0,0,0,0,0,0,0,0,0,0,0,0,0,0
108, Haiti , Americas , Caribbean , Central & South America ,0,0,0,0,0,0,0,0,0,0,0,0,0,0,0,0,0,0,0
109, Heard Island and McDonald Islands , Antarctica ,,,0,0,0,0,0,0,0,0,0,0,0,0,0,0,0,0,0,0,0
110, Holy See , Europe , Southern Europe , Western Europe ,0,0,0,0,0,0,0,0,0,0,0,0,0,0,0,0,0,0,0
111, Honduras , Americas , Central America , Central & South America ,0,0,0,0,0,0,0,0,0,0,0,0,0,0,0,0,0,0,0
112, Howland Island , Americas , Northern America , North America ,0,0,0,0,0,0,0,0,0,0,0,0,0,0,0,0,0,0,0
113, Hungary , Europe , Eastern Europe , Eastern Europe ,0,0,0,0,0,0,0,0,0,0,0,0,0,0,0,0,0,0,0
114, Iceland , Europe , Northern Europe , Western Europe ,0,0,0,0,0,0,0,0,0,0,0,0,0,0,0,0,0,0,0
115, India , Asia , Southern Asia , South Asia ,0,0,0,0,0,0,0,0,0,0,0,0,0,0,0,0,0,0,0
116, Indonesia , Asia , South-Eastern Asia , East Asia ,15419564.08,13262367.49,8931397.348,3613759.678,225077.3495,89313.97446,0,2679419.165,1316289.94,0,0,0,0,0,7923860.142,5338507.486,-0.13474,0,0.47768
117, Iran  (Islamic Republic of) , Asia , Southern Asia , South Asia ,0,0,0,0,0,0,0,0,0,0,0,0,0,0,0,0,0,0,0
118, Iraq , Asia , Western Asia , West Asia & Northern Africa ,0,0,0,0,0,0,0,0,0,0,0,0,0,0,0,0,0,0,0
119, Ireland , Europe , Northern Europe , Western Europe ,0,0,0,0,0,0,0,0,0,0,0,0,0,0,0,0,0,0,0
120, Isle of Man , Europe , Northern Europe , Western Europe ,0,0,0,0,0,0,0,0,0,0,0,0,0,0,0,0,0,0,0
121, Israel , Asia , Western Asia , West Asia & Northern Africa ,0,0,0,0,0,0,0,0,0,0,0,0,0,0,0,0,0,0,0
122, Italy , Europe , Southern Europe , Western Europe ,0,0,0,0,0,0,0,0,0,0,0,0,0,0,0,0,0,0,0
123, Jamaica , Americas , Caribbean , Central & South America ,0,0,0,0,0,0,0,0,0,0,0,0,0,0,0,0,0,0,0
126, Japan , Asia , Eastern Asia , East Asia ,20846765.71,16098583.85,12406205.22,5019711.819,301243.0438,124062.0502,0,3721861.557,319556.8949,0,0,0,0,0,9486435.364,6612148.372,0.11534,0,0.80242
127, Jarvis Island , Americas , Northern America , North America ,0,0,0,0,0,0,0,0,0,0,0,0,0,0,0,0,0,0,0
128, Jersey , Europe , Northern Europe , Western Europe ,0,0,0,0,0,0,0,0,0,0,0,0,0,0,0,0,0,0,0
129, Johnston Atoll , Americas , Northern America , North America ,0,0,0,0,0,0,0,0,0,0,0,0,0,0,0,0,0,0,0
130, Jordan , Asia , Western Asia , West Asia & Northern Africa ,0,0,0,0,0,0,0,0,0,0,0,0,0,0,0,0,0,0,0
131, Juan de Nova Island , Africa , Eastern Africa , Sub-Saharan Africa ,0,0,0,0,0,0,0,0,0,0,0,0,0,0,0,0,0,0,0
132, Kazakhstan , Asia , Central Asia , West Asia & Northern Africa ,0,0,0,0,0,0,0,0,0,0,0,0,0,0,0,0,0,0,0
133, Kenya , Africa , Eastern Africa , Sub-Saharan Africa ,0,0,0,0,0,0,0,0,0,0,0,0,0,0,0,0,0,0,0
134, Kingman Reef , Americas , Northern America , North America ,0,0,0,0,0,0,0,0,0,0,0,0,0,0,0,0,0,0,0
135, Kiribati , Oceania , Micronesia , Oceania ,0,0,0,0,0,0,0,0,0,0,0,0,0,0,0,0,0,0,0
136, Kuril islands , Asia , Eastern Asia , East Asia ,0,0,0,0,0,0,0,0,0,0,0,0,0,0,0,0,0,0,0
137, Kuwait , Asia , Western Asia , West Asia & Northern Africa ,0,0,0,0,0,0,0,0,0,0,0,0,0,0,0,0,0,0,0
138, Kyrgyzstan , Asia , Central Asia , West Asia & Northern Africa ,0,0,0,0,0,0,0,0,0,0,0,0,0,0,0,0,0,0,0
139, Lao People's Democratic Republic , Asia , South-Eastern Asia , East Asia ,0,0,0,0,0,0,0,0,0,0,0,0,0,0,0,0,0,0,0
140, Latvia , Europe , Northern Europe , Western Europe ,0,0,0,0,0,0,0,0,0,0,0,0,0,0,0,0,0,0,0
141, Lebanon , Asia , Western Asia , West Asia & Northern Africa ,0,0,0,0,0,0,0,0,0,0,0,0,0,0,0,0,0,0,0
142, Lesotho , Africa , Southern Africa , Sub-Saharan Africa ,0,0,0,0,0,0,0,0,0,0,0,0,0,0,0,0,0,0,0
144, Liberia , Africa , Western Africa , Sub-Saharan Africa ,0,0,0,0,0,0,0,0,0,0,0,0,0,0,0,0,0,0,0
145, Libya , Africa , Northern Africa , West Asia & Northern Africa ,0,0,0,0,0,0,0,0,0,0,0,0,0,0,0,0,0,0,0
146, Liechtenstein , Europe , Western Europe , Western Europe ,0,0,0,0,0,0,0,0,0,0,0,0,0,0,0,0,0,0,0
147, Lithuania , Europe , Northern Europe , Western Europe ,0,0,0,0,0,0,0,0,0,0,0,0,0,0,0,0,0,0,0
148, Luxembourg , Europe , Western Europe , Western Europe ,0,0,0,0,0,0,0,0,0,0,0,0,0,0,0,0,0,0,0
149, Macau , Asia , Eastern Asia , East Asia ,0,0,0,0,0,0,0,0,0,0,0,0,0,0,0,0,0,0,0
150, Madagascar , Africa , Eastern Africa , Sub-Saharan Africa ,0,0,0,0,0,0,0,0,0,0,0,0,0,0,0,0,0,0,0
151, Madeira Islands , Europe , Southern Europe , Western Europe ,0,0,0,0,0,0,0,0,0,0,0,0,0,0,0,0,0,0,0
152, Malawi , Africa , Eastern Africa , Sub-Saharan Africa ,0,0,0,0,0,0,0,0,0,0,0,0,0,0,0,0,0,0,0
153, Malaysia , Asia , South-Eastern Asia , East Asia ,0,0,0,0,0,0,0,0,0,0,0,0,0,0,0,0,0,0,0
154, Maldives , Asia , Southern Asia , South Asia ,0,0,0,0,0,0,0,0,0,0,0,0,0,0,0,0,0,0,0
155, Mali , Africa , Western Africa , Sub-Saharan Africa ,0,0,0,0,0,0,0,0,0,0,0,0,0,0,0,0,0,0,0
156, Malta , Europe , Southern Europe , Western Europe ,0,0,0,0,0,0,0,0,0,0,0,0,0,0,0,0,0,0,0
157, Marshall Islands , Oceania , Micronesia , Oceania ,0,0,0,0,0,0,0,0,0,0,0,0,0,0,0,0,0,0,0
158, Martinique , Americas , Caribbean , Central & South America ,0,0,0,0,0,0,0,0,0,0,0,0,0,0,0,0,0,0,0
159, Mauritania , Africa , Western Africa , Sub-Saharan Africa ,0,0,0,0,0,0,0,0,0,0,0,0,0,0,0,0,0,0,0
160, Mauritius , Africa , Eastern Africa , Sub-Saharan Africa ,0,0,0,0,0,0,0,0,0,0,0,0,0,0,0,0,0,0,0
161, Mayotte , Africa , Eastern Africa , Sub-Saharan Africa ,0,0,0,0,0,0,0,0,0,0,0,0,0,0,0,0,0,0,0
162, Mexico , Americas , Central America , Central & South America ,77842222.29,59035320.18,45023720.5,18217182.39,1096174.057,450237.2013,0,13507116.19,1546672.122,0,0,0,0,0,34817381.97,24217938.23,-0.01574,0,0.65851
163, Micronesia (Federated States of) , Oceania , Micronesia , Oceania ,0,0,0,0,0,0,0,0,0,0,0,0,0,0,0,0,0,0,0
164, Midway Island , Americas , Northern America , North America ,0,0,0,0,0,0,0,0,0,0,0,0,0,0,0,0,0,0,0
165," Moldova, Republic of ", Europe , Eastern Europe , Eastern Europe ,0,0,0,0,0,0,0,0,0,0,0,0,0,0,0,0,0,0,0
166, Monaco , Europe , Western Europe , Western Europe ,0,0,0,0,0,0,0,0,0,0,0,0,0,0,0,0,0,0,0
167, Mongolia , Asia , Eastern Asia , East Asia ,0,0,0,0,0,0,0,0,0,0,0,0,0,0,0,0,0,0,0
168, Montserrat , Americas , Caribbean , Central & South America ,0,0,0,0,0,0,0,0,0,0,0,0,0,0,0,0,0,0,0
169, Morocco , Africa , Northern Africa , West Asia & Northern Africa ,0,0,0,0,0,0,0,0,0,0,0,0,0,0,0,0,0,0,0
170, Mozambique , Africa , Eastern Africa , Sub-Saharan Africa ,0,0,0,0,0,0,0,0,0,0,0,0,0,0,0,0,0,0,0
171, Myanmar , Asia , South-Eastern Asia , East Asia ,0,0,0,0,0,0,0,0,0,0,0,0,0,0,0,0,0,0,0
172, Namibia , Africa , Southern Africa , Sub-Saharan Africa ,0,0,0,0,0,0,0,0,0,0,0,0,0,0,0,0,0,0,0
173, Nauru , Oceania , Micronesia , Oceania ,0,0,0,0,0,0,0,0,0,0,0,0,0,0,0,0,0,0,0
174, Navassa Island , Americas , Northern America , North America ,0,0,0,0,0,0,0,0,0,0,0,0,0,0,0,0,0,0,0
175, Nepal , Asia , Southern Asia , South Asia ,0,0,0,0,0,0,0,0,0,0,0,0,0,0,0,0,0,0,0
176, Netherlands Antilles , Americas , Caribbean , Central & South America ,0,0,0,0,0,0,0,0,0,0,0,0,0,0,0,0,0,0,0
177, Netherlands , Europe , Western Europe , Western Europe ,0,0,0,0,0,0,0,0,0,0,0,0,0,0,0,0,0,0,0
178, New Caledonia , Oceania , Melanesia , Oceania ,0,0,0,0,0,0,0,0,0,0,0,0,0,0,0,0,0,0,0
179, New Zealand , Oceania , Australia and New Zealand , Oceania ,0,0,0,0,0,0,0,0,0,0,0,0,0,0,0,0,0,0,0
180, Nicaragua , Americas , Central America , Central & South America ,0,0,0,0,0,0,0,0,0,0,0,0,0,0,0,0,0,0,0
181, Niger , Africa , Western Africa , Sub-Saharan Africa ,0,0,0,0,0,0,0,0,0,0,0,0,0,0,0,0,0,0,0
182, Nigeria , Africa , Western Africa , Sub-Saharan Africa ,0,0,0,0,0,0,0,0,0,0,0,0,0,0,0,0,0,0,0
183, Niue , Oceania , Polynesia , Oceania ,0,0,0,0,0,0,0,0,0,0,0,0,0,0,0,0,0,0,0
184, Norfolk Island , Oceania , Australia and New Zealand , Oceania ,0,0,0,0,0,0,0,0,0,0,0,0,0,0,0,0,0,0,0
185, Northern Mariana Islands , Oceania , Micronesia , Oceania ,0,0,0,0,0,0,0,0,0,0,0,0,0,0,0,0,0,0,0
186, Norway , Europe , Northern Europe , Western Europe ,0,0,0,0,0,0,0,0,0,0,0,0,0,0,0,0,0,0,0
187, Oman , Asia , Western Asia , West Asia & Northern Africa ,0,0,0,0,0,0,0,0,0,0,0,0,0,0,0,0,0,0,0
188, Pakistan , Asia , Southern Asia , South Asia ,0,0,0,0,0,0,0,0,0,0,0,0,0,0,0,0,0,0,0
189, Palau , Oceania , Micronesia , Oceania ,0,0,0,0,0,0,0,0,0,0,0,0,0,0,0,0,0,0,0
190, Palmyra Atoll , Americas , Northern America , North America ,0,0,0,0,0,0,0,0,0,0,0,0,0,0,0,0,0,0,0
191, Panama , Americas , Central America , Central & South America ,0,0,0,0,0,0,0,0,0,0,0,0,0,0,0,0,0,0,0
192, Papua New Guinea , Oceania , Melanesia , Oceania ,0,0,0,0,0,0,0,0,0,0,0,0,0,0,0,0,0,0,0
193, Paracel Islands , Asia , South-Eastern Asia , East Asia ,0,0,0,0,0,0,0,0,0,0,0,0,0,0,0,0,0,0,0
194, Paraguay , Americas , South America , Central & South America ,0,0,0,0,0,0,0,0,0,0,0,0,0,0,0,0,0,0,0
195, Peru , Americas , South America , Central & South America ,0,0,0,0,0,0,0,0,0,0,0,0,0,0,0,0,0,0,0
196, Philippines , Asia , South-Eastern Asia , East Asia ,0,0,0,0,0,0,0,0,0,0,0,0,0,0,0,0,0,0,0
197, Pitcairn , Oceania , Polynesia , Oceania ,0,0,0,0,0,0,0,0,0,0,0,0,0,0,0,0,0,0,0
198, Poland , Europe , Eastern Europe , Eastern Europe ,0,0,0,0,0,0,0,0,0,0,0,0,0,0,0,0,0,0,0
199, Portugal , Europe , Southern Europe , Western Europe ,0,0,0,0,0,0,0,0,0,0,0,0,0,0,0,0,0,0,0
200, Puerto Rico , Americas , Caribbean , Central & South America ,0,0,0,0,0,0,0,0,0,0,0,0,0,0,0,0,0,0,0
201, Qatar , Asia , Western Asia , West Asia & Northern Africa ,0,0,0,0,0,0,0,0,0,0,0,0,0,0,0,0,0,0,0
202, Republic of Korea , Asia , Eastern Asia , East Asia ,0,0,0,0,0,0,0,0,0,0,0,0,0,0,0,0,0,0,0
203, Romania , Europe , Eastern Europe , Eastern Europe ,0,0,0,0,0,0,0,0,0,0,0,0,0,0,0,0,0,0,0
204, Russian Federation , Europe , Eastern Europe , Russian Federation ,0,0,0,0,0,0,0,0,0,0,0,0,0,0,0,0,0,0,0
205, Rwanda , Africa , Eastern Africa , Sub-Saharan Africa ,0,0,0,0,0,0,0,0,0,0,0,0,0,0,0,0,0,0,0
206, R?union , Africa , Eastern Africa , Sub-Saharan Africa ,0,0,0,0,0,0,0,0,0,0,0,0,0,0,0,0,0,0,0
207, Saint Helena , Africa , Western Africa , Sub-Saharan Africa ,0,0,0,0,0,0,0,0,0,0,0,0,0,0,0,0,0,0,0
208, Saint Kitts and Nevis , Americas , Caribbean , Central & South America ,0,0,0,0,0,0,0,0,0,0,0,0,0,0,0,0,0,0,0
209, Saint Lucia , Americas , Caribbean , Central & South America ,0,0,0,0,0,0,0,0,0,0,0,0,0,0,0,0,0,0,0
210, Saint Pierre et Miquelon , Americas , Northern America , Oceania ,0,0,0,0,0,0,0,0,0,0,0,0,0,0,0,0,0,0,0
211, Saint Vincent and the Grenadines , Americas , Caribbean , Central & South America ,0,0,0,0,0,0,0,0,0,0,0,0,0,0,0,0,0,0,0
212, Samoa , Oceania , Polynesia , Oceania ,0,0,0,0,0,0,0,0,0,0,0,0,0,0,0,0,0,0,0
213, San Marino , Europe , Southern Europe , Western Europe ,0,0,0,0,0,0,0,0,0,0,0,0,0,0,0,0,0,0,0
214, Sao Tome and Principe , Africa , Middle Africa , Sub-Saharan Africa ,0,0,0,0,0,0,0,0,0,0,0,0,0,0,0,0,0,0,0
215, Saudi Arabia , Asia , Western Asia , West Asia & Northern Africa ,0,0,0,0,0,0,0,0,0,0,0,0,0,0,0,0,0,0,0
216, Scarborough Reef , Asia , South-Eastern Asia , East Asia ,0,0,0,0,0,0,0,0,0,0,0,0,0,0,0,0,0,0,0
217, Senegal , Africa , Western Africa , Sub-Saharan Africa ,0,0,0,0,0,0,0,0,0,0,0,0,0,0,0,0,0,0,0
218, Senkaku Islands , Asia , Eastern Asia , East Asia ,0,0,0,0,0,0,0,0,0,0,0,0,0,0,0,0,0,0,0
220, Seychelles , Africa , Eastern Africa , Sub-Saharan Africa ,0,0,0,0,0,0,0,0,0,0,0,0,0,0,0,0,0,0,0
221, Sierra Leone , Africa , Western Africa , Sub-Saharan Africa ,0,0,0,0,0,0,0,0,0,0,0,0,0,0,0,0,0,0,0
222, Singapore , Asia , South-Eastern Asia , East Asia ,0,0,0,0,0,0,0,0,0,0,0,0,0,0,0,0,0,0,0
223, Slovakia , Europe , Eastern Europe , Eastern Europe ,0,0,0,0,0,0,0,0,0,0,0,0,0,0,0,0,0,0,0
224, Slovenia , Europe , Southern Europe , Western Europe ,0,0,0,0,0,0,0,0,0,0,0,0,0,0,0,0,0,0,0
225, Solomon Islands , Oceania , Melanesia , Oceania ,0,0,0,0,0,0,0,0,0,0,0,0,0,0,0,0,0,0,0
226, Somalia , Africa , Eastern Africa , Sub-Saharan Africa ,0,0,0,0,0,0,0,0,0,0,0,0,0,0,0,0,0,0,0
227, South Africa , Africa , Southern Africa , Sub-Saharan Africa ,35705402.98,26248268.35,20126715.01,8143530.616,498685.624,201267.1488,0,6038014.555,1838565.46,0,0,0,0,0,16720063.36,9528204.674,0.30916,0,0.71249
228, South Georgia and the South Sandwich Islands , Antarctica ,,,0,0,0,0,0,0,0,0,0,0,0,0,0,0,0,0,0,0,0
229, Spain , Europe , Southern Europe , Western Europe ,9272061.256,7141388.59,5894262.015,2373370.967,141643.3941,56608.48941,0,1698254.776,283513.1238,0,0,0,0,0,4553390.749,2587997.954,-0.11344,0,0.72676
230, Spratly Islands , Asia , South-Eastern Asia , East Asia ,0,0,0,0,0,0,0,0,0,0,0,0,0,0,0,0,0,0,0
231, Sri Lanka , Asia , Southern Asia , South Asia ,0,0,0,0,0,0,0,0,0,0,0,0,0,0,0,0,0,0,0
233, Suriname , Americas , South America , Central & South America ,0,0,0,0,0,0,0,0,0,0,0,0,0,0,0,0,0,0,0
234, Svalbard and Jan Mayen Islands , Europe , Northern Europe , Western Europe ,0,0,0,0,0,0,0,0,0,0,0,0,0,0,0,0,0,0,0
235, Swaziland , Africa , Southern Africa , Sub-Saharan Africa ,0,0,0,0,0,0,0,0,0,0,0,0,0,0,0,0,0,0,0
236, Sweden , Europe , Northern Europe , Western Europe ,0,0,0,0,0,0,0,0,0,0,0,0,0,0,0,0,0,0,0
237, Switzerland , Europe , Western Europe , Western Europe ,0,0,0,0,0,0,0,0,0,0,0,0,0,0,0,0,0,0,0
238, Syrian Arab Republic , Asia , Western Asia , West Asia & Northern Africa ,0,0,0,0,0,0,0,0,0,0,0,0,0,0,0,0,0,0,0
239, Tajikistan , Asia , Central Asia , West Asia & Northern Africa ,0,0,0,0,0,0,0,0,0,0,0,0,0,0,0,0,0,0,0
240, Thailand , Asia , South-Eastern Asia , East Asia ,0,0,0,0,0,0,0,0,0,0,0,0,0,0,0,0,0,0,0
241, The former Yugoslav Republic of Macedonia , Europe , Southern Europe , Western Europe ,0,0,0,0,0,0,0,0,0,0,0,0,0,0,0,0,0,0,0
242, Timor-Leste , Asia , South-Eastern Asia , East Asia ,0,0,0,0,0,0,0,0,0,0,0,0,0,0,0,0,0,0,0
243, Togo , Africa , Western Africa , Sub-Saharan Africa ,0,0,0,0,0,0,0,0,0,0,0,0,0,0,0,0,0,0,0
244, Tokelau , Oceania , Polynesia , Oceania ,0,0,0,0,0,0,0,0,0,0,0,0,0,0,0,0,0,0,0
245, Tonga , Oceania , Polynesia , Oceania ,0,0,0,0,0,0,0,0,0,0,0,0,0,0,0,0,0,0,0
246, Trinidad and Tobago , Americas , Caribbean , Central & South America ,0,0,0,0,0,0,0,0,0,0,0,0,0,0,0,0,0,0,0
247, Tromelin Island , Africa , Eastern Africa , Sub-Saharan Africa ,0,0,0,0,0,0,0,0,0,0,0,0,0,0,0,0,0,0,0
248, Tunisia , Africa , Northern Africa , West Asia & Northern Africa ,0,0,0,0,0,0,0,0,0,0,0,0,0,0,0,0,0,0,0
249, Turkey , Asia , Western Asia , West Asia & Northern Africa ,0,0,0,0,0,0,0,0,0,0,0,0,0,0,0,0,0,0,0
250, Turkmenistan , Asia , Central Asia , West Asia & Northern Africa ,0,0,0,0,0,0,0,0,0,0,0,0,0,0,0,0,0,0,0
251, Turks and Caicos islands , Americas , Caribbean , Central & South America ,0,0,0,0,0,0,0,0,0,0,0,0,0,0,0,0,0,0,0
252, Tuvalu , Oceania , Polynesia , Oceania ,0,0,0,0,0,0,0,0,0,0,0,0,0,0,0,0,0,0,0
253, Uganda , Africa , Eastern Africa , Sub-Saharan Africa ,0,0,0,0,0,0,0,0,0,0,0,0,0,0,0,0,0,0,0
254, Ukraine , Europe , Eastern Europe , Eastern Europe ,0,0,0,0,0,0,0,0,0,0,0,0,0,0,0,0,0,0,0
255, United Arab Emirates , Asia , Western Asia , West Asia & Northern Africa ,0,0,0,0,0,0,0,0,0,0,0,0,0,0,0,0,0,0,0
256, U.K. of Great Britain and Northern Ireland , Europe , Northern Europe , Western Europe ,0,0,0,0,0,0,0,0,0,0,0,0,0,0,0,0,0,0,0
257, United Republic of Tanzania , Africa , Eastern Africa , Sub-Saharan Africa ,0,0,0,0,0,0,0,0,0,0,0,0,0,0,0,0,0,0,0
258, United States Virgin Islands , Americas , Caribbean , Central & South America ,0,0,0,0,0,0,0,0,0,0,0,0,0,0,0,0,0,0,0
259, United States of America , Americas , Northern America , North America ,975485004.1,657867287.9,514574963.7,235233171.2,11235372.42,3562873.398,0,106886201.6,22052749.27,0,0,0,73153362.21,0,452123730.1,205743563.1,-5.19394,0,0.77172
260, Uruguay , Americas , South America , Central & South America ,15052857.65,12993842.43,10485283.37,4242481.913,262304.404,104852.8341,0,3145585.034,1289638.873,0,0,0,0,0,9044863.052,3948979.369,0.00725,0,0.77236
261, Uzbekistan , Asia , Central Asia , West Asia & Northern Africa ,0,0,0,0,0,0,0,0,0,0,0,0,0,0,0,0,0,0,0
262, Vanuatu , Oceania , Melanesia , Oceania ,0,0,0,0,0,0,0,0,0,0,0,0,0,0,0,0,0,0,0
263, Venezuela , Americas , South America , Central & South America ,0,0,0,0,0,0,0,0,0,0,0,0,0,0,0,0,0,0,0
264, Viet Nam , Asia , South-Eastern Asia , East Asia ,0,0,0,0,0,0,0,0,0,0,0,0,0,0,0,0,0,0,0
265, Wake Island , Oceania , Micronesia , Oceania ,0,0,0,0,0,0,0,0,0,0,0,0,0,0,0,0,0,0,0
266, Wallis and Futuna , Oceania , Polynesia , Oceania ,0,0,0,0,0,0,0,0,0,0,0,0,0,0,0,0,0,0,0
267, West Bank , Asia , Western Asia , West Asia & Northern Africa ,0,0,0,0,0,0,0,0,0,0,0,0,0,0,0,0,0,0,0
268, Western Sahara , Africa , Northern Africa , West Asia & Northern Africa ,0,0,0,0,0,0,0,0,0,0,0,0,0,0,0,0,0,0,0
269, Yemen , Asia , Western Asia , West Asia & Northern Africa ,0,0,0,0,0,0,0,0,0,0,0,0,0,0,0,0,0,0,0
270, Zambia , Africa , Eastern Africa , Sub-Saharan Africa ,0,0,0,0,0,0,0,0,0,0,0,0,0,0,0,0,0,0,0
271, Zimbabwe , Africa , Eastern Africa , Sub-Saharan Africa ,0,0,0,0,0,0,0,0,0,0,0,0,0,0,0,0,0,0,0
2647, Montenegro , Europe , Southern Europe , Western Europe ,0,0,0,0,0,0,0,0,0,0,0,0,0,0,0,0,0,0,0
2648, Serbia , Europe , Southern Europe , Western Europe ,0,0,0,0,0,0,0,0,0,0,0,0,0,0,0,0,0,0,0
33364, Hong Kong , Asia , Eastern Asia , East Asia ,0,0,0,0,0,0,0,0,0,0,0,0,0,0,0,0,0,0,0
40760, Hala'ib triangle , Africa , Northern Africa , West Asia & Northern Africa ,0,0,0,0,0,0,0,0,0,0,0,0,0,0,0,0,0,0,0
40762, Ma'tan al-Sarra , Africa , Northern Africa , West Asia & Northern Africa ,0,0,0,0,0,0,0,0,0,0,0,0,0,0,0,0,0,0,0
40765, Egypt , Africa , Northern Africa , West Asia & Northern Africa ,0,0,0,0,0,0,0,0,0,0,0,0,0,0,0,0,0,0,0
40781, Jammu and Kashmir , Asia , Eastern Asia , East Asia ,0,0,0,0,0,0,0,0,0,0,0,0,0,0,0,0,0,0,0
61013, Ilemi triangle , Africa , Northern Africa , West Asia & Northern Africa ,0,0,0,0,0,0,0,0,0,0,0,0,0,0,0,0,0,0,0
74578, Azores Islands , Europe , Southern Europe , Western Europe ,0,0,0,0,0,0,0,0,0,0,0,0,0,0,0,0,0,0,0
