ADM0_CODE,ADM0_NAME,CONTINENT,REGION,REG_ANNEX5,Total_N_intake,Total_N_excreted,TAN,NH3, N2O , NOx ,Nox_burned,N2,NO3_leach, NH3_daily_spread,N_discharged,Npublsew,N_not_collected,Nox_incinerated,N_losses, N_recycled, Balance ,Intake_non_crop,share_trade
1,Afghanistan,Asia,Southern Asia,South Asia,10167700.97,8325212.251,5262391.56,1222211.492,65888.18587,26311.95781,0,789358.7347,121574.5707,0,0,0,0,0,2225344.941,6099867.321,-0.010954,814649.0076,0.034476837
2,Aksai Chin,Asia,Eastern Asia,East Asia,0,0,0,0,0,0,0,0,0,0,0,0,0,0,0,0,0,0,0
3,Albania,Europe,Southern Europe,Western Europe,3414592.006,2803568.719,2008938.157,268833.8007,14201.04664,5625.027086,0,168750.8069,31164.4697,0,0,0,0,0,488575.1521,2314993.584,-0.017535,0,0.085741153
4,Algeria,Africa,Northern Africa,West Asia & Northern Africa,2938261.377,2329196.711,1383583.544,321342.8121,17308.35532,6917.917706,0,207537.5318,29991.08898,0,0,0,0,0,583097.7059,1746099.001,0.004958,208423.4275,0.014403865
5,American Samoa,Oceania,Polynesia,Oceania,0,0,0,0,0,0,0,0,0,0,0,0,0,0,0,0,0,0,0
6,Sudan,Africa,Northern Africa,West Asia & Northern Africa,64980045.96,53470880.65,32716844.35,7598617.965,407942.2721,163584.2225,0,4907526.657,531994.7781,0,0,0,0,0,13609665.9,39861214.7,0.052344,7136029.139,0.044741438
7,Andorra,Europe,Southern Europe,Western Europe,0,0,0,0,0,0,0,0,0,0,0,0,0,0,0,0,0,0,0
8,Angola,Africa,Middle Africa,Sub-Saharan Africa,0,0,0,0,0,0,0,0,0,0,0,0,0,0,0,0,0,0,0
9,Anguilla,Americas,Caribbean,Central & South America,0,0,0,0,0,0,0,0,0,0,0,0,0,0,0,0,0,0,0
10,Antarctica,Antarctica,,,0,0,0,0,0,0,0,0,0,0,0,0,0,0,0,0,0,0,0
11,Antigua and Barbuda,Americas,Caribbean,Central & South America,0,0,0,0,0,0,0,0,0,0,0,0,0,0,0,0,0,0,0
12,Argentina,Americas,South America,Central & South America,0,0,0,0,0,0,0,0,0,0,0,0,0,0,0,0,0,0,0
13,Armenia,Asia,Western Asia,West Asia & Northern Africa,133083.8901,99832.06524,58927.75604,13686.20681,747.0613531,294.638776,0,8839.163315,2585.698477,0,0,0,0,0,26152.76871,73679.29655,-0.000024,8364.6934,0.00339651
14,Aruba,Americas,Caribbean,Central & South America,0,0,0,0,0,0,0,0,0,0,0,0,0,0,0,0,0,0,0
15,Arunachal Pradesh,Asia,Eastern Asia,East Asia,0,0,0,0,0,0,0,0,0,0,0,0,0,0,0,0,0,0,0
16,Ashmore and Cartier Islands,Oceania,Australia and New Zealand,Oceania,0,0,0,0,0,0,0,0,0,0,0,0,0,0,0,0,0,0,0
17,Australia,Oceania,Australia and New Zealand,Oceania,290591.4376,242653.1021,180195.0547,0,0,0,0,0,0,0,0,0,0,0,0,242653.1021,0,0,0.000218576
18,Austria,Europe,Western Europe,Western Europe,138677.8979,105707.4435,80582.00376,34052.08813,1904.755147,737.89498,0,22136.84918,3994.809385,0,0,0,0,0,62826.3967,42881.04619,0.000627,0,0.000374706
19,Azerbaijan,Asia,Western Asia,West Asia & Northern Africa,723819.5418,552227.3217,327105.6319,75971.59142,4175.441389,1635.528164,0,49065.8449,18129.03863,0,0,0,0,0,148977.4446,403249.8764,0.000689,86120.2337,0.004046357
20,Bahamas,Americas,Caribbean,Central & South America,2574.224063,1839.59705,977.558662,24.045541,1.280605669,0.488779,0,14.663381,7.961533407,0,0,0,0,0,48.43984,1791.15723,-0.00002,9.6998,0.003085445
21,Bahrain,Asia,Western Asia,West Asia & Northern Africa,3848.446805,2566.934967,1423.028641,330.504096,17.76123244,7.115143,0,213.454293,25.47683012,0,0,0,0,0,594.311592,1972.623444,-0.000069,510.2011,0.008098149
22,Baker Island,Americas,Northern America,North America,0,0,0,0,0,0,0,0,0,0,0,0,0,0,0,0,0,0,0
23,Bangladesh,Asia,Southern Asia,South Asia,167685999,129471090.4,73268392.66,17016877.23,952970.2629,366341.9633,0,10990258.9,6404759.771,0,0,0,0,0,35731208.15,93739882.05,0.187217,34675141.66,0.196587851
24,Barbados,Americas,Caribbean,Central & South America,0,0,0,0,0,0,0,0,0,0,0,0,0,0,0,0,0,0,0
25,Bassas da India,Africa,Eastern Africa,Sub-Saharan Africa,0,0,0,0,0,0,0,0,0,0,0,0,0,0,0,0,0,0,0
26,Belarus,Europe,Eastern Europe,Eastern Europe,494292.1108,361179.2109,247425.5785,84366.09701,4695.40078,1880.43442,0,56413.02899,10897.49944,0,0,0,0,0,158252.4603,202926.754,-0.0034,0,0.001243491
27,Belgium,Europe,Western Europe,Western Europe,200156.4803,152566.2695,114496.9258,46944.16548,2563.606239,942.375653,0,28271.26902,5448.624645,0,0,0,0,0,84170.04102,68396.22821,0.000222,0,0.000387493
28,Belize,Americas,Central America,Central & South America,0,0,0,0,0,0,0,0,0,0,0,0,0,0,0,0,0,0,0
29,Benin,Africa,Western Africa,Sub-Saharan Africa,2085042.37,1764319.1,1156921.427,28457.42443,1493.740786,578.460719,0,17353.82169,6533.37767,0,0,0,0,0,54416.82531,1709902.273,0.001684,95543.8784,0.032560442
30,Bermuda,Americas,Northern America,North America,0,0,0,0,0,0,0,0,0,0,0,0,0,0,0,0,0,0,0
31,Bhutan,Asia,Southern Asia,South Asia,0,0,0,0,0,0,0,0,0,0,0,0,0,0,0,0,0,0,0
32,Bird Island,Americas,Caribbean,Central & South America,0,0,0,0,0,0,0,0,0,0,0,0,0,0,0,0,0,0,0
33,Bolivia,Americas,South America,Central & South America,207019.7648,171566.4612,109036.9637,14194.51293,786.1462807,303.998427,0,9119.952722,4601.296236,0,0,0,0,0,29005.90655,142560.5548,-0.000225,9857.6479,0.000321132
34,Bosnia and Herzegovina,Europe,Southern Europe,Western Europe,0,0,0,0,0,0,0,0,0,0,0,0,0,0,0,0,0,0,0
35,Botswana,Africa,Southern Africa,Sub-Saharan Africa,458111.0572,397852.0021,256515.3226,6309.646584,323.2330202,128.257663,0,3847.729891,394.8681198,0,0,0,0,0,11003.73528,386848.2689,-0.002095,36325.0963,0.006113234
36,Bouvet Island,Antarctica,,,0,0,0,0,0,0,0,0,0,0,0,0,0,0,0,0,0,0,0
37,Brazil,Americas,South America,Central & South America,17461032.53,13806312.23,8867756.468,223157.5877,11596.61931,4542.936127,0,136288.0836,33960.70466,0,0,0,0,0,409545.9315,13396766.31,-0.007674,1000333.606,0.001534928
38,British Indian Ocean Territory,Africa,Eastern Africa,South Asia,0,0,0,0,0,0,0,0,0,0,0,0,0,0,0,0,0,0,0
39,British Virgin Islands,Americas,Caribbean,Central & South America,0,0,0,0,0,0,0,0,0,0,0,0,0,0,0,0,0,0,0
40,Brunei Darussalam,Asia,South-Eastern Asia,East Asia,0,0,0,0,0,0,0,0,0,0,0,0,0,0,0,0,0,0,0
41,Bulgaria,Europe,Eastern Europe,Eastern Europe,1755791.666,1360237.063,933915.7227,382908.9163,20973.6499,7686.664447,0,230599.9327,52794.80411,0,0,0,0,0,694963.9681,665273.1208,-0.025906,0,0.020702332
42,Burkina Faso,Africa,Western Africa,Sub-Saharan Africa,9940874.907,8301514.303,5175595.222,127306.9251,6523.805036,2587.797654,0,77633.92973,8241.879838,0,0,0,0,0,222294.3374,8079219.986,-0.020268,603470.1478,0.031321165
43,Burundi,Africa,Eastern Africa,Sub-Saharan Africa,2279897.295,1913925.914,1204794.109,207327.2983,11533.65615,4453.06206,0,133591.862,70575.61534,0,0,0,0,0,427481.4934,1486444.424,-0.003568,122261.8414,0.118582125
44,Cambodia,Asia,South-Eastern Asia,East Asia,0,0,0,0,0,0,0,0,0,0,0,0,0,0,0,0,0,0,0
45,Cameroon,Africa,Middle Africa,Sub-Saharan Africa,1542047.64,1325791.151,848246.6218,30903.1179,1658.360195,641.658138,0,19249.74432,8322.600972,0,0,0,0,0,60775.48138,1265015.629,0.040158,130722.9911,0.015587592
46,Canada,Americas,Northern America,North America,0,0,0,0,0,0,0,0,0,0,0,0,0,0,0,0,0,0,0
47,Cape Verde,Africa,Western Africa,Sub-Saharan Africa,0,0,0,0,0,0,0,0,0,0,0,0,0,0,0,0,0,0,0
48,Cayman Islands,Americas,Caribbean,Central & South America,0,0,0,0,0,0,0,0,0,0,0,0,0,0,0,0,0,0,0
49,Central African Republic,Africa,Middle Africa,Sub-Saharan Africa,0,0,0,0,0,0,0,0,0,0,0,0,0,0,0,0,0,0,0
50,Chad,Africa,Middle Africa,Sub-Saharan Africa,3773112.532,3238028.001,2059040.05,50647.3259,2594.914453,1029.520045,0,30885.60139,3213.74284,0,0,0,0,0,88371.10463,3149656.9,-0.004131,193430.0816,0.015001633
51,Chile,Americas,South America,Central & South America,528015.2204,417260.1899,263267.9961,6932.962295,358.9566609,141.542068,0,4246.262022,773.1710657,0,0,0,0,0,12452.89411,404807.2977,-0.001892,27521.2897,0.002565113
52,China/India,Asia,Eastern Asia,East Asia,0,0,0,0,0,0,0,0,0,0,0,0,0,0,0,0,0,0,0
53,China,Asia,Eastern Asia,East Asia,9470006.432,6374856.709,3642355.246,845951.5751,47318.13628,18211.77624,0,546353.2863,310932.8374,0,0,0,0,0,1768767.612,4606089.099,-0.001258,627260.5364,0.000687533
54,Christmas Island,Asia,South-Eastern Asia,East Asia,0,0,0,0,0,0,0,0,0,0,0,0,0,0,0,0,0,0,0
55,Clipperton Island,Americas,Central America,Central & South America,0,0,0,0,0,0,0,0,0,0,0,0,0,0,0,0,0,0,0
56,Cocos (Keeling) Islands,Asia,South-Eastern Asia,East Asia,0,0,0,0,0,0,0,0,0,0,0,0,0,0,0,0,0,0,0
57,Colombia,Americas,South America,Central & South America,0,0,0,0,0,0,0,0,0,0,0,0,0,0,0,0,0,0,0
58,Comoros,Africa,Eastern Africa,Sub-Saharan Africa,0,0,0,0,0,0,0,0,0,0,0,0,0,0,0,0,0,0,0
59,Congo,Africa,Middle Africa,Sub-Saharan Africa,0,0,0,0,0,0,0,0,0,0,0,0,0,0,0,0,0,0,0
60,Cook Islands,Oceania,Polynesia,Oceania,0,0,0,0,0,0,0,0,0,0,0,0,0,0,0,0,0,0,0
61,Costa Rica,Americas,Central America,Central & South America,802.41645,656.215354,417.901735,21.861159,1.195673333,0.459933,0,13.797998,7.276619167,0,0,0,0,0,44.591382,611.62397,0.000002,76.2473,9.43E-06
62,Croatia,Europe,Southern Europe,Western Europe,341520.849,270649.536,192022.4861,25696.22848,1357.618337,537.662977,0,16129.88861,3008.540201,0,0,0,0,0,46729.93867,223919.5996,-0.002264,0,0.006501536
63,Cuba,Americas,Caribbean,Central & South America,163742.5125,133891.6933,86488.07253,2127.394063,113.0004263,43.244037,0,1297.321114,662.7096339,0,0,0,0,0,4243.633384,129648.059,0.000877,18563.7513,0.000700339
64,Cyprus,Asia,Western Asia,West Asia & Northern Africa,761632.6139,553904.8318,346128.3393,101007.5025,5503.895951,2215.221537,0,66456.64663,7036.807553,0,0,0,0,0,182220.0741,371684.7685,-0.010819,0,0.056532316
65,Czech Republic,Europe,Eastern Europe,Eastern Europe,125288.4079,91745.65331,61902.8748,25380.40809,1390.664389,509.496323,0,15284.89022,3560.918982,0,0,0,0,0,46126.3779,45619.27344,0.001973,0,0.000643836
66,C?te d'Ivoire,Africa,Western Africa,Sub-Saharan Africa,0,0,0,0,0,0,0,0,0,0,0,0,0,0,0,0,0,0,0
67,Dem People's Rep of Korea,Asia,Eastern Asia,East Asia,0,0,0,0,0,0,0,0,0,0,0,0,0,0,0,0,0,0,0
68,Democratic Republic of the Congo,Africa,Middle Africa,Sub-Saharan Africa,0,0,0,0,0,0,0,0,0,0,0,0,0,0,0,0,0,0,0
69,Denmark,Europe,Northern Europe,Western Europe,0,0,0,0,0,0,0,0,0,0,0,0,0,0,0,0,0,0,0
70,Djibouti,Africa,Eastern Africa,Sub-Saharan Africa,0,0,0,0,0,0,0,0,0,0,0,0,0,0,0,0,0,0,0
71,Dominica,Americas,Caribbean,Central & South America,0,0,0,0,0,0,0,0,0,0,0,0,0,0,0,0,0,0,0
72,Dominican Republic,Americas,Caribbean,Central & South America,0,0,0,0,0,0,0,0,0,0,0,0,0,0,0,0,0,0,0
73,Ecuador,Americas,South America,Central & South America,244320.6935,198109.5828,124942.8839,11650.42249,641.2125722,248.341436,0,7450.243193,3552.972438,0,0,0,0,0,23543.19214,174566.3864,0.004265,23557.8697,0.000810305
74,South Sudan,Africa,Northern Africa,West Asia & Northern Africa,17372862.95,14449056.39,8908299.677,2068988.23,111665.7878,44541.49809,0,1336244.951,222838.8006,0,0,0,0,0,3784279.268,10664777.13,-0.003007,784406.295,0.034677177
75,El Salvador,Americas,Central America,Central & South America,0,0,0,0,0,0,0,0,0,0,0,0,0,0,0,0,0,0,0
76,Equatorial Guinea,Africa,Middle Africa,Sub-Saharan Africa,0,0,0,0,0,0,0,0,0,0,0,0,0,0,0,0,0,0,0
77,Eritrea,Africa,Eastern Africa,Sub-Saharan Africa,508777.5504,437042.1245,276821.9936,11299.87325,601.6192799,235.726999,0,7071.809981,2120.66084,0,0,0,0,0,21329.69034,415712.4347,-0.000561,36343.4639,0.010098748
78,Estonia,Europe,Northern Europe,Western Europe,15448.08029,12426.94256,9669.211011,4196.592307,239.5021206,96.692108,0,2900.763321,493.3496201,0,0,0,0,0,7926.899478,4500.043187,-0.000102,0,0.000297197
79,Ethiopia,Africa,Eastern Africa,Sub-Saharan Africa,3746154.848,3159210.187,2001360.137,239817.8202,13250.60671,5130.827355,0,153924.8205,74973.42119,0,0,0,0,0,487097.4961,2672112.692,-0.001828,433075.943,0.002924812
80,Europa Island,Africa,Eastern Africa,Sub-Saharan Africa,0,0,0,0,0,0,0,0,0,0,0,0,0,0,0,0,0,0,0
81,Falkland Islands (Malvinas),Americas,South America,Central & South America,0,0,0,0,0,0,0,0,0,0,0,0,0,0,0,0,0,0,0
82,Faroe Islands,Europe,Northern Europe,Western Europe,0,0,0,0,0,0,0,0,0,0,0,0,0,0,0,0,0,0,0
83,Fiji,Oceania,Melanesia,Oceania,0,0,0,0,0,0,0,0,0,0,0,0,0,0,0,0,0,0,0
84,Finland,Europe,Northern Europe,Western Europe,0,0,0,0,0,0,0,0,0,0,0,0,0,0,0,0,0,0,0
85,France,Europe,Western Europe,Western Europe,12179535.25,9272704.423,7046526.452,2430718.339,133160.6625,51131.36691,0,1533941.039,279193.2093,0,0,0,0,0,4428144.61,4844559.759,0.053719,0,0.005272744
86,French Guiana,Americas,South America,Central & South America,0,0,0,0,0,0,0,0,0,0,0,0,0,0,0,0,0,0,0
87,French Polynesia,Oceania,Polynesia,Oceania,0,0,0,0,0,0,0,0,0,0,0,0,0,0,0,0,0,0,0
88,French Southern and Antarctic Territories,Antarctica,,,0,0,0,0,0,0,0,0,0,0,0,0,0,0,0,0,0,0,0
89,Gabon,Africa,Middle Africa,Sub-Saharan Africa,0,0,0,0,0,0,0,0,0,0,0,0,0,0,0,0,0,0,0
90,Gambia,Africa,Western Africa,Sub-Saharan Africa,0,0,0,0,0,0,0,0,0,0,0,0,0,0,0,0,0,0,0
91,Gaza Strip,Asia,Western Asia,West Asia & Northern Africa,20321.93785,13981.04462,7842.966431,1821.560188,97.87784052,39.214833,0,1176.444946,138.7618723,0,0,0,0,0,3273.859676,10707.18512,-0.000179,4606.1984,0.023766253
92,Georgia,Asia,Western Asia,West Asia & Northern Africa,165069.173,125445.5538,76575.23391,17784.90455,984.2747072,382.876173,0,11486.28524,5144.704544,0,0,0,0,0,35783.04514,89662.50937,-0.00075,13874.5851,0.002630038
93,Germany,Europe,Western Europe,Western Europe,239495.574,178442.8229,135672.3192,55958.92661,3070.473891,1141.471489,0,34244.14522,6445.29865,0,0,0,0,0,100860.3157,77582.51005,-0.002814,0,8.31E-05
94,Ghana,Africa,Western Africa,Sub-Saharan Africa,0,0,0,0,0,0,0,0,0,0,0,0,0,0,0,0,0,0,0
95,Gibraltar,Europe,Southern Europe,Western Europe,0,0,0,0,0,0,0,0,0,0,0,0,0,0,0,0,0,0,0
96,Glorioso Island,Africa,Eastern Africa,Sub-Saharan Africa,0,0,0,0,0,0,0,0,0,0,0,0,0,0,0,0,0,0,0
97,Greece,Europe,Southern Europe,Western Europe,19194348.82,15549716.04,11022977.75,3289650.744,180537.4672,71676.46711,0,2150294.004,406889.1765,0,0,0,0,0,6099047.861,9450668.099,0.082133,0,0.112130502
98,Greenland,Americas,Northern America,North America,0,0,0,0,0,0,0,0,0,0,0,0,0,0,0,0,0,0,0
99,Grenada,Americas,Caribbean,Central & South America,0,0,0,0,0,0,0,0,0,0,0,0,0,0,0,0,0,0,0
100,Guadeloupe,Americas,Caribbean,Central & South America,0,0,0,0,0,0,0,0,0,0,0,0,0,0,0,0,0,0,0
101,Guam,Oceania,Micronesia,Oceania,0,0,0,0,0,0,0,0,0,0,0,0,0,0,0,0,0,0,0
102,Abyei,Africa,Northern Africa,West Asia & Northern Africa,46298.8831,38573.60828,23761.7894,5518.77076,296.2560678,118.80895,0,3564.268505,382.8430672,0,0,0,0,0,9880.947347,28692.66132,-0.000385,741.0767,0.005543844
103,Guatemala,Americas,Central America,Central & South America,53391.54242,40958.77979,25160.91117,3090.365496,171.5983083,66.138193,0,1984.145776,1072.708559,0,0,0,0,0,6384.956339,34573.82355,-0.000104,3890.5983,0.000245905
104,Guernsey,Europe,Northern Europe,Western Europe,0,0,0,0,0,0,0,0,0,0,0,0,0,0,0,0,0,0,0
105,Guinea-Bissau,Africa,Western Africa,Sub-Saharan Africa,9996.824427,8358.981548,5163.851067,127.018041,6.509626615,2.581926,0,77.457766,8.305936366,0,0,0,0,0,221.873296,8137.108335,-0.000082,655.9375,0.000548514
106,Guinea,Africa,Western Africa,Sub-Saharan Africa,1012092.068,852663.4955,541432.3646,13317.90624,698.9840466,270.716189,0,8121.485624,3047.287866,0,0,0,0,0,25456.37995,827207.1347,-0.019093,74100.5253,0.005009675
107,Guyana,Americas,South America,Central & South America,0,0,0,0,0,0,0,0,0,0,0,0,0,0,0,0,0,0,0
108,Haiti,Americas,Caribbean,Central & South America,4520389.454,3804166.953,2469041.485,79770.2628,4285.295817,1647.080024,0,49412.40091,24531.36283,0,0,0,0,0,159646.4023,3644520.538,0.012012,801669.1127,0.072125354
109,Heard Island and McDonald Islands,Antarctica,,,0,0,0,0,0,0,0,0,0,0,0,0,0,0,0,0,0,0,0
110,Holy See,Europe,Southern Europe,Western Europe,0,0,0,0,0,0,0,0,0,0,0,0,0,0,0,0,0,0,0
111,Honduras,Americas,Central America,Central & South America,0,0,0,0,0,0,0,0,0,0,0,0,0,0,0,0,0,0,0
112,Howland Island,Americas,Northern America,North America,0,0,0,0,0,0,0,0,0,0,0,0,0,0,0,0,0,0,0
113,Hungary,Europe,Eastern Europe,Eastern Europe,176112.3489,134467.0468,92135.38196,37775.8486,2069.23384,758.327272,0,22749.81829,5219.061757,0,0,0,0,0,68572.2899,65894.75834,-0.001409,0,0.001109183
114,Iceland,Europe,Northern Europe,Western Europe,0,0,0,0,0,0,0,0,0,0,0,0,0,0,0,0,0,0,0
115,India,Asia,Southern Asia,South Asia,238862481,182035534.7,101245806.3,23514743.52,1273947.781,506229.0317,0,15186870.96,3170950.797,0,0,0,0,0,43652694.05,138382840.6,0.058602,60315803.44,0.018877528
116,Indonesia,Asia,South-Eastern Asia,East Asia,54225324.79,40099551.77,22717169.66,5276153.524,295401.5734,113585.848,0,3407575.444,1971314.185,0,0,0,0,0,11063707.54,29035844.25,-0.022301,5851280.485,0.044770936
117,Iran  (Islamic Republic of),Asia,Southern Asia,South Asia,16727712.72,13800338.52,8560133.343,1988125.212,106998.301,42800.66673,0,1284020.001,174004.3769,0,0,0,0,0,3595948.557,10204389.97,-0.007848,805238.1799,0.017891062
118,Iraq,Asia,Western Asia,West Asia & Northern Africa,4217149.463,3218286.74,1922166.232,446430.795,24208.24209,9610.831139,0,288324.9334,63146.52291,0,0,0,0,0,831721.3247,2386565.419,-0.003986,393622.4148,0.028111872
119,Ireland,Europe,Northern Europe,Western Europe,0,0,0,0,0,0,0,0,0,0,0,0,0,0,0,0,0,0,0
120,Isle of Man,Europe,Northern Europe,Western Europe,0,0,0,0,0,0,0,0,0,0,0,0,0,0,0,0,0,0,0
121,Israel,Asia,Western Asia,West Asia & Northern Africa,680129.9951,473873.2768,286765.6186,66602.46397,3575.948867,1433.828099,0,43014.84318,4703.192345,0,0,0,0,0,119330.2765,354543.0064,-0.006184,0,0.011063732
122,Italy,Europe,Southern Europe,Western Europe,2302770.094,1877991.817,1337387.364,391071.6979,21470.34958,8579.308984,0,257379.2706,47828.2457,0,0,0,0,0,726328.8729,1151662.916,0.027863,0,0.002986105
123,Jamaica,Americas,Caribbean,Central & South America,1827257.85,1430029.158,842345.8566,21169.21878,1130.344529,430.915529,0,12927.46589,7236.380611,0,0,0,0,0,42894.32531,1387134.825,0.007823,359516.2087,0.120890655
126,Japan,Asia,Eastern Asia,East Asia,0,0,0,0,0,0,0,0,0,0,0,0,0,0,0,0,0,0,0
127,Jarvis Island,Americas,Northern America,North America,0,0,0,0,0,0,0,0,0,0,0,0,0,0,0,0,0,0,0
128,Jersey,Europe,Northern Europe,Western Europe,0,0,0,0,0,0,0,0,0,0,0,0,0,0,0,0,0,0,0
129,Johnston Atoll,Americas,Northern America,North America,0,0,0,0,0,0,0,0,0,0,0,0,0,0,0,0,0,0,0
130,Jordan,Asia,Western Asia,West Asia & Northern Africa,1005936.072,792074.2167,508800.2871,118170.9067,6347.486159,2544.001495,0,76320.04608,8712.504057,0,0,0,0,0,212094.9444,579979.28,-0.007736,0,0.046845842
131,Juan de Nova Island,Africa,Eastern Africa,Sub-Saharan Africa,0,0,0,0,0,0,0,0,0,0,0,0,0,0,0,0,0,0,0
132,Kazakhstan,Asia,Central Asia,West Asia & Northern Africa,494324.6342,399245.4629,241648.4104,56123.81,3132.977815,1208.242054,0,36247.26159,19795.28417,0,0,0,0,0,116507.5756,282737.888,-0.000747,14087.0123,0.001276401
133,Kenya,Africa,Eastern Africa,Sub-Saharan Africa,13159272.01,11105893.32,7106698.668,647876.1185,35608.20885,13804.94285,0,414148.2847,192428.5302,0,0,0,0,0,1303866.085,9802027.239,-0.006581,1412820.006,0.020918162
134,Kingman Reef,Americas,Northern America,North America,0,0,0,0,0,0,0,0,0,0,0,0,0,0,0,0,0,0,0
135,Kiribati,Oceania,Micronesia,Oceania,0,0,0,0,0,0,0,0,0,0,0,0,0,0,0,0,0,0,0
136,Kuril islands,Asia,Eastern Asia,East Asia,0,0,0,0,0,0,0,0,0,0,0,0,0,0,0,0,0,0,0
137,Kuwait,Asia,Western Asia,West Asia & Northern Africa,30194.44818,22467.86852,14041.41341,3261.17462,175.0403725,70.207067,0,2106.212049,222.9936131,0,0,0,0,0,5835.627716,16632.24113,-0.000328,0,0.004317701
138,Kyrgyzstan,Asia,Central Asia,West Asia & Northern Africa,205719.368,166567.3686,103252.3408,23980.76918,1336.821427,516.261709,0,15487.85108,8213.668161,0,0,0,0,0,49535.37154,117031.9964,0.000725,12615.0591,0.001969042
139,Lao People's Democratic Republic,Asia,South-Eastern Asia,East Asia,0,0,0,0,0,0,0,0,0,0,0,0,0,0,0,0,0,0,0
140,Latvia,Europe,Northern Europe,Western Europe,80590.05339,62747.20014,48443.85414,21025.40651,1200.079109,484.43854,0,14533.1565,2491.06384,0,0,0,0,0,39734.14455,23013.05651,-0.000916,0,0.001129586
141,Lebanon,Asia,Western Asia,West Asia & Northern Africa,1477806.441,1105062.811,675992.3514,157001.9278,8531.589659,3379.961735,0,101398.8515,24585.97424,0,0,0,0,0,294898.3053,810164.511,-0.00567,92985.3657,0.055357009
142,Lesotho,Africa,Southern Africa,Sub-Saharan Africa,0,0,0,0,0,0,0,0,0,0,0,0,0,0,0,0,0,0,0
144,Liberia,Africa,Western Africa,Sub-Saharan Africa,0,0,0,0,0,0,0,0,0,0,0,0,0,0,0,0,0,0,0
145,Libya,Africa,Northern Africa,West Asia & Northern Africa,1080532.381,841834.5569,512890.3856,119120.8453,6395.282258,2564.451933,0,76933.5572,8355.208027,0,0,0,0,0,213369.3447,628465.2108,0.001391,193371.0736,0.027363546
146,Liechtenstein,Europe,Western Europe,Western Europe,0,0,0,0,0,0,0,0,0,0,0,0,0,0,0,0,0,0,0
147,Lithuania,Europe,Northern Europe,Western Europe,109163.4991,85660.85926,66261.10662,28758.38156,1641.409095,662.61105,0,19878.3313,3400.736182,0,0,0,0,0,54341.46911,31319.38907,0.001081,0,0.000682569
148,Luxembourg,Europe,Western Europe,Western Europe,31351.08292,23616.43752,17898.83266,7338.587597,400.6949418,147.317707,0,4419.531265,843.4177752,0,0,0,0,0,13149.54931,10466.88896,-0.000753,0,0.001138951
149,Macau,Asia,Eastern Asia,East Asia,0,0,0,0,0,0,0,0,0,0,0,0,0,0,0,0,0,0,0
150,Madagascar,Africa,Eastern Africa,Sub-Saharan Africa,0,0,0,0,0,0,0,0,0,0,0,0,0,0,0,0,0,0,0
151,Madeira Islands,Europe,Southern Europe,Western Europe,0,0,0,0,0,0,0,0,0,0,0,0,0,0,0,0,0,0,0
152,Malawi,Africa,Eastern Africa,Sub-Saharan Africa,0,0,0,0,0,0,0,0,0,0,0,0,0,0,0,0,0,0,0
153,Malaysia,Asia,South-Eastern Asia,East Asia,0,0,0,0,0,0,0,0,0,0,0,0,0,0,0,0,0,0,0
154,Maldives,Asia,Southern Asia,South Asia,0,0,0,0,0,0,0,0,0,0,0,0,0,0,0,0,0,0,0
155,Mali,Africa,Western Africa,Sub-Saharan Africa,18332820.19,15372127.4,9619493.551,236615.904,12124.84428,4809.746852,0,144292.4054,15256.83666,0,0,0,0,0,413099.7372,14959027.62,0.043234,679173.7531,0.053786854
156,Malta,Europe,Southern Europe,Western Europe,38672.83893,30465.37048,21557.16943,6290.833527,345.3249245,137.965903,0,4138.976822,774.0641365,0,0,0,0,0,11687.16536,18778.20483,0.000289,0,0.012320091
157,Marshall Islands,Oceania,Micronesia,Oceania,0,0,0,0,0,0,0,0,0,0,0,0,0,0,0,0,0,0,0
158,Martinique,Americas,Caribbean,Central & South America,0,0,0,0,0,0,0,0,0,0,0,0,0,0,0,0,0,0,0
159,Mauritania,Africa,Western Africa,Sub-Saharan Africa,375179.4895,309023.5237,190598.5213,4688.255235,240.2723119,95.29926,0,2858.977823,306.705853,0,0,0,0,0,8189.510483,300834.0145,-0.001299,14600.1525,0.003957018
160,Mauritius,Africa,Eastern Africa,Sub-Saharan Africa,0,0,0,0,0,0,0,0,0,0,0,0,0,0,0,0,0,0,0
161,Mayotte,Africa,Eastern Africa,Sub-Saharan Africa,0,0,0,0,0,0,0,0,0,0,0,0,0,0,0,0,0,0,0
162,Mexico,Americas,Central America,Central & South America,1992830.947,1497959.621,932418.8514,82175.71881,4520.191838,1749.975326,0,52499.25973,25167.60551,0,0,0,0,0,166112.7512,1331846.867,0.003673,148459.1755,0.001303653
163,Micronesia (Federated States of),Oceania,Micronesia,Oceania,0,0,0,0,0,0,0,0,0,0,0,0,0,0,0,0,0,0,0
164,Midway Island,Americas,Northern America,North America,0,0,0,0,0,0,0,0,0,0,0,0,0,0,0,0,0,0,0
165,"Moldova, Republic of",Europe,Eastern Europe,Eastern Europe,688508.4796,537899.6102,375580.0327,87229.96382,4717.596047,1877.900144,0,56337.00513,10677.30698,0,0,0,0,0,160839.7723,377059.8456,-0.007728,0,0.014822263
166,Monaco,Europe,Western Europe,Western Europe,0,0,0,0,0,0,0,0,0,0,0,0,0,0,0,0,0,0,0
167,Mongolia,Asia,Eastern Asia,East Asia,3779522.029,3000726.053,1941450.495,450909.6418,25094.42009,9707.252482,0,291217.5736,148911.0302,0,0,0,0,0,925839.9179,2074886.125,0.009656,41796.5294,0.025092539
168,Montserrat,Americas,Caribbean,Central & South America,0,0,0,0,0,0,0,0,0,0,0,0,0,0,0,0,0,0,0
169,Morocco,Africa,Northern Africa,West Asia & Northern Africa,3711010.758,3077160.014,1854473.182,430708.8132,23266.90469,9272.365889,0,278170.9752,49172.26321,0,0,0,0,0,790591.3223,2286568.692,-0.000931,319506.3877,0.019114526
170,Mozambique,Africa,Eastern Africa,Sub-Saharan Africa,490155.4963,419777.7739,267048.4303,6658.454323,344.5287311,135.468466,0,4064.054017,838.2897833,0,0,0,0,0,12040.79534,407736.9827,-0.004115,26863.4117,0.01056522
171,Myanmar,Asia,South-Eastern Asia,East Asia,5504222.216,4426164.064,2647388.657,614866.6052,33312.01359,13236.94326,0,397108.2977,83019.74889,0,0,0,0,0,1141543.609,3284620.456,-0.000888,684358.4233,0.006259566
172,Namibia,Africa,Southern Africa,Sub-Saharan Africa,0,0,0,0,0,0,0,0,0,0,0,0,0,0,0,0,0,0,0
173,Nauru,Oceania,Micronesia,Oceania,0,0,0,0,0,0,0,0,0,0,0,0,0,0,0,0,0,0,0
174,Navassa Island,Americas,Northern America,North America,0,0,0,0,0,0,0,0,0,0,0,0,0,0,0,0,0,0,0
175,Nepal,Asia,Southern Asia,South Asia,7020392.369,5760187.43,3683472.871,855501.3067,46934.9394,18417.36434,0,552520.9303,193045.659,0,0,0,0,0,1666420.2,4093767.224,0.006503,1168404.19,0.014954155
176,Netherlands Antilles,Americas,Caribbean,Central & South America,0,0,0,0,0,0,0,0,0,0,0,0,0,0,0,0,0,0,0
177,Netherlands,Europe,Western Europe,Western Europe,2986992.82,2236767.065,1658970.923,680184.283,37151.72131,13654.28647,0,409628.5972,79882.03655,0,0,0,0,0,1220500.925,1016266.197,-0.05695,0,0.002810002
178,New Caledonia,Oceania,Melanesia,Oceania,0,0,0,0,0,0,0,0,0,0,0,0,0,0,0,0,0,0,0
179,New Zealand,Oceania,Australia and New Zealand,Oceania,0,0,0,0,0,0,0,0,0,0,0,0,0,0,0,0,0,0,0
180,Nicaragua,Americas,Central America,Central & South America,0,0,0,0,0,0,0,0,0,0,0,0,0,0,0,0,0,0,0
181,Niger,Africa,Western Africa,Sub-Saharan Africa,24222089.2,20071162.83,12382516.75,304579.4837,15609.611,6191.258471,0,185737.7548,19920.62942,0,0,0,0,0,532038.7374,19539123.96,0.129843,2281290.285,0.074481437
182,Nigeria,Africa,Western Africa,Sub-Saharan Africa,0,0,0,0,0,0,0,0,0,0,0,0,0,0,0,0,0,0,0
183,Niue,Oceania,Polynesia,Oceania,0,0,0,0,0,0,0,0,0,0,0,0,0,0,0,0,0,0,0
184,Norfolk Island,Oceania,Australia and New Zealand,Oceania,0,0,0,0,0,0,0,0,0,0,0,0,0,0,0,0,0,0,0
185,Northern Mariana Islands,Oceania,Micronesia,Oceania,0,0,0,0,0,0,0,0,0,0,0,0,0,0,0,0,0,0,0
186,Norway,Europe,Northern Europe,Western Europe,29909.60498,23187.10884,17873.53174,7757.399456,442.7843263,178.735315,0,5362.059542,920.5282452,0,0,0,0,0,14661.50686,8525.602018,-0.000043,0,0.000146545
187,Oman,Asia,Western Asia,West Asia & Northern Africa,309691.5319,226167.8599,134721.4664,31289.59946,1680.233846,673.607319,0,20208.22021,2244.715922,0,0,0,0,0,56096.37677,170071.4825,0.000702,31073.5095,0.014509857
188,Pakistan,Asia,Southern Asia,South Asia,32215425.06,24726092.29,14001702.24,3251951.35,174882.2616,70008.51109,0,2100255.333,266948.8719,0,0,0,0,0,5864046.328,18862045.94,0.018764,7518792.551,0.010850942
189,Palau,Oceania,Micronesia,Oceania,0,0,0,0,0,0,0,0,0,0,0,0,0,0,0,0,0,0,0
190,Palmyra Atoll,Americas,Northern America,North America,0,0,0,0,0,0,0,0,0,0,0,0,0,0,0,0,0,0,0
191,Panama,Americas,Central America,Central & South America,0,0,0,0,0,0,0,0,0,0,0,0,0,0,0,0,0,0,0
192,Papua New Guinea,Oceania,Melanesia,Oceania,11737.04417,9348.31825,6830.626983,0,0,0,0,0,0,0,0,0,0,0,0,9348.31825,0,0,0.000639278
193,Paracel Islands,Asia,South-Eastern Asia,East Asia,0,0,0,0,0,0,0,0,0,0,0,0,0,0,0,0,0,0,0
194,Paraguay,Americas,South America,Central & South America,0,0,0,0,0,0,0,0,0,0,0,0,0,0,0,0,0,0,0
195,Peru,Americas,South America,Central & South America,606365.3311,473543.2738,285788.614,36031.45797,1995.229589,771.374269,0,23141.22806,11715.06469,0,0,0,0,0,73654.35457,399888.9187,0.000548,30306.9643,0.001773594
196,Philippines,Asia,South-Eastern Asia,East Asia,0,0,0,0,0,0,0,0,0,0,0,0,0,0,0,0,0,0,0
197,Pitcairn,Oceania,Polynesia,Oceania,0,0,0,0,0,0,0,0,0,0,0,0,0,0,0,0,0,0,0
198,Poland,Europe,Eastern Europe,Eastern Europe,597550.4138,456748.0437,311944.3829,127899.2966,7006.368978,2567.551677,0,77026.54799,17727.7868,0,0,0,0,0,232227.5519,224520.4967,-0.0049,0,0.000672756
199,Portugal,Europe,Southern Europe,Western Europe,299748.0008,231329.8304,163432.7491,51771.74921,2870.210635,1149.230177,0,34476.90462,6458.314499,0,0,0,0,0,96726.40924,134603.4185,0.002726,0,0.00142285
200,Puerto Rico,Americas,Caribbean,Central & South America,0,0,0,0,0,0,0,0,0,0,0,0,0,0,0,0,0,0,0
201,Qatar,Asia,Western Asia,West Asia & Northern Africa,73429.79259,50241.94298,25878.22673,6010.321319,323.2607212,129.391129,0,3881.734061,498.6512859,0,0,0,0,0,10843.35852,39398.58412,0.000335,18667.9618,0.032471405
202,Republic of Korea,Asia,Eastern Asia,East Asia,407292.5715,305308.1579,199231.9494,46272.41983,2571.423232,996.159719,0,29884.79239,14754.46745,0,0,0,0,0,94477.75107,210830.4097,-0.002929,0,0.000973552
203,Romania,Europe,Eastern Europe,Eastern Europe,0,0,0,0,0,0,0,0,0,0,0,0,0,0,0,0,0,0,0
204,Russian Federation,Europe,Eastern Europe,Russian Federation,7448085.985,5573633.548,3830660.129,1397786.231,78312.99174,31411.41205,0,942342.3882,181444.0609,0,0,0,0,0,2631297.084,2942336.281,0.183158,0,0.003978069
205,Rwanda,Africa,Eastern Africa,Sub-Saharan Africa,5691787.162,4716647.679,2996576.819,519935.0243,28912.69244,11168.2007,0,335046.0192,175265.2249,0,0,0,0,0,1070327.162,3646320.528,-0.010991,702276.8972,0.112218257
206,R?union,Africa,Eastern Africa,Sub-Saharan Africa,0,0,0,0,0,0,0,0,0,0,0,0,0,0,0,0,0,0,0
207,Saint Helena,Africa,Western Africa,Sub-Saharan Africa,0,0,0,0,0,0,0,0,0,0,0,0,0,0,0,0,0,0,0
208,Saint Kitts and Nevis,Americas,Caribbean,Central & South America,0,0,0,0,0,0,0,0,0,0,0,0,0,0,0,0,0,0,0
209,Saint Lucia,Americas,Caribbean,Central & South America,0,0,0,0,0,0,0,0,0,0,0,0,0,0,0,0,0,0,0
210,Saint Pierre et Miquelon,Americas,Northern America,Oceania,0,0,0,0,0,0,0,0,0,0,0,0,0,0,0,0,0,0,0
211,Saint Vincent and the Grenadines,Americas,Caribbean,Central & South America,0,0,0,0,0,0,0,0,0,0,0,0,0,0,0,0,0,0,0
212,Samoa,Oceania,Polynesia,Oceania,0,0,0,0,0,0,0,0,0,0,0,0,0,0,0,0,0,0,0
213,San Marino,Europe,Southern Europe,Western Europe,0,0,0,0,0,0,0,0,0,0,0,0,0,0,0,0,0,0,0
214,Sao Tome and Principe,Africa,Middle Africa,Sub-Saharan Africa,0,0,0,0,0,0,0,0,0,0,0,0,0,0,0,0,0,0,0
215,Saudi Arabia,Asia,Western Asia,West Asia & Northern Africa,1230748.525,942117.1888,596862.8772,138623.7919,7439.52791,2984.314377,0,89529.43118,9350.513116,0,0,0,0,0,247927.5785,694189.618,-0.007659,0,0.012669754
216,Scarborough Reef,Asia,South-Eastern Asia,East Asia,0,0,0,0,0,0,0,0,0,0,0,0,0,0,0,0,0,0,0
217,Senegal,Africa,Western Africa,Sub-Saharan Africa,4446847.578,3819355.284,2425486.024,59660.99621,3056.767558,1212.743029,0,36382.29091,3790.710171,0,0,0,0,0,104103.5079,3715251.773,0.003038,419272.1912,0.033916082
218,Senkaku Islands,Asia,Eastern Asia,East Asia,0,0,0,0,0,0,0,0,0,0,0,0,0,0,0,0,0,0,0
220,Seychelles,Africa,Eastern Africa,Sub-Saharan Africa,0,0,0,0,0,0,0,0,0,0,0,0,0,0,0,0,0,0,0
221,Sierra Leone,Africa,Western Africa,Sub-Saharan Africa,0,0,0,0,0,0,0,0,0,0,0,0,0,0,0,0,0,0,0
222,Singapore,Asia,South-Eastern Asia,East Asia,0,0,0,0,0,0,0,0,0,0,0,0,0,0,0,0,0,0,0
223,Slovakia,Europe,Eastern Europe,Eastern Europe,111795.6125,85689.5558,58769.88328,24095.87037,1319.866548,483.71001,0,14511.29991,3325.864048,0,0,0,0,0,43736.61087,41952.94843,-0.003512,0,0.00144687
224,Slovenia,Europe,Southern Europe,Western Europe,15113.36234,11789.93807,8319.245312,3610.685413,206.3934681,83.192457,0,2495.773657,468.0605252,0,0,0,0,0,6864.105522,4925.832779,-0.000228,0,0.000245111
225,Solomon Islands,Oceania,Melanesia,Oceania,0,0,0,0,0,0,0,0,0,0,0,0,0,0,0,0,0,0,0
226,Somalia,Africa,Eastern Africa,Sub-Saharan Africa,5268998.947,4535744.986,2901922.557,71380.16422,3656.952443,1450.961301,0,43528.83891,4501.726989,0,0,0,0,0,124518.6439,4411226.357,-0.015396,344174.9664,0.031390584
227,South Africa,Africa,Southern Africa,Sub-Saharan Africa,0,0,0,0,0,0,0,0,0,0,0,0,0,0,0,0,0,0,0
228,South Georgia and the South Sandwich Islands,Antarctica,,,0,0,0,0,0,0,0,0,0,0,0,0,0,0,0,0,0,0,0
229,Spain,Europe,Southern Europe,Western Europe,14539072.31,11315764.71,7990702.586,2334831.469,128191.7329,51215.86892,0,1536476.058,287935.1375,0,0,0,0,0,4338650.253,6977114.487,-0.024801,0,0.013555925
230,Spratly Islands,Asia,South-Eastern Asia,East Asia,0,0,0,0,0,0,0,0,0,0,0,0,0,0,0,0,0,0,0
231,Sri Lanka,Asia,Southern Asia,South Asia,1016072.405,825729.9178,479965.6378,111473.9391,6232.854794,2399.828195,0,71994.84555,40652.67063,0,0,0,0,0,232754.1382,592975.781,-0.001408,125131.9557,0.019644625
233,Suriname,Americas,South America,Central & South America,0,0,0,0,0,0,0,0,0,0,0,0,0,0,0,0,0,0,0
234,Svalbard and Jan Mayen Islands,Europe,Northern Europe,Western Europe,0,0,0,0,0,0,0,0,0,0,0,0,0,0,0,0,0,0,0
235,Swaziland,Africa,Southern Africa,Sub-Saharan Africa,0,0,0,0,0,0,0,0,0,0,0,0,0,0,0,0,0,0,0
236,Sweden,Europe,Northern Europe,Western Europe,0,0,0,0,0,0,0,0,0,0,0,0,0,0,0,0,0,0,0
237,Switzerland,Europe,Western Europe,Western Europe,182111.9034,138645.6793,106208.0011,41427.89213,2333.787991,939.270113,0,28178.1025,4867.770636,0,0,0,0,0,77746.82323,60898.85747,-0.001409,0,0.000545994
238,Syrian Arab Republic,Asia,Western Asia,West Asia & Northern Africa,4877325.382,3544914.85,1948055.031,452443.5707,24347.87974,9740.275154,0,292208.2543,39328.44474,0,0,0,0,0,818068.4243,2726846.424,0.00249,376117.8489,0.040029551
239,Tajikistan,Asia,Central Asia,West Asia & Northern Africa,422798.3338,310986.3195,173537.4925,40304.77683,2197.080304,867.687456,0,26030.62368,7223.603151,0,0,0,0,0,76623.77143,234362.5484,-0.000327,68484.0433,0.002780945
240,Thailand,Asia,South-Eastern Asia,East Asia,0,0,0,0,0,0,0,0,0,0,0,0,0,0,0,0,0,0,0
241,The former Yugoslav Republic of Macedonia,Europe,Southern Europe,Western Europe,399066.8331,316128.367,224258.0889,30009.96043,1585.530901,627.922625,0,18837.6793,3514.082813,0,0,0,0,0,54575.17619,261553.1902,0.000565,0,0.018450324
242,Timor-Leste,Asia,South-Eastern Asia,East Asia,305409.9813,243050.6344,155090.3905,36020.36325,2005.283706,775.451945,0,23263.55813,11981.16634,0,0,0,0,0,74045.82354,169004.8079,0.002963,43299.1711,0.030810918
243,Togo,Africa,Western Africa,Sub-Saharan Africa,0,0,0,0,0,0,0,0,0,0,0,0,0,0,0,0,0,0,0
244,Tokelau,Oceania,Polynesia,Oceania,0,0,0,0,0,0,0,0,0,0,0,0,0,0,0,0,0,0,0
245,Tonga,Oceania,Polynesia,Oceania,0,0,0,0,0,0,0,0,0,0,0,0,0,0,0,0,0,0,0
246,Trinidad and Tobago,Americas,Caribbean,Central & South America,0,0,0,0,0,0,0,0,0,0,0,0,0,0,0,0,0,0,0
247,Tromelin Island,Africa,Eastern Africa,Sub-Saharan Africa,0,0,0,0,0,0,0,0,0,0,0,0,0,0,0,0,0,0,0
248,Tunisia,Africa,Northern Africa,West Asia & Northern Africa,1586552.804,1293165.345,787093.9964,182805.7294,9814.449897,3935.469976,0,118064.0989,12834.66606,0,0,0,0,0,327454.4143,965710.9288,0.001443,159218.1675,0.019723341
249,Turkey,Asia,Western Asia,West Asia & Northern Africa,19480277.51,14979929.97,9159048.222,2127225.588,114910.8848,45795.24111,0,1373857.231,242603.4098,0,0,0,0,0,3904392.354,11075537.62,-0.008668,755266.1562,0.028872489
250,Turkmenistan,Asia,Central Asia,West Asia & Northern Africa,0,0,0,0,0,0,0,0,0,0,0,0,0,0,0,0,0,0,0
251,Turks and Caicos islands,Americas,Caribbean,Central & South America,0,0,0,0,0,0,0,0,0,0,0,0,0,0,0,0,0,0,0
252,Tuvalu,Oceania,Polynesia,Oceania,0,0,0,0,0,0,0,0,0,0,0,0,0,0,0,0,0,0,0
253,Uganda,Africa,Eastern Africa,Sub-Saharan Africa,0,0,0,0,0,0,0,0,0,0,0,0,0,0,0,0,0,0,0
254,Ukraine,Europe,Eastern Europe,Eastern Europe,4954676.49,3759844.047,2604033.972,0,0,0,0,0,0,0,0,0,0,0,0,3759844.047,0,0,0.01028402
255,United Arab Emirates,Asia,Western Asia,West Asia & Northern Africa,276180.1684,197831.5416,110718.8843,25714.90416,1381.77276,553.59444,0,16607.83275,1963.47805,0,0,0,0,0,46221.58212,151609.9621,-0.002639,40159.8668,0.016174078
256,U.K. of Great Britain and Northern Ireland,Europe,Northern Europe,Western Europe,0,0,0,0,0,0,0,0,0,0,0,0,0,0,0,0,0,0,0
257,United Republic of Tanzania,Africa,Eastern Africa,Sub-Saharan Africa,10492187.68,8937199.589,5587146.926,244284.1089,13185.85735,5109.143614,0,153274.3098,66173.80112,0,0,0,0,0,482027.2214,8455172.401,-0.033415,1129802.093,0.023833684
258,United States Virgin Islands,Americas,Caribbean,Central & South America,0,0,0,0,0,0,0,0,0,0,0,0,0,0,0,0,0,0,0
259,United States of America,Americas,Northern America,North America,3712140.19,2953820.165,2072406.228,481324.632,26032.40126,10362.03124,0,310860.9383,58641.00196,0,0,0,0,0,887209.9317,2066610.193,0.040273,0,0.00036891
260,Uruguay,Americas,South America,Central & South America,0,0,0,0,0,0,0,0,0,0,0,0,0,0,0,0,0,0,0
261,Uzbekistan,Asia,Central Asia,West Asia & Northern Africa,2512135.583,1975621.695,1124349.893,261134.7601,14322.31734,5621.74946,0,168652.4838,58371.38522,0,0,0,0,0,508102.696,1467518.995,0.004273,484152.8593,0.004111975
262,Vanuatu,Oceania,Melanesia,Oceania,0,0,0,0,0,0,0,0,0,0,0,0,0,0,0,0,0,0,0
263,Venezuela,Americas,South America,Central & South America,0,0,0,0,0,0,0,0,0,0,0,0,0,0,0,0,0,0,0
264,Viet Nam,Asia,South-Eastern Asia,East Asia,0,0,0,0,0,0,0,0,0,0,0,0,0,0,0,0,0,0,0
265,Wake Island,Oceania,Micronesia,Oceania,0,0,0,0,0,0,0,0,0,0,0,0,0,0,0,0,0,0,0
266,Wallis and Futuna,Oceania,Polynesia,Oceania,0,0,0,0,0,0,0,0,0,0,0,0,0,0,0,0,0,0,0
267,West Bank,Asia,Western Asia,West Asia & Northern Africa,670184.8857,491803.3364,284701.7961,66123.13007,3551.813568,1423.50902,0,42705.26798,4881.148144,0,0,0,0,0,118684.8689,373118.4712,-0.003637,146006.2766,0.07249958
268,Western Sahara,Africa,Northern Africa,West Asia & Northern Africa,0,0,0,0,0,0,0,0,0,0,0,0,0,0,0,0,0,0,0
269,Yemen,Asia,Western Asia,West Asia & Northern Africa,3732958.804,2819344.117,1663946.9,386458.3238,20760.56814,8319.734486,0,249592.0367,28779.80537,0,0,0,0,0,693910.4684,2125433.645,0.003816,636499.3172,0.020628112
270,Zambia,Africa,Eastern Africa,Sub-Saharan Africa,0,0,0,0,0,0,0,0,0,0,0,0,0,0,0,0,0,0,0
271,Zimbabwe,Africa,Eastern Africa,Sub-Saharan Africa,0,0,0,0,0,0,0,0,0,0,0,0,0,0,0,0,0,0,0
2647,Montenegro,Europe,Southern Europe,Western Europe,0,0,0,0,0,0,0,0,0,0,0,0,0,0,0,0,0,0,0
2648,Serbia,Europe,Southern Europe,Western Europe,0,0,0,0,0,0,0,0,0,0,0,0,0,0,0,0,0,0,0
33364,Hong Kong,Asia,Eastern Asia,East Asia,0,0,0,0,0,0,0,0,0,0,0,0,0,0,0,0,0,0,0
40760,Hala'ib triangle,Africa,Northern Africa,West Asia & Northern Africa,0,0,0,0,0,0,0,0,0,0,0,0,0,0,0,0,0,0,0
40762,Ma'tan al-Sarra,Africa,Northern Africa,West Asia & Northern Africa,0,0,0,0,0,0,0,0,0,0,0,0,0,0,0,0,0,0,0
40765,Egypt,Africa,Northern Africa,West Asia & Northern Africa,5755697.379,4502574.68,2772953.515,644029.5405,34572.57701,13864.76757,0,415943.0268,44688.05369,0,0,0,0,0,1153097.966,3349476.677,0.037954,1134647.932,0.016187439
40781,Jammu and Kashmir,Asia,Eastern Asia,East Asia,0,0,0,0,0,0,0,0,0,0,0,0,0,0,0,0,0,0,0
61013,Ilemi triangle,Africa,Northern Africa,West Asia & Northern Africa,0,0,0,0,0,0,0,0,0,0,0,0,0,0,0,0,0,0,0
74578,Azores Islands,Europe,Southern Europe,Western Europe,0,0,0,0,0,0,0,0,0,0,0,0,0,0,0,0,0,0,0
